{"properties":[{"Key":"ParentID","DisplayName":"ParentID","FieldType":"String","DefaultValue":"","Description":"The ParentID of this div","List":""},{"Key":"FullPage","DisplayName":"Full Page","FieldType":"Boolean","DefaultValue":"False","Description":"Full Page","List":""},{"Key":"RawImageUrl","DisplayName":"Image Urls","FieldType":"String","DefaultValue":"./assets/img_2.jpg","Description":"Url For Images - use ;","List":""},{"Key":"TotalItems","DisplayName":"Total Items","FieldType":"Int","DefaultValue":"0","Description":"Total Items","List":""},{"Key":"ActiveItem","DisplayName":"Active Item","FieldType":"Int","DefaultValue":"1","Description":"Active Item","List":""},{"Key":"ActiveColor","DisplayName":"Active Color","FieldType":"String","DefaultValue":"primary","Description":"Active Color","List":""},{"Key":"Height","DisplayName":"Height","FieldType":"String","DefaultValue":"500px","Description":"Height","List":""},{"Key":"Width","DisplayName":"Width","FieldType":"String","DefaultValue":"500px","Description":"Width","List":""},{"Key":"ImageHeight","DisplayName":"Image Height","FieldType":"String","DefaultValue":"400px","Description":"Image Height","List":""},{"Key":"ImageWidth","DisplayName":"Image Width","FieldType":"String","DefaultValue":"300px","Description":"Image Width","List":""},{"Key":"IndicatorButtons","DisplayName":"Indicator Buttons","FieldType":"Boolean","DefaultValue":"False","Description":"Indicator Buttons","List":""},{"Key":"NavigationButtons","DisplayName":"Navigation Buttons","FieldType":"Boolean","DefaultValue":"False","Description":"Navigation Buttons","List":""},{"Key":"ItemAlignment","DisplayName":"Item Alignment","FieldType":"String","DefaultValue":"center","Description":"Item Alignment","List":"center|end|none"},{"Key":"RoundedBox","DisplayName":"Rounded Box","FieldType":"Boolean","DefaultValue":"False","Description":"Rounded Box","List":""},{"Key":"Shadow","DisplayName":"Shadow","FieldType":"Boolean","DefaultValue":"True","Description":"Shadow","List":""},{"Key":"Vertical","DisplayName":"Vertical","FieldType":"Boolean","DefaultValue":"False","Description":"Vertical","List":""},{"Key":"FullBleed","DisplayName":"Full Bleed","FieldType":"Boolean","DefaultValue":"False","Description":"FullBleed","List":""},{"Key":"FullWItems","DisplayName":"Full Width Items","FieldType":"Boolean","DefaultValue":"False","Description":"Full Width Items","List":""},{"Key":"FullHItems","DisplayName":"Full Height Items","FieldType":"Boolean","DefaultValue":"False","Description":"Full Height Items","List":""},{"Key":"BgColor","DisplayName":"Bg Color","FieldType":"String","DefaultValue":"","Description":"Background Color","List":""},{"Key":"Visible","DisplayName":"Visible","FieldType":"Boolean","DefaultValue":"True","Description":"If visible.","List":""},{"Key":"MarginAXYTBLR","DisplayName":"Margins","FieldType":"String","DefaultValue":"a=?; x=?; y=?; t=?; b=?; l=?; r=?","Description":"Margins A-X-Y-T-B-L-R","List":""},{"Key":"PaddingAXYTBLR","DisplayName":"Paddings","FieldType":"String","DefaultValue":"a=?; x=?; y=?; t=?; b=?; l=?; r=?","Description":"Paddings A-X-Y-T-B-L-R","List":""},{"Key":"RawClasses","DisplayName":"Classes","FieldType":"String","DefaultValue":"","Description":"Classes added to the HTML tag.","List":""},{"Key":"RawStyles","DisplayName":"Styles","FieldType":"String","DefaultValue":"","Description":"Styles added to the HTML tag. Must be a json String- use =","List":""},{"Key":"RawAttributes","DisplayName":"Attributes","FieldType":"String","DefaultValue":"","Description":"Attributes added to the HTML tag. Must be a json String- use =","List":""}],"events":[{"name":"Change (Index As Int)"}],"methods":[{"name":"setBGColor","signature":"setBGColor(s As String)"},{"name":"getBGColor","signature":"getBGColor As String"},{"name":"setActiveColor","signature":"setActiveColor(s As String)"},{"name":"getActiveColor","signature":"getActiveColor As String"},{"name":"setImageURLs","signature":"setImageURLs(s As String)"},{"name":"setTotalItems","signature":"setTotalItems(i As String)"},{"name":"setActiveItem","signature":"setActiveItem(i As Int)"},{"name":"getActiveItem","signature":"getActiveItem As Int"},{"name":"setIndicatorButtons","signature":"setIndicatorButtons(b As Boolean)"},{"name":"setNavigationButtons","signature":"setNavigationButtons(b As Boolean)"},{"name":"Initialize","signature":"Initialize (CallBack As Object, cName As String, EventName As String)"},{"name":"AddCarousel","signature":"AddCarousel(mCallback As Object, ParentID As String, ID As String, iWidth As String, iHeight As String)"},{"name":"AssignElement","signature":"AssignElement(mCallBack As Object, ID As String)"},{"name":"AddImage","signature":"AddImage(id As String, imageURL As String, imageAlt As String) As SDUICarouselItem"},{"name":"AddItem","signature":"AddItem(id As String) As SDUICarouselItem"},{"name":"AddImagePos","signature":"AddImagePos(pos As Int, url As String, alt As String)"},{"name":"AddNextItem","signature":"AddNextItem As SDUIDiv"},{"name":"Panel","signature":"Panel(id As String) As SDUIDiv"},{"name":"PanelAt","signature":"PanelAt(pos As Int) As SDUIDiv"},{"name":"PanelContentAt","signature":"PanelContentAt(pos As Int) As SDUIDiv"},{"name":"RoundedBox","signature":"RoundedBox"},{"name":"setW","signature":"setW(w As String)"},{"name":"setH","signature":"setH(h As String)"},{"name":"Clear","signature":"Clear"},{"name":"setWFull","signature":"setWFull(c As Boolean)"},{"name":"setHFull","signature":"setHFull(c As Boolean)"},{"name":"setFullBleed","signature":"setFullBleed(c As Boolean)"},{"name":"AddClass","signature":"AddClass(xText As String)"},{"name":"ToggleClass","signature":"ToggleClass(s As String)"},{"name":"RemoveClass","signature":"RemoveClass(xText As String)"},{"name":"RemoveStyle","signature":"RemoveStyle(s As String)"},{"name":"On","signature":"On(event As String, CallBack As Object, MethodName As String)"},{"name":"getHere","signature":"getHere As String"},{"name":"getName","signature":"getName As String"},{"name":"Show","signature":"Show"},{"name":"Hide","signature":"Hide"},{"name":"Enable","signature":"Enable"},{"name":"Disable","signature":"Disable"},{"name":"Center","signature":"Center"},{"name":"AtEnd","signature":"AtEnd"},{"name":"Vertical","signature":"Vertical"},{"name":"setShadow","signature":"setShadow(s As Boolean)"},{"name":"LoadComponentJson","signature":"LoadComponentJson(designName As String)"},{"name":"AddToParent","signature":"AddToParent(targetID As String, props As Map)"},{"name":"HideOnSmall","signature":"HideOnSmall"},{"name":"HideOnMedium","signature":"HideOnMedium"},{"name":"HideOnLarge","signature":"HideOnLarge"},{"name":"LinkExisting","signature":"LinkExisting"},{"name":"setParentID","signature":"setParentID(s As String)"},{"name":"setImageUrl","signature":"setImageUrl(s As String)"},{"name":"setHeight","signature":"setHeight(s As String)"},{"name":"setWidth","signature":"setWidth(s As String)"},{"name":"setImageHeight","signature":"setImageHeight(s As String)"},{"name":"setImageWidth","signature":"setImageWidth(s As String)"},{"name":"setItemAlignment","signature":"setItemAlignment(s As String)"},{"name":"setFullWItems","signature":"setFullWItems(b As Boolean)"},{"name":"setFullHItems","signature":"setFullHItems(b As Boolean)"},{"name":"setVisible","signature":"setVisible(b As Boolean)"},{"name":"setMarginAXYTBLR","signature":"setMarginAXYTBLR(s As String)"},{"name":"setPaddingAXYTBLR","signature":"setPaddingAXYTBLR(s As String)"},{"name":"setClasses","signature":"setClasses(s As String)"},{"name":"setStyles","signature":"setStyles(s As String)"},{"name":"setAttributes","signature":"setAttributes(s As String)"},{"name":"getParentID","signature":"getParentID As String"},{"name":"getImageUrl","signature":"getImageUrl As String"},{"name":"getTotalItems","signature":"getTotalItems As String"},{"name":"getHeight","signature":"getHeight As String"},{"name":"getWidth","signature":"getWidth As String"},{"name":"getImageHeight","signature":"getImageHeight As String"},{"name":"getImageWidth","signature":"getImageWidth As String"},{"name":"getIndicatorButtons","signature":"getIndicatorButtons As Boolean"},{"name":"getNavigationButtons","signature":"getNavigationButtons As Boolean"},{"name":"getItemAlignment","signature":"getItemAlignment As String"},{"name":"getShadow","signature":"getShadow As Boolean"},{"name":"getFullBleed","signature":"getFullBleed As Boolean"},{"name":"getFullWItems","signature":"getFullWItems As Boolean"},{"name":"getFullHItems","signature":"getFullHItems As Boolean"},{"name":"getVisible","signature":"getVisible As Boolean"},{"name":"getMarginAXYTBLR","signature":"getMarginAXYTBLR As String"},{"name":"getPaddingAXYTBLR","signature":"getPaddingAXYTBLR As String"},{"name":"getClasses","signature":"getClasses As String"},{"name":"getStyles","signature":"getStyles As String"},{"name":"getAttributes","signature":"getAttributes As String"},{"name":"setFullPage","signature":"setFullPage(b As Boolean)"},{"name":"getFullPage","signature":"getFullPage As Boolean"}]}