{"properties":[{"Key":"ParentID","DisplayName":"ParentID","FieldType":"String","DefaultValue":"","Description":"The ParentID of this div","List":""},{"Key":"HasNavbar","DisplayName":"Has Navbar","FieldType":"Boolean","DefaultValue":"False","Description":"Has Navbar","List":""},{"Key":"ClippedLeft","DisplayName":"Clipped Left","FieldType":"Boolean","DefaultValue":"False","Description":"Clipped Left","List":""},{"Key":"LogoVisible","DisplayName":"Side Logo Section Visible","FieldType":"Boolean","DefaultValue":"False","Description":"Logo visible.","List":""},{"Key":"HasBottomNav","DisplayName":"Has Bottom Nav","FieldType":"Boolean","DefaultValue":"False","Description":"Has Bottom Navigation","List":""},{"Key":"HasFooter","DisplayName":"Has Footer","FieldType":"Boolean","DefaultValue":"False","Description":"Has Footer","List":""},{"Key":"AtRight","DisplayName":"At Right","FieldType":"Boolean","DefaultValue":"False","Description":"At Right","List":""},{"Key":"BgColor","DisplayName":"Bg Color","FieldType":"String","DefaultValue":"base","Description":"Background Color","List":""},{"Key":"BgColorIntensity","DisplayName":"Bg Color Intensity","FieldType":"String","DefaultValue":"100","Description":"Background Color Intensity","List":""},{"Key":"Mobile","DisplayName":"Mobile","FieldType":"Boolean","DefaultValue":"False","Description":"Mobile","List":""},{"Key":"TextColor","DisplayName":"Text Color","FieldType":"String","DefaultValue":"","Description":"Text Color","List":""},{"Key":"TextColorIntensity","DisplayName":"Text Color Intensity","FieldType":"String","DefaultValue":"","Description":"Text Color Intensity","List":""},{"Key":"Glass","DisplayName":"Glass","FieldType":"Boolean","DefaultValue":"False","Description":"Glass","List":""},{"Key":"Height","DisplayName":"Height","FieldType":"String","DefaultValue":"full","Description":"Height","List":""},{"Key":"Width","DisplayName":"Width","FieldType":"String","DefaultValue":"80","Description":"Width","List":""},{"Key":"PageViewFullWidth","DisplayName":"Page Full Width","FieldType":"Boolean","DefaultValue":"True","Description":"Page View Full Width","List":""},{"Key":"PageViewFullHeight","DisplayName":"Page Full Height","FieldType":"Boolean","DefaultValue":"True","Description":"Page View Full Height","List":""},{"Key":"PageViewGrow","DisplayName":"PageView Grow","FieldType":"Boolean","DefaultValue":"False","Description":"Page View Grow","List":""},{"Key":"PageCoverImage","DisplayName":"PageView Cover Image","FieldType":"String","DefaultValue":"","Description":"Page View Cover Image","List":""},{"Key":"Divider","DisplayName":"Divider","FieldType":"Boolean","DefaultValue":"False","Description":"Divider","List":""},{"Key":"DivideColor","DisplayName":"Divide Color","FieldType":"String","DefaultValue":"gray-200","Description":"Divide Color","List":""},{"Key":"DivideStyle","DisplayName":"Divide Style","FieldType":"String","DefaultValue":"solid","Description":"Divide Style","List":"dashed|dotted|double|none|solid"},{"Key":"DivideWidth","DisplayName":"Divide Width","FieldType":"String","DefaultValue":"y-2","Description":"Divide Width","List":""},{"Key":"ItemColor","DisplayName":"Item Color","FieldType":"String","DefaultValue":"blue","Description":"Background Color Of Items","List":""},{"Key":"ItemColorIntensity","DisplayName":"Item Color Intensity","FieldType":"String","DefaultValue":"100","Description":"Item Color Intensity","List":""},{"Key":"ItemActiveColor","DisplayName":"Item Active Color","FieldType":"String","DefaultValue":"blue","Description":"Item Active Color","List":""},{"Key":"ItemActiveColorIntensity","DisplayName":"Item Active Color Intensity","FieldType":"String","DefaultValue":"100","Description":"Item Active Color Intensity","List":""},{"Key":"ItemFocusColor","DisplayName":"Item Focus Color","FieldType":"String","DefaultValue":"blue","Description":"Item Focus Color","List":""},{"Key":"ItemFocusColorIntensity","DisplayName":"Item Focus Color Intensity","FieldType":"String","DefaultValue":"100","Description":"Item Focus Color Intensity","List":""},{"Key":"ItemHoverColor","DisplayName":"Item Hover Color","FieldType":"String","DefaultValue":"blue","Description":"Item Hover Color","List":""},{"Key":"ItemHoverColorIntensity","DisplayName":"Item Hover Color Intensity","FieldType":"String","DefaultValue":"100","Description":"Item Hover Color Intensity","List":""},{"Key":"OverlayTransparent","DisplayName":"Overlay Transparent","FieldType":"Boolean","DefaultValue":"False","Description":"Overlay Transparent","List":""},{"Key":"Visible","DisplayName":"Visible","FieldType":"Boolean","DefaultValue":"True","Description":"If visible.","List":""},{"Key":"MarginAXYTBLR","DisplayName":"Margins","FieldType":"String","DefaultValue":"a=?; x=?; y=?; t=?; b=?; l=?; r=?","Description":"Margins A-X-Y-T-B-L-R","List":""},{"Key":"PaddingAXYTBLR","DisplayName":"Paddings","FieldType":"String","DefaultValue":"a=?; x=?; y=?; t=?; b=?; l=?; r=?","Description":"Paddings A-X-Y-T-B-L-R","List":""},{"Key":"RawClasses","DisplayName":"Classes","FieldType":"String","DefaultValue":"","Description":"Classes added to the HTML tag.","List":""},{"Key":"RawStyles","DisplayName":"Styles","FieldType":"String","DefaultValue":"","Description":"Styles added to the HTML tag. Must be a json String- use =","List":""},{"Key":"RawAttributes","DisplayName":"Attributes","FieldType":"String","DefaultValue":"","Description":"Attributes added to the HTML tag. Must be a json String- use =","List":""}],"events":[{"name":"Menu_Click (item As String)"}],"methods":[{"name":"DesignerCreateView","signature":"DesignerCreateView (Target As BANanoElement, Props As Map)"},{"name":"AddClass","signature":"AddClass(xText As String)"},{"name":"ToggleClass","signature":"ToggleClass(s As String)"},{"name":"RemoveStyle","signature":"RemoveStyle(s As String)"},{"name":"setGlass","signature":"setGlass(b As Boolean)"},{"name":"RemoveClass","signature":"RemoveClass(xText As String)"},{"name":"setPageCoverImage","signature":"setPageCoverImage(s As String)"},{"name":"getPageCoverImage","signature":"getPageCoverImage As String"},{"name":"setPageViewGrow","signature":"setPageViewGrow(b As Boolean)"},{"name":"getPageViewGrow","signature":"getPageViewGrow As Boolean"},{"name":"setDivideColor","signature":"setDivideColor(s As String)"},{"name":"setDivideStyle","signature":"setDivideStyle(s As String)"},{"name":"setDivideWidth","signature":"setDivideWidth(s As String)"},{"name":"setDivider","signature":"setDivider(b As Boolean)"},{"name":"Initialize","signature":"Initialize (CallBack As Object, cName As String, EventName As String)"},{"name":"setPageViewFullWidth","signature":"setPageViewFullWidth(b As Boolean)"},{"name":"setPageViewFullHeight","signature":"setPageViewFullHeight(b As Boolean)"},{"name":"AddDrawer","signature":"AddDrawer(mCallback As Object, ParentID As String, ID As String, xHasNavBar As Boolean)"},{"name":"AssignElement","signature":"AssignElement(mCallBack As Object, ID As String)"},{"name":"setOverlayTransparent","signature":"setOverlayTransparent(b As Boolean)"},{"name":"ItemColorIntensity","signature":"ItemColorIntensity(c As String, i As String)"},{"name":"ItemHoverColorIntensity","signature":"ItemHoverColorIntensity(c As String, i As String)"},{"name":"ItemFocusColorIntensity","signature":"ItemFocusColorIntensity(c As String, i As String)"},{"name":"ItemActiveColorIntensity","signature":"ItemActiveColorIntensity(c As String, i As String)"},{"name":"RemovePageView","signature":"RemovePageView"},{"name":"AddPageView","signature":"AddPageView"},{"name":"AddAppNavBar","signature":"AddAppNavBar As SDUINavBar"},{"name":"AddAppBottomNav","signature":"AddAppBottomNav As SDUIBottomNav"},{"name":"AddAppFooter","signature":"AddAppFooter As SDUIFooter"},{"name":"Toggle","signature":"Toggle"},{"name":"getMenuID","signature":"getMenuID As String"},{"name":"ClearContent","signature":"ClearContent"},{"name":"ClearSide","signature":"ClearSide"},{"name":"Show","signature":"Show"},{"name":"Hide","signature":"Hide"},{"name":"Close","signature":"Close"},{"name":"Open","signature":"Open"},{"name":"IsClosed","signature":"IsClosed As Boolean"},{"name":"getContentID","signature":"getContentID As String"},{"name":"getName","signature":"getName As String"},{"name":"getHere","signature":"getHere As String"},{"name":"Enable","signature":"Enable"},{"name":"Disable","signature":"Disable"},{"name":"Mobile","signature":"Mobile"},{"name":"NonMobile","signature":"NonMobile"},{"name":"AtRight","signature":"AtRight"},{"name":"setW","signature":"setW(s As String)"},{"name":"setH","signature":"setH(s As String)"},{"name":"setBGColor","signature":"setBGColor(s As String)"},{"name":"Clear","signature":"Clear(parentID As String)"},{"name":"AddItem","signature":"AddItem(ID As String, Label As String) As SDUIDrawer"},{"name":"AddItemWithIcon","signature":"AddItemWithIcon(ID As String, IconName As String, Label As String) As SDUIDrawer"},{"name":"AddItemChildWithIcon","signature":"AddItemChildWithIcon(parentID As String, ID As String, IconName As String, Label As String) As SDUIDrawer"},{"name":"AddItem1","signature":"AddItem1(ID As String, IconName As String, Label As String)"},{"name":"AddItemIcon","signature":"AddItemIcon(parentID As String, ID As String, sIcon As String, Label As String) As SDUIDrawer"},{"name":"AddItemChild","signature":"AddItemChild(parentID As String, ID As String, Label As String) As SDUIDrawer"},{"name":"AddItemPageHidden","signature":"AddItemPageHidden(pgObj As Object) As SDUIDrawer"},{"name":"AddItemPage","signature":"AddItemPage(pgObj As Object) As SDUIDrawer"},{"name":"AddItemPageByName","signature":"AddItemPageByName(sname As String, stitle As String, sicon As String, scolor As String) As SDUIDrawer"},{"name":"AddItemPageHiddenByName","signature":"AddItemPageHiddenByName(sname As String, stitle As String, sicon As String, scolor As String) As SDUIDrawer"},{"name":"AddItemChildPageByName","signature":"AddItemChildPageByName(parentID As String, sname As String, stitle As String, sicon As String, scolor As String) As SDUIDrawer"},{"name":"AddItemChildPageHiddenByName","signature":"AddItemChildPageHiddenByName(parentID As String, sname As String, stitle As String, sicon As String, scolor As String) As SDUIDrawer"},{"name":"ShowPageLink","signature":"ShowPageLink(pgObj As Object) As SDUIDrawer"},{"name":"ShowPageLinkByName","signature":"ShowPageLinkByName(sName As String) As SDUIDrawer"},{"name":"HidePageLinkByName","signature":"HidePageLinkByName(sName As String) As SDUIDrawer"},{"name":"HidePageLink","signature":"HidePageLink(pgObj As Object) As SDUIDrawer"},{"name":"setActiveItem","signature":"setActiveItem(btnID As String)"},{"name":"SetItemText","signature":"SetItemText(id As String, value As String)"},{"name":"CloseParentItem","signature":"CloseParentItem(id As String)"},{"name":"OpenParentItem","signature":"OpenParentItem(id As String)"},{"name":"SetParentItemText","signature":"SetParentItemText(id As String, value As String)"},{"name":"SetParentItemTextColor","signature":"SetParentItemTextColor(id As String, value As String)"},{"name":"SetItemBadgeValue","signature":"SetItemBadgeValue(id As String, value As String)"},{"name":"SetItemBadgeColor","signature":"SetItemBadgeColor(id As String, value As String)"},{"name":"SetItemIconName","signature":"SetItemIconName(id As String, value As String)"},{"name":"SetItemIconColor","signature":"SetItemIconColor(id As String, value As String)"},{"name":"SetItemTextColor","signature":"SetItemTextColor(id As String, value As String)"},{"name":"SetItemBadgeOutline","signature":"SetItemBadgeOutline(id As String, bb As Boolean)"},{"name":"ItemLink","signature":"ItemLink(btnID As String) As SDUILink"},{"name":"DisableItem","signature":"DisableItem(btnID As String)"},{"name":"HideItem","signature":"HideItem(btnID As String) As SDUIDrawer"},{"name":"ShowItem","signature":"ShowItem(btnID As String) As SDUIDrawer"},{"name":"AddItemChildDivider","signature":"AddItemChildDivider(parentID As String, Label As String) As SDUIDrawer"},{"name":"AddItemChildLink","signature":"AddItemChildLink(parentID As String, ID As String, Label As String, href As String, target As String) As SDUIDrawer"},{"name":"AddItemChildLinkIcon","signature":"AddItemChildLinkIcon(parentID As String, ID As String, Label As String, href As String, target As String, IconName As String)"},{"name":"AddItemChildPageHidden","signature":"AddItemChildPageHidden(parentID As String, pgObj As Object) As SDUIDrawer"},{"name":"AddItemChildPage","signature":"AddItemChildPage(parentID As String, pgObj As Object) As SDUIDrawer"},{"name":"ClippedLeft","signature":"ClippedLeft"},{"name":"AdjustClippedLeft","signature":"AdjustClippedLeft(b As Boolean)"},{"name":"AddStyle","signature":"AddStyle(attr As String, text As String)"},{"name":"ClippedLeftWithFooter","signature":"ClippedLeftWithFooter"},{"name":"HScreen","signature":"HScreen"},{"name":"TextColorIntensity","signature":"TextColorIntensity(hcolor As String, intensity As String)"},{"name":"BGColorIntensity","signature":"BGColorIntensity(c As String, s As String)"},{"name":"ClearPageView","signature":"ClearPageView"},{"name":"LoadComponentJson","signature":"LoadComponentJson(designName As String)"},{"name":"AddToParent","signature":"AddToParent(targetID As String, props As Map)"},{"name":"HideOnSmall","signature":"HideOnSmall"},{"name":"HideOnMedium","signature":"HideOnMedium"},{"name":"HideOnLarge","signature":"HideOnLarge"},{"name":"LinkExisting","signature":"LinkExisting"},{"name":"setParentID","signature":"setParentID(s As String)"},{"name":"setHeight","signature":"setHeight(s As String)"},{"name":"setWidth","signature":"setWidth(s As String)"},{"name":"setItemColor","signature":"setItemColor(s As String)"},{"name":"setItemActiveColor","signature":"setItemActiveColor(s As String)"},{"name":"setItemFocusColor","signature":"setItemFocusColor(s As String)"},{"name":"setItemHoverColor","signature":"setItemHoverColor(s As String)"},{"name":"setHasNavbar","signature":"setHasNavbar(b As Boolean)"},{"name":"setHasBottomNav","signature":"setHasBottomNav(b As Boolean)"},{"name":"setHasFooter","signature":"setHasFooter(b As Boolean)"},{"name":"setTextColor","signature":"setTextColor(s As String)"},{"name":"setVisible","signature":"setVisible(b As Boolean)"},{"name":"setLogoVisible","signature":"setLogoVisible(b As Boolean)"},{"name":"setMarginAXYTBLR","signature":"setMarginAXYTBLR(s As String)"},{"name":"setPaddingAXYTBLR","signature":"setPaddingAXYTBLR(s As String)"},{"name":"setClasses","signature":"setClasses(s As String)"},{"name":"setStyles","signature":"setStyles(s As String)"},{"name":"setAttributes","signature":"setAttributes(s As String)"},{"name":"getParentID","signature":"getParentID As String"},{"name":"getGlass","signature":"getGlass As Boolean"},{"name":"getHeight","signature":"getHeight As String"},{"name":"getWidth","signature":"getWidth As String"},{"name":"getPageViewFullWidth","signature":"getPageViewFullWidth As Boolean"},{"name":"getPageViewFullHeight","signature":"getPageViewFullHeight As Boolean"},{"name":"getDivider","signature":"getDivider As Boolean"},{"name":"getDivideColor","signature":"getDivideColor As String"},{"name":"getDivideStyle","signature":"getDivideStyle As String"},{"name":"getDivideWidth","signature":"getDivideWidth As String"},{"name":"getItemColor","signature":"getItemColor As String"},{"name":"getItemActiveColor","signature":"getItemActiveColor As String"},{"name":"getItemFocusColor","signature":"getItemFocusColor As String"},{"name":"getItemHoverColor","signature":"getItemHoverColor As String"},{"name":"getOverlayTransparent","signature":"getOverlayTransparent As Boolean"},{"name":"getHasNavbar","signature":"getHasNavbar As Boolean"},{"name":"getHasBottomNav","signature":"getHasBottomNav As Boolean"},{"name":"getHasFooter","signature":"getHasFooter As Boolean"},{"name":"getBgColor","signature":"getBgColor As String"},{"name":"getTextColor","signature":"getTextColor As String"},{"name":"getVisible","signature":"getVisible As Boolean"},{"name":"getLogoVisible","signature":"getLogoVisible As Boolean"},{"name":"getMarginAXYTBLR","signature":"getMarginAXYTBLR As String"},{"name":"getPaddingAXYTBLR","signature":"getPaddingAXYTBLR As String"},{"name":"getClasses","signature":"getClasses As String"},{"name":"getStyles","signature":"getStyles As String"},{"name":"getAttributes","signature":"getAttributes As String"}]}