{"properties":[{"Key":"ParentID","DisplayName":"ParentID","FieldType":"String","DefaultValue":"","Description":"The id of the element to place this into","List":""},{"Key":"Text","DisplayName":"Text","FieldType":"String","DefaultValue":"SithasoDaisy","Description":"Text","List":""},{"Key":"Size","DisplayName":"Size","FieldType":"String","DefaultValue":"200","Description":"Size","List":"100|200|300|400|500|600|700"},{"Key":"ColorDark","DisplayName":"Color Dark","FieldType":"String","DefaultValue":"#000000","Description":"Color Dark","List":""},{"Key":"ColorLight","DisplayName":"Color Light","FieldType":"String","DefaultValue":"#ffffff","Description":"Color Light","List":""},{"Key":"CorrectLevel","DisplayName":"Correct Level","FieldType":"String","DefaultValue":"H","Description":"Correct Level","List":"H|L|M|Q"},{"Key":"Hidden","DisplayName":"Visible","FieldType":"Boolean","DefaultValue":"False","Description":"If visible.","List":""},{"Key":"MarginAXYTBLR","DisplayName":"Margins AXYTBLR","FieldType":"String","DefaultValue":"a=?; x=?; y=?; t=?; b=?; l=?; r=?","Description":"Margins A-X-Y-T-B-L-R","List":""},{"Key":"PaddingAXYTBLR","DisplayName":"Paddings AXYTBLR","FieldType":"String","DefaultValue":"a=?; x=?; y=?; t=?; b=?; l=?; r=?","Description":"Paddings A-X-Y-T-B-L-R","List":""},{"Key":"RawClasses","DisplayName":"Classes","FieldType":"String","DefaultValue":"","Description":"Classes added to the HTML tag.","List":""},{"Key":"RawStyles","DisplayName":"Styles","FieldType":"String","DefaultValue":"","Description":"Styles added to the HTML tag. Must be a json String- use =","List":""},{"Key":"RawAttributes","DisplayName":"Attributes","FieldType":"String","DefaultValue":"","Description":"Attributes added to the HTML tag. Must be a json String- use =","List":""}],"events":[{"name":"CodeSuccess (dataURL As String)"}],"methods":[{"name":"Initialize","signature":"Initialize (CallBack As Object, Name As String, EventName As String)"},{"name":"getID","signature":"getID As String"},{"name":"getHere","signature":"getHere As String"},{"name":"getColorDark","signature":"getColorDark As String"},{"name":"setColorDark","signature":"setColorDark(vColorDark As String)"},{"name":"getColorLight","signature":"getColorLight As String"},{"name":"setColorLight","signature":"setColorLight(vColorLight As String)"},{"name":"getCorrectLevel","signature":"getCorrectLevel As String"},{"name":"setCorrectLevel","signature":"setCorrectLevel(vCorrectLevel As String)"},{"name":"getText","signature":"getText As String"},{"name":"setText","signature":"setText(vText As String)"},{"name":"setSize","signature":"setSize(vText As String)"},{"name":"Refresh","signature":"Refresh"},{"name":"Download","signature":"Download(fileName As String)"},{"name":"toDataURL","signature":"toDataURL As String"},{"name":"Clear","signature":"Clear"},{"name":"AddQRCode","signature":"AddQRCode(CallBack As Object, ParentID As String, id As String) As SDUIQRCode"},{"name":"getParentID","signature":"getParentID As String"},{"name":"setParentID","signature":"setParentID(s As String)"},{"name":"AddToParent","signature":"AddToParent(targetID As String, props As Map)"},{"name":"LoadComponentJson","signature":"LoadComponentJson(designName As String)"},{"name":"Show","signature":"Show"},{"name":"Hide","signature":"Hide"},{"name":"setHidden","signature":"setHidden(b As Boolean)"},{"name":"getHidden","signature":"getHidden As Boolean"}]}