{"properties":[{"Key":"ParentID","DisplayName":"ParentID","FieldType":"String","DefaultValue":"","Description":"The ParentID of this div","List":""},{"Key":"IsTemplate","DisplayName":"Is Template","FieldType":"Boolean","DefaultValue":"False","Description":"Is used in a template Template","List":""},{"Key":"SelectType","DisplayName":"Select Type","FieldType":"String","DefaultValue":"default","Description":"","List":"default|input-group"},{"Key":"Size","DisplayName":"Size","FieldType":"String","DefaultValue":"none","Description":"Size","List":"lg|md|sm|xs|none"},{"Key":"Width","DisplayName":"Width","FieldType":"String","DefaultValue":"full","Description":"Width","List":""},{"Key":"Caption","DisplayName":"Caption","FieldType":"String","DefaultValue":"Progress 1","Description":"Caption","List":""},{"Key":"Value","DisplayName":"Value","FieldType":"String","DefaultValue":"b4a","Description":"Value","List":""},{"Key":"PlaceHolder","DisplayName":"Place Holder","FieldType":"String","DefaultValue":"","Description":"Placeholder","List":""},{"Key":"RawKeyValues","DisplayName":"Key Values","FieldType":"String","DefaultValue":"b4a","Description":"Key Values For The Items [k","List":""},{"Key":"Prefix","DisplayName":"Prefix","FieldType":"String","DefaultValue":"","Description":"Prefix","List":""},{"Key":"PrependIcon","DisplayName":"Prepend Icon","FieldType":"String","DefaultValue":"","Description":"Prepend Icon","List":""},{"Key":"Suffix","DisplayName":"Suffix","FieldType":"String","DefaultValue":"","Description":"Suffix","List":""},{"Key":"AppendIcon","DisplayName":"Append Icon","FieldType":"String","DefaultValue":"","Description":"Append Icon","List":""},{"Key":"AutoFocus","DisplayName":"Auto Focus","FieldType":"Boolean","DefaultValue":"False","Description":"Auto Focus","List":""},{"Key":"BgColor","DisplayName":"Bg Color","FieldType":"String","DefaultValue":"","Description":"Background Color","List":""},{"Key":"BgColorIntensity","DisplayName":"Bg Color Intensity","FieldType":"String","DefaultValue":"","Description":"Background Color Intensity","List":""},{"Key":"Bordered","DisplayName":"Bordered","FieldType":"Boolean","DefaultValue":"True","Description":"Bordered","List":""},{"Key":"Color","DisplayName":"Color","FieldType":"String","DefaultValue":"primary","Description":"Variant","List":"accent|error|ghost|info|none|nuetral|primary|secondary|success|warning"},{"Key":"ErrorMessage","DisplayName":"Error Message","FieldType":"String","DefaultValue":"","Description":"Error Message","List":""},{"Key":"HideDetails","DisplayName":"Hide Details","FieldType":"Boolean","DefaultValue":"False","Description":"Hide Details","List":""},{"Key":"Hint","DisplayName":"Hint","FieldType":"String","DefaultValue":"","Description":"Hint","List":""},{"Key":"Multiple","DisplayName":"Mutliple","FieldType":"Boolean","DefaultValue":"False","Description":"Multiple","List":""},{"Key":"ReadOnly","DisplayName":"Read Only","FieldType":"Boolean","DefaultValue":"False","Description":"Read Only","List":""},{"Key":"Required","DisplayName":"Required","FieldType":"Boolean","DefaultValue":"False","Description":"Is Required","List":""},{"Key":"Visible","DisplayName":"Visible","FieldType":"Boolean","DefaultValue":"True","Description":"If visible.","List":""},{"Key":"AppendIconRemoved","DisplayName":"Append Icon Removed","FieldType":"Boolean","DefaultValue":"False","Description":"Append Icon Removed","List":""},{"Key":"HintTextRemoved","DisplayName":"Hint Text Removed","FieldType":"Boolean","DefaultValue":"False","Description":"Hint Text Removed","List":""},{"Key":"IndicatorRemoved","DisplayName":"Indicator Removed","FieldType":"Boolean","DefaultValue":"False","Description":"Indicator Removed","List":""},{"Key":"LabelRemoved","DisplayName":"Label Removed","FieldType":"Boolean","DefaultValue":"False","Description":"Label Removed","List":""},{"Key":"PrefixRemoved","DisplayName":"Prefix Removed","FieldType":"Boolean","DefaultValue":"False","Description":"Prefix Removed","List":""},{"Key":"PrependButtonRemoved","DisplayName":"Prepend Button Removed","FieldType":"Boolean","DefaultValue":"False","Description":"Prepend Button Removed","List":""},{"Key":"SuffixRemoved","DisplayName":"Suffix Removed","FieldType":"Boolean","DefaultValue":"False","Description":"Suffix Removed","List":""},{"Key":"MarginAXYTBLR","DisplayName":"Margins","FieldType":"String","DefaultValue":"a=?; x=?; y=?; t=?; b=?; l=?; r=?","Description":"Margins A-X-Y-T-B-L-R","List":""},{"Key":"PaddingAXYTBLR","DisplayName":"Paddings","FieldType":"String","DefaultValue":"a=?; x=?; y=?; t=?; b=?; l=?; r=?","Description":"Paddings A-X-Y-T-B-L-R","List":""},{"Key":"RawClasses","DisplayName":"Classes","FieldType":"String","DefaultValue":"","Description":"Classes added to the HTML tag.","List":""},{"Key":"RawStyles","DisplayName":"Styles","FieldType":"String","DefaultValue":"","Description":"Styles added to the HTML tag. Must be a json String- use =","List":""},{"Key":"RawAttributes","DisplayName":"Attributes","FieldType":"String","DefaultValue":"","Description":"Attributes added to the HTML tag. Must be a json String- use =","List":""}],"events":[{"name":"Focus (event As BANanoEvent)"},{"name":"Blur (event As BANanoEvent)"},{"name":"Change (item As String)"},{"name":"Prepend_Click (event As BANanoEvent)"},{"name":"Append_Click (event As BANanoEvent)"}],"methods":[{"name":"Enable","signature":"Enable"},{"name":"Disable","signature":"Disable"},{"name":"AddSelectNormal","signature":"AddSelectNormal(mCallback As Object, ParentID As String, sID As String, bxMultiple As Boolean) As SDUISelect"},{"name":"setFieldName","signature":"setFieldName(s As String)"},{"name":"setBadgesSize","signature":"setBadgesSize(s As String)"},{"name":"getBadgesSize","signature":"getBadgesSize As String"},{"name":"AddSelect","signature":"AddSelect(mCallback As Object, ParentID As String, sID As String, xCaption As String, xHint As String, xPrefix As String, xSuffix As String) As SDUISelect"},{"name":"RemovePrependIcon","signature":"RemovePrependIcon"},{"name":"RemoveAppendIcon","signature":"RemoveAppendIcon"},{"name":"RemoveHint","signature":"RemoveHint"},{"name":"RemoveLabel","signature":"RemoveLabel"},{"name":"RemovePrefix","signature":"RemovePrefix"},{"name":"RemoveSuffix","signature":"RemoveSuffix"},{"name":"setIsTemplate","signature":"setIsTemplate(b As Boolean)"},{"name":"setHideDetails","signature":"setHideDetails(b As Boolean)"},{"name":"setW","signature":"setW(v As String)"},{"name":"AssignElement","signature":"AssignElement(mCallBack As Object, ID As String)"},{"name":"SetLanguages","signature":"SetLanguages"},{"name":"SetCountries","signature":"SetCountries"},{"name":"SetYears","signature":"SetYears(yearsIntoPast As Int, yearsIntoFuture As Int)"},{"name":"SetMonths","signature":"SetMonths"},{"name":"SetDays","signature":"SetDays"},{"name":"SetThemes","signature":"SetThemes"},{"name":"SetItems","signature":"SetItems(m As Map)"},{"name":"SetItemsSort","signature":"SetItemsSort(m As Map)"},{"name":"SetItemsSort1","signature":"SetItemsSort1(m As Map,bAddNothingSelected As Boolean)"},{"name":"SetItems1","signature":"SetItems1(m As Map, bAddNothingSelected As Boolean)"},{"name":"SetItemsList","signature":"SetItemsList(m As List)"},{"name":"SetItemsFromKeyValues","signature":"SetItemsFromKeyValues(bHasNothing As Boolean, result As List, k As String, v As String)"},{"name":"SetItemsOptions","signature":"SetItemsOptions(delim As String, bSort As Boolean, bAddNothingSelected As Boolean, m As String)"},{"name":"SetItemsList1","signature":"SetItemsList1(m As List, bSort As Boolean, bAddNothingSelected As Boolean)"},{"name":"setPrependIcon","signature":"setPrependIcon(picon As String)"},{"name":"setAppendIconHoverBGColor","signature":"setAppendIconHoverBGColor(c As String)"},{"name":"setPrependIconHoverBGColor","signature":"setPrependIconHoverBGColor(c As String)"},{"name":"setAppendIconBGColor","signature":"setAppendIconBGColor(c As String)"},{"name":"setPrependIconBGColor","signature":"setPrependIconBGColor(c As String)"},{"name":"setAppendIcon","signature":"setAppendIcon(picon As String)"},{"name":"setValue","signature":"setValue(s As String)"},{"name":"getValue","signature":"getValue As String"},{"name":"setCaption","signature":"setCaption(l As String)"},{"name":"setHintCaption","signature":"setHintCaption(l As String)"},{"name":"setPrefix","signature":"setPrefix(l As String)"},{"name":"AddStyle","signature":"AddStyle(attr As String, text As String)"},{"name":"setSuffix","signature":"setSuffix(l As String)"},{"name":"On","signature":"On(event As String, CallBack As Object, MethodName As String)"},{"name":"getName","signature":"getName As String"},{"name":"getHere","signature":"getHere As String"},{"name":"setBordered","signature":"setBordered(b As Boolean)"},{"name":"setGhost","signature":"setGhost(b As Boolean)"},{"name":"setPlaceholder","signature":"setPlaceholder(s As String)"},{"name":"getDisabled","signature":"getDisabled As Boolean"},{"name":"setInputGroupSize","signature":"setInputGroupSize(S As String)"},{"name":"setInputGroupVertical","signature":"setInputGroupVertical(b As Boolean)"},{"name":"AddClass","signature":"AddClass(xText As String)"},{"name":"RemoveClass","signature":"RemoveClass(xText As String)"},{"name":"Show","signature":"Show"},{"name":"Hide","signature":"Hide"},{"name":"setColor","signature":"setColor(s As String)"},{"name":"setSize","signature":"setSize(s As String)"},{"name":"Clear","signature":"Clear"},{"name":"AddItem","signature":"AddItem(itemID As String, sLabel As String)"},{"name":"getText","signature":"getText As String"},{"name":"setReadOnly","signature":"setReadOnly(b As Boolean)"},{"name":"setRequired","signature":"setRequired(b As Boolean)"},{"name":"setErrorMessage","signature":"setErrorMessage(p As String)"},{"name":"HintColorIntensity","signature":"HintColorIntensity(hcolor As String, intensity As String)"},{"name":"IsBlank","signature":"IsBlank As Boolean"},{"name":"ResetValidation","signature":"ResetValidation"},{"name":"SizeLG","signature":"SizeLG"},{"name":"SizeSM","signature":"SizeSM"},{"name":"SizeMD","signature":"SizeMD"},{"name":"SizeXS","signature":"SizeXS"},{"name":"SizeLGResponsive","signature":"SizeLGResponsive(xs As Boolean, sm As Boolean, md As Boolean, lg As Boolean)"},{"name":"SizeMDResponsive","signature":"SizeMDResponsive(xs As Boolean, sm As Boolean, md As Boolean, lg As Boolean)"},{"name":"SizeSMResponsive","signature":"SizeSMResponsive(xs As Boolean, sm As Boolean, md As Boolean, lg As Boolean)"},{"name":"SizeXSResponsive","signature":"SizeXSResponsive(xs As Boolean, sm As Boolean, md As Boolean, lg As Boolean)"},{"name":"roundedFull","signature":"roundedFull As SDUISelect"},{"name":"wFull","signature":"wFull As SDUISelect"},{"name":"Multiple","signature":"Multiple(sName As String)"},{"name":"Initialize","signature":"Initialize (CallBack As Object, cName As String, EventName As String)"},{"name":"shadow","signature":"shadow(s As String)"},{"name":"RoundedBox","signature":"RoundedBox"},{"name":"TextColorIntensity","signature":"TextColorIntensity(hcolor As String, intensity As String)"},{"name":"BGColorIntensity","signature":"BGColorIntensity(c As String, s As String)"},{"name":"setAutoFocus","signature":"setAutoFocus(p As Boolean)"},{"name":"AddToParent","signature":"AddToParent(targetID As String, props As Map)"},{"name":"MoveNext","signature":"MoveNext"},{"name":"MovePrevious","signature":"MovePrevious"},{"name":"getselectedIndex","signature":"getselectedIndex As Int"},{"name":"setSelectedIndex","signature":"setSelectedIndex(i As Int)"},{"name":"removeSelected","signature":"removeSelected"},{"name":"removeByIndex","signature":"removeByIndex(idx As Int)"},{"name":"getItemCount","signature":"getItemCount As Int"},{"name":"findIndexByValue","signature":"findIndexByValue(value As String) As Int"},{"name":"removeByValue","signature":"removeByValue(value As String)"},{"name":"focus","signature":"focus"},{"name":"Options","signature":"Options As List"},{"name":"Remove","signature":"Remove(idx As Int)"},{"name":"HideOnSmall","signature":"HideOnSmall"},{"name":"HideOnMedium","signature":"HideOnMedium"},{"name":"HideOnLarge","signature":"HideOnLarge"},{"name":"LinkExisting","signature":"LinkExisting"},{"name":"setParentID","signature":"setParentID(s As String)"},{"name":"setSelectType","signature":"setSelectType(s As String)"},{"name":"setWidth","signature":"setWidth(s As String)"},{"name":"setKeyValues","signature":"setKeyValues(s As String)"},{"name":"setBgColor","signature":"setBgColor(s As String)"},{"name":"setHint","signature":"setHint(s As String)"},{"name":"setVisible","signature":"setVisible(b As Boolean)"},{"name":"setMarginAXYTBLR","signature":"setMarginAXYTBLR(s As String)"},{"name":"setPaddingAXYTBLR","signature":"setPaddingAXYTBLR(s As String)"},{"name":"setClasses","signature":"setClasses(s As String)"},{"name":"setStyles","signature":"setStyles(s As String)"},{"name":"setAttributes","signature":"setAttributes(s As String)"},{"name":"getParentID","signature":"getParentID As String"},{"name":"getIsTemplate","signature":"getIsTemplate As Boolean"},{"name":"getSelectType","signature":"getSelectType As String"},{"name":"getSize","signature":"getSize As String"},{"name":"getWidth","signature":"getWidth As String"},{"name":"getCaption","signature":"getCaption As String"},{"name":"getPlaceHolder","signature":"getPlaceHolder As String"},{"name":"getKeyValues","signature":"getKeyValues As String"},{"name":"getPrefix","signature":"getPrefix As String"},{"name":"getPrependIcon","signature":"getPrependIcon As String"},{"name":"getSuffix","signature":"getSuffix As String"},{"name":"getAppendIcon","signature":"getAppendIcon As String"},{"name":"getAutoFocus","signature":"getAutoFocus As Boolean"},{"name":"getBgColor","signature":"getBgColor As String"},{"name":"getBordered","signature":"getBordered As Boolean"},{"name":"getColor","signature":"getColor As String"},{"name":"getErrorMessage","signature":"getErrorMessage As String"},{"name":"getHideDetails","signature":"getHideDetails As Boolean"},{"name":"getHint","signature":"getHint As String"},{"name":"getReadOnly","signature":"getReadOnly As Boolean"},{"name":"getRequired","signature":"getRequired As Boolean"},{"name":"getVisible","signature":"getVisible As Boolean"},{"name":"getMarginAXYTBLR","signature":"getMarginAXYTBLR As String"},{"name":"getPaddingAXYTBLR","signature":"getPaddingAXYTBLR As String"},{"name":"getClasses","signature":"getClasses As String"},{"name":"getStyles","signature":"getStyles As String"},{"name":"getAttributes","signature":"getAttributes As String"},{"name":"getAppendIconRemoved","signature":"getAppendIconRemoved As Boolean"},{"name":"getHintTextRemoved","signature":"getHintTextRemoved As Boolean"},{"name":"getIndicatorRemoved","signature":"getIndicatorRemoved As Boolean"},{"name":"getLabelRemoved","signature":"getLabelRemoved As Boolean"},{"name":"getPrefixRemoved","signature":"getPrefixRemoved As Boolean"},{"name":"getPrependButtonRemoved","signature":"getPrependButtonRemoved As Boolean"},{"name":"getSuffixRemoved","signature":"getSuffixRemoved As Boolean"},{"name":"setAppendIconRemoved","signature":"setAppendIconRemoved(b As Boolean)"},{"name":"setHintTextRemoved","signature":"setHintTextRemoved(b As Boolean)"},{"name":"setIndicatorRemoved","signature":"setIndicatorRemoved(b As Boolean)"},{"name":"setLabelRemoved","signature":"setLabelRemoved(b As Boolean)"},{"name":"setPrefixRemoved","signature":"setPrefixRemoved(b As Boolean)"},{"name":"setPrependButtonRemoved","signature":"setPrependButtonRemoved(b As Boolean)"},{"name":"setSuffixRemoved","signature":"setSuffixRemoved(b As Boolean)"}]}