{"properties":[{"Key":"ParentID","DisplayName":"ParentID","FieldType":"String","DefaultValue":"pageview","Description":"The ParentID of this page","List":""},{"Key":"ClearParent","DisplayName":"Clear Parent","FieldType":"Boolean","DefaultValue":"True","Description":"Clear Parent First","List":""},{"Key":"PageName","DisplayName":"Page Name*","FieldType":"String","DefaultValue":"page1","Description":"The unique name of the page this should match your module 'name' variable","List":""},{"Key":"Active","DisplayName":"Active Page","FieldType":"Boolean","DefaultValue":"True","Description":"Active Page","List":""},{"Key":"Title","DisplayName":"Title","FieldType":"String","DefaultValue":"My SDUIPage","Description":"Title of the page","List":""},{"Key":"Icon","DisplayName":"Icon","FieldType":"String","DefaultValue":"fa-solid fa-swatchbook","Description":"Icon of the page","List":""},{"Key":"Color","DisplayName":"Color","FieldType":"String","DefaultValue":"#000000","Description":"Color of the page","List":""},{"Key":"RawDescription","DisplayName":"Description","FieldType":"String","DefaultValue":"My SDUIPage","Description":"Description Of The Page","List":""},{"Key":"RawKeywords","DisplayName":"Keywords","FieldType":"String","DefaultValue":"page","Description":"Keywords Of The Page","List":""},{"Key":"BackgroundImage","DisplayName":"BackgroundImage","FieldType":"String","DefaultValue":"","Description":"The background image of the page","List":""},{"Key":"FullPage","DisplayName":"FullPage","FieldType":"Boolean","DefaultValue":"False","Description":"w-full & h-full","List":""},{"Key":"ResizePageView","DisplayName":"Resize PageView","FieldType":"Boolean","DefaultValue":"True","Description":"Resize PageView","List":""},{"Key":"Container","DisplayName":"Container","FieldType":"Boolean","DefaultValue":"True","Description":"Container","List":""},{"Key":"MxAuto","DisplayName":"Mx Auto","FieldType":"Boolean","DefaultValue":"True","Description":"Mx-auto","List":""},{"Key":"Flex","DisplayName":"Flex","FieldType":"Boolean","DefaultValue":"True","Description":"Flex - item after another","List":""},{"Key":"FlexCol","DisplayName":"Flex Col","FieldType":"Boolean","DefaultValue":"False","Description":"FlexCol","List":""},{"Key":"Columns","DisplayName":"# of Columns","FieldType":"String","DefaultValue":"","Description":"Number Of Columns Within An Element","List":""},{"Key":"FlexWrap","DisplayName":"Flex Wrap","FieldType":"Boolean","DefaultValue":"True","Description":"Wrap Overflow Contents","List":""},{"Key":"Gap","DisplayName":"Gap","FieldType":"String","DefaultValue":"","Description":"Gap Between Items","List":""},{"Key":"Grid","DisplayName":"Grid","FieldType":"Boolean","DefaultValue":"False","Description":"Grid (disable flex)","List":""},{"Key":"GridCols","DisplayName":"Grid Cols","FieldType":"String","DefaultValue":"","Description":"Grid Columns","List":""},{"Key":"DeviceGridCols","DisplayName":"Device Grid Cols","FieldType":"String","DefaultValue":"xs=?; sm=?; md=?; lg=?; xl=?","Description":"Grid Cols Per Device xs=?; sm=?; md=?; lg=?; xl=?","List":""},{"Key":"Glass","DisplayName":"Glass","FieldType":"Boolean","DefaultValue":"False","Description":"Glass","List":""},{"Key":"BgColor","DisplayName":"Bg Color","FieldType":"String","DefaultValue":"","Description":"Background Color","List":""},{"Key":"BgColorIntensity","DisplayName":"Bg Color Intensity","FieldType":"String","DefaultValue":"","Description":"Background Color Intensity","List":""},{"Key":"TextColor","DisplayName":"Text Color","FieldType":"String","DefaultValue":"","Description":"Text Color","List":""},{"Key":"TextColorIntensity","DisplayName":"Text Color Intensity","FieldType":"String","DefaultValue":"","Description":"Text Color Intensity","List":""},{"Key":"W","DisplayName":"Width","FieldType":"String","DefaultValue":"","Description":"Width","List":""},{"Key":"MinW","DisplayName":"Min Width","FieldType":"String","DefaultValue":"","Description":"MinW","List":""},{"Key":"MaxW","DisplayName":"Max Width","FieldType":"String","DefaultValue":"","Description":"MaxW","List":""},{"Key":"WFull","DisplayName":"W Full","FieldType":"Boolean","DefaultValue":"False","Description":"WFull","List":""},{"Key":"H","DisplayName":"Height","FieldType":"String","DefaultValue":"","Description":"Height","List":""},{"Key":"MinH","DisplayName":"Min Height","FieldType":"String","DefaultValue":"","Description":"MinH","List":""},{"Key":"MaxH","DisplayName":"Max Height","FieldType":"String","DefaultValue":"","Description":"MaxH","List":""},{"Key":"HFull","DisplayName":"H Full","FieldType":"Boolean","DefaultValue":"False","Description":"HFull","List":""},{"Key":"AsForm","DisplayName":"AsForm","FieldType":"Boolean","DefaultValue":"False","Description":"As Form","List":""},{"Key":"Visible","DisplayName":"Visible","FieldType":"Boolean","DefaultValue":"True","Description":"If visible.","List":""},{"Key":"MarginAXYTBLR","DisplayName":"Margins","FieldType":"String","DefaultValue":"a=?; x=?; y=?; t=?; b=?; l=?; r=?","Description":"Margins A-X-Y-T-B-L-R","List":""},{"Key":"PaddingAXYTBLR","DisplayName":"Paddings","FieldType":"String","DefaultValue":"a=?; x=?; y=?; t=?; b=?; l=?; r=?","Description":"Paddings A-X-Y-T-B-L-R","List":""},{"Key":"RawClasses","DisplayName":"Classes","FieldType":"String","DefaultValue":"","Description":"Classes added to the HTML tag.","List":""},{"Key":"RawStyles","DisplayName":"Styles","FieldType":"String","DefaultValue":"","Description":"Styles added to the HTML tag. Must be a json String- use =","List":""},{"Key":"RawAttributes","DisplayName":"Attributes","FieldType":"String","DefaultValue":"","Description":"Attributes added to the HTML tag. Must be a json String- use =","List":""}],"events":[],"methods":[{"name":"Initialize","signature":"Initialize (CallBack As Object, pName As String, EventName As String)"},{"name":"setActive","signature":"setActive(b As Boolean)"},{"name":"getActive","signature":"getActive As Boolean"},{"name":"setIcon","signature":"setIcon(s As String)"},{"name":"getIcon","signature":"getIcon As String"},{"name":"setColor","signature":"setColor(s As String)"},{"name":"getColor","signature":"getColor As String"},{"name":"AddClass","signature":"AddClass(xText As String)"},{"name":"RemoveStyle","signature":"RemoveStyle(s As String)"},{"name":"ToggleClass","signature":"ToggleClass(s As String)"},{"name":"ClearPageView","signature":"ClearPageView"},{"name":"setVisible","signature":"setVisible(b As Boolean)"},{"name":"setGlass","signature":"setGlass(b As Boolean)"},{"name":"RemoveClass","signature":"RemoveClass(xText As String)"},{"name":"setTextColor","signature":"setTextColor(s As String)"},{"name":"setTextColorIntensity","signature":"setTextColorIntensity(s As String)"},{"name":"columns","signature":"columns(s As String) As SDUIPage"},{"name":"gridCols","signature":"gridCols(s As String) As SDUIPage"},{"name":"setDeviceGridCols","signature":"setDeviceGridCols(s As String)"},{"name":"setFullPage","signature":"setFullPage(b As Boolean)"},{"name":"setResizePageView","signature":"setResizePageView(b As Boolean)"},{"name":"setDescription","signature":"setDescription(v As String)"},{"name":"getDescription","signature":"getDescription As String"},{"name":"getPageName","signature":"getPageName As String"},{"name":"setKeywords","signature":"setKeywords(v As String)"},{"name":"getKeywords","signature":"getKeywords As String"},{"name":"setTitle","signature":"setTitle(v As String)"},{"name":"getTitle","signature":"getTitle As String"},{"name":"AddPage","signature":"AddPage(mCallback As Object, ID As String) As SDUIPage"},{"name":"AddPageTo","signature":"AddPageTo(mCallback As Object, ParentID As String, ID As String) As SDUIPage"},{"name":"AssignElement","signature":"AssignElement(mcallback As Object, ID As String)"},{"name":"CellID","signature":"CellID(xRow As Int, xCol As Int) As String"},{"name":"Row","signature":"Row(xRow As Int) As SDUIDiv"},{"name":"Cell","signature":"Cell(xRow As Int, xCol As Int) As SDUIDiv"},{"name":"setBackGroundImage","signature":"setBackGroundImage(url As String)"},{"name":"getBackGroundImage","signature":"getBackGroundImage As String"},{"name":"BuildGrid","signature":"BuildGrid"},{"name":"On","signature":"On(event As String, CallBack As Object, MethodName As String)"},{"name":"getHere","signature":"getHere As String"},{"name":"ScrollToTop","signature":"ScrollToTop"},{"name":"AddToParent","signature":"AddToParent(targetID As String, props As Map)"},{"name":"ResetValidation","signature":"ResetValidation"},{"name":"YesClickValidateEach","signature":"YesClickValidateEach"},{"name":"YesClickValidateForm","signature":"YesClickValidateForm"},{"name":"Validate","signature":"Validate(response As Boolean)"},{"name":"IsValid","signature":"IsValid As Boolean"},{"name":"LinkExisting","signature":"LinkExisting(xPage As String)"},{"name":"setParentID","signature":"setParentID(s As String)"},{"name":"setPageName","signature":"setPageName(s As String)"},{"name":"setContainer","signature":"setContainer(b As Boolean)"},{"name":"setMxAuto","signature":"setMxAuto(b As Boolean)"},{"name":"setFlex","signature":"setFlex(b As Boolean)"},{"name":"setFlexCol","signature":"setFlexCol(b As Boolean)"},{"name":"setFlexWrap","signature":"setFlexWrap(b As Boolean)"},{"name":"setGap","signature":"setGap(s As String)"},{"name":"setGrid","signature":"setGrid(b As Boolean)"},{"name":"setBgColor","signature":"setBgColor(s As String)"},{"name":"setBgColorIntensity","signature":"setBgColorIntensity(s As String)"},{"name":"setW","signature":"setW(s As String)"},{"name":"setMinW","signature":"setMinW(s As String)"},{"name":"setMaxW","signature":"setMaxW(s As String)"},{"name":"setWFull","signature":"setWFull(b As Boolean)"},{"name":"setH","signature":"setH(s As String)"},{"name":"setMinH","signature":"setMinH(s As String)"},{"name":"setMaxH","signature":"setMaxH(s As String)"},{"name":"setHFull","signature":"setHFull(b As Boolean)"},{"name":"setAsForm","signature":"setAsForm(b As Boolean)"},{"name":"setMarginAXYTBLR","signature":"setMarginAXYTBLR(s As String)"},{"name":"setPaddingAXYTBLR","signature":"setPaddingAXYTBLR(s As String)"},{"name":"setClasses","signature":"setClasses(s As String)"},{"name":"setStyles","signature":"setStyles(s As String)"},{"name":"setAttributes","signature":"setAttributes(s As String)"},{"name":"getParentID","signature":"getParentID As String"},{"name":"getFullPage","signature":"getFullPage As Boolean"},{"name":"getResizePageView","signature":"getResizePageView As Boolean"},{"name":"getContainer","signature":"getContainer As Boolean"},{"name":"getMxAuto","signature":"getMxAuto As Boolean"},{"name":"getFlex","signature":"getFlex As Boolean"},{"name":"getFlexCol","signature":"getFlexCol As Boolean"},{"name":"getColumns","signature":"getColumns As String"},{"name":"getFlexWrap","signature":"getFlexWrap As Boolean"},{"name":"getGap","signature":"getGap As String"},{"name":"getGrid","signature":"getGrid As Boolean"},{"name":"getGridCols","signature":"getGridCols As String"},{"name":"getDeviceGridCols","signature":"getDeviceGridCols As String"},{"name":"getGlass","signature":"getGlass As Boolean"},{"name":"getBgColor","signature":"getBgColor As String"},{"name":"getBgColorIntensity","signature":"getBgColorIntensity As String"},{"name":"getTextColor","signature":"getTextColor As String"},{"name":"getTextColorIntensity","signature":"getTextColorIntensity As String"},{"name":"getW","signature":"getW As String"},{"name":"getMinW","signature":"getMinW As String"},{"name":"getMaxW","signature":"getMaxW As String"},{"name":"getWFull","signature":"getWFull As Boolean"},{"name":"getH","signature":"getH As String"},{"name":"getMinH","signature":"getMinH As String"},{"name":"getMaxH","signature":"getMaxH As String"},{"name":"getHFull","signature":"getHFull As Boolean"},{"name":"getAsForm","signature":"getAsForm As Boolean"},{"name":"getVisible","signature":"getVisible As Boolean"},{"name":"getMarginAXYTBLR","signature":"getMarginAXYTBLR As String"},{"name":"getPaddingAXYTBLR","signature":"getPaddingAXYTBLR As String"},{"name":"getClasses","signature":"getClasses As String"},{"name":"getStyles","signature":"getStyles As String"},{"name":"getAttributes","signature":"getAttributes As String"},{"name":"setClearParent","signature":"setClearParent(b As Boolean)"},{"name":"getClearParent","signature":"getClearParent As Boolean"}]}