{"properties":[{"Key":"ParentID","DisplayName":"ParentID","FieldType":"String","DefaultValue":"","Description":"The ParentID of this div","List":""},{"Key":"FlexType","DisplayName":"Flex Type","FieldType":"String","DefaultValue":"String","Description":"Flex Type","List":"1|auto|flex|initial|none"},{"Key":"AlignContent","DisplayName":"Align Content","FieldType":"String","DefaultValue":"","Description":"Align Content","List":"around|baseline|between|center|end|evenly|none|start"},{"Key":"AlignItems","DisplayName":"Align Items (Vertically)","FieldType":"String","DefaultValue":"","Description":"Align Items","List":"baseline|baseline|center|end|none|start"},{"Key":"JustifyContent","DisplayName":"Justify Content (Horizontally)","FieldType":"String","DefaultValue":"","Description":"Justify Content","List":"around|between|center|end|evenly|none|start"},{"Key":"AlignSelf","DisplayName":"Align Self","FieldType":"String","DefaultValue":"","Description":"Align Self","List":"auto|baseline|center|end|none|start|stretch"},{"Key":"BgColor","DisplayName":"Bg Color","FieldType":"String","DefaultValue":"","Description":"Background Color","List":""},{"Key":"BgColorIntensity","DisplayName":"Bg Color Intensity","FieldType":"String","DefaultValue":"","Description":"Background Color Intensity","List":""},{"Key":"FlexBasis","DisplayName":"Flex Basis","FieldType":"String","DefaultValue":"","Description":"Flex Basis","List":""},{"Key":"FlexDirection","DisplayName":"Flex Direction","FieldType":"String","DefaultValue":"","Description":"Flex Direction","List":"col|col-reverse|none|row|row-reverse"},{"Key":"FlexGrow","DisplayName":"Flex Grow","FieldType":"String","DefaultValue":"","Description":"Flex Grow","List":"none|grow|0"},{"Key":"FlexShrink","DisplayName":"Flex Shrink","FieldType":"String","DefaultValue":"","Description":"Flex Shrink","List":"none|shrink|0"},{"Key":"Gap","DisplayName":"Gap","FieldType":"String","DefaultValue":"","Description":"Gap","List":""},{"Key":"HorizontalGap","DisplayName":"Horizontal Gap","FieldType":"String","DefaultValue":"","Description":"Horizontal Gap","List":""},{"Key":"VerticalGap","DisplayName":"Vertical Gap","FieldType":"String","DefaultValue":"","Description":"Vertical Gap","List":""},{"Key":"Height","DisplayName":"Height","FieldType":"String","DefaultValue":"","Description":"Height","List":""},{"Key":"MinHeight","DisplayName":"Min Height","FieldType":"String","DefaultValue":"","Description":"Min Height","List":""},{"Key":"MaxHeight","DisplayName":"Max Height","FieldType":"String","DefaultValue":"","Description":"Max Height","List":""},{"Key":"Width","DisplayName":"Width","FieldType":"String","DefaultValue":"","Description":"Width","List":""},{"Key":"MinWidth","DisplayName":"Min Width","FieldType":"String","DefaultValue":"","Description":"Min Width","List":""},{"Key":"MaxWidth","DisplayName":"Max Width","FieldType":"String","DefaultValue":"","Description":"Max Width","List":""},{"Key":"HorizontalSpacing","DisplayName":"Horizontal Spacing","FieldType":"String","DefaultValue":"0","Description":"Horizontal Spacing","List":"0|0.5|1|1.5|2|2.5|3|3.5|4|5|6|7|8|9|10"},{"Key":"VerticalSpacing","DisplayName":"Vertical Spacing","FieldType":"String","DefaultValue":"","Description":"Vertical Spacing","List":"0|0.5|1|1.5|2|2.5|3|3.5|4|5|6|7|8|9|10"},{"Key":"JustifyItems","DisplayName":"Justify Items","FieldType":"String","DefaultValue":"","Description":"Justify Items","List":"center|end|none|start|stretch"},{"Key":"JustifySelf","DisplayName":"Justify Self","FieldType":"String","DefaultValue":"","Description":"Justify Self","List":"center|end|none|start|stretch"},{"Key":"Order","DisplayName":"Order","FieldType":"String","DefaultValue":"","Description":"Order","List":"1|10|11|12|2|3|4|5|6|7|8|9|first|last|none"},{"Key":"PlaceContent","DisplayName":"Place Content","FieldType":"String","DefaultValue":"","Description":"Place Content","List":"around|baseline|between|center|end|evenly|none|start|stretch"},{"Key":"PlaceItems","DisplayName":"Place Items","FieldType":"String","DefaultValue":"","Description":"Place Items","List":"baseline|center|end|none|start|stretch"},{"Key":"PlaceSelf","DisplayName":"Place Self","FieldType":"String","DefaultValue":"String","Description":"Place Self","List":"auto|center|end|none|start|stretch"},{"Key":"TextColor","DisplayName":"Text Color","FieldType":"String","DefaultValue":"","Description":"Text Color","List":""},{"Key":"TextColorIntensity","DisplayName":"Text Color Intensity","FieldType":"String","DefaultValue":"","Description":"Text Color Intensity","List":""},{"Key":"Wrap","DisplayName":"Wrap","FieldType":"String","DefaultValue":"","Description":"Wrap","List":"flex-nowrap|flex-wrap|flex-wrap-reverse|none"},{"Key":"Visible","DisplayName":"Visible","FieldType":"Boolean","DefaultValue":"True","Description":"If visible.","List":""},{"Key":"MarginAXYTBLR","DisplayName":"Margins","FieldType":"String","DefaultValue":"a=?; x=?; y=?; t=?; b=?; l=?; r=?","Description":"Margins A-X-Y-T-B-L-R","List":""},{"Key":"PaddingAXYTBLR","DisplayName":"Paddings","FieldType":"String","DefaultValue":"a=?; x=?; y=?; t=?; b=?; l=?; r=?","Description":"Paddings A-X-Y-T-B-L-R","List":""},{"Key":"RawClasses","DisplayName":"Classes","FieldType":"String","DefaultValue":"","Description":"Classes added to the HTML tag.","List":""},{"Key":"RawStyles","DisplayName":"Styles","FieldType":"String","DefaultValue":"","Description":"Styles added to the HTML tag. Must be a json String- use =","List":""},{"Key":"RawAttributes","DisplayName":"Attributes","FieldType":"String","DefaultValue":"","Description":"Attributes added to the HTML tag. Must be a json String- use =","List":""}],"events":[{"name":"Click (e As BANanoEvent)"}],"methods":[{"name":"Class_Globals","signature":"Class_Globals"},{"name":"DesignerCreateView","signature":"DesignerCreateView (Target As BANanoElement, Props As Map)"},{"name":"Initialize","signature":"Initialize (CallBack As Object, cName As String, EventName As String)"},{"name":"CreateDiv","signature":"CreateDiv(mCallback As Object, ParentID As String, ID As String) As SDUIFlex"},{"name":"shadow","signature":"shadow(s As String)"},{"name":"RoundedBox","signature":"RoundedBox"},{"name":"TextColorIntensity","signature":"TextColorIntensity(hcolor As String, intensity As String)"},{"name":"BGColorIntensity","signature":"BGColorIntensity(c As String, s As String)"},{"name":"alignContent","signature":"alignContent(s As String) As SDUIFlex"},{"name":"alignItems","signature":"alignItems(s As String) As SDUIFlex"},{"name":"alignSelf","signature":"alignSelf(s As String) As SDUIFlex"},{"name":"flexBasis","signature":"flexBasis(s As String) As SDUIFlex"},{"name":"flexDirection","signature":"flexDirection(s As String) As SDUIFlex"},{"name":"flexGrow","signature":"flexGrow(s As String) As SDUIFlex"},{"name":"flexShrink","signature":"flexShrink(s As String) As SDUIFlex"},{"name":"flexType","signature":"flexType(s As String) As SDUIFlex"},{"name":"gap","signature":"gap(s As String) As SDUIFlex"},{"name":"height","signature":"height(s As String) As SDUIFlex"},{"name":"horizontalGap","signature":"horizontalGap(s As String) As SDUIFlex"},{"name":"horizontalSpacing","signature":"horizontalSpacing(s As String) As SDUIFlex"},{"name":"justifyContent","signature":"justifyContent(s As String) As SDUIFlex"},{"name":"justifyItems","signature":"justifyItems(s As String) As SDUIFlex"},{"name":"justifySelf","signature":"justifySelf(s As String) As SDUIFlex"},{"name":"maxHeight","signature":"maxHeight(s As String) As SDUIFlex"},{"name":"maxWidth","signature":"maxWidth(s As String) As SDUIFlex"},{"name":"minHeight","signature":"minHeight(s As String) As SDUIFlex"},{"name":"minWidth","signature":"minWidth(s As String) As SDUIFlex"},{"name":"order","signature":"order(s As String) As SDUIFlex"},{"name":"placeContent","signature":"placeContent(s As String) As SDUIFlex"},{"name":"placeItems","signature":"placeItems(s As String) As SDUIFlex"},{"name":"placeSelf","signature":"placeSelf(s As String) As SDUIFlex"},{"name":"verticalGap","signature":"verticalGap(s As String) As SDUIFlex"},{"name":"verticalSpacing","signature":"verticalSpacing(s As String) As SDUIFlex"},{"name":"width","signature":"width(s As String) As SDUIFlex"},{"name":"wrap","signature":"wrap(s As String) As SDUIFlex"},{"name":"AssignElement","signature":"AssignElement(mCallBack As Object, ID As String)"},{"name":"Enable","signature":"Enable"},{"name":"Disable","signature":"Disable"},{"name":"getName","signature":"getName As String"},{"name":"getHere","signature":"getHere As String"},{"name":"Show","signature":"Show"},{"name":"Hide","signature":"Hide"},{"name":"Empty","signature":"Empty"},{"name":"AddToParent","signature":"AddToParent(targetID As String, props As Map)"},{"name":"HideOnSmall","signature":"HideOnSmall"},{"name":"HideOnMedium","signature":"HideOnMedium"},{"name":"HideOnLarge","signature":"HideOnLarge"},{"name":"LinkExisting","signature":"LinkExisting"},{"name":"setParentID","signature":"setParentID(s As String)"},{"name":"setBgColor","signature":"setBgColor(s As String)"},{"name":"setTextColor","signature":"setTextColor(s As String)"},{"name":"setVisible","signature":"setVisible(b As Boolean)"},{"name":"setMarginAXYTBLR","signature":"setMarginAXYTBLR(s As String)"},{"name":"setPaddingAXYTBLR","signature":"setPaddingAXYTBLR(s As String)"},{"name":"setClasses","signature":"setClasses(s As String)"},{"name":"setStyles","signature":"setStyles(s As String)"},{"name":"setAttributes","signature":"setAttributes(s As String)"},{"name":"getParentID","signature":"getParentID As String"},{"name":"getBgColor","signature":"getBgColor As String"},{"name":"getTextColor","signature":"getTextColor As String"},{"name":"getVisible","signature":"getVisible As Boolean"},{"name":"getMarginAXYTBLR","signature":"getMarginAXYTBLR As String"},{"name":"getPaddingAXYTBLR","signature":"getPaddingAXYTBLR As String"},{"name":"getClasses","signature":"getClasses As String"},{"name":"getStyles","signature":"getStyles As String"},{"name":"getAttributes","signature":"getAttributes As String"}]}