{"properties":[{"Key":"ParentID","DisplayName":"ParentID","FieldType":"String","DefaultValue":"","Description":"The ParentID of this div","List":""},{"Key":"Title","DisplayName":"Title","FieldType":"String","DefaultValue":"SithasoDaisy","Description":"Title","List":""},{"Key":"TitleVisible","DisplayName":"Title Visible","FieldType":"Boolean","DefaultValue":"True","Description":"Title Visible","List":""},{"Key":"RawMessage","DisplayName":"Message (HTML)","FieldType":"String","DefaultValue":"","Description":"Message (Html)","List":""},{"Key":"Width","DisplayName":"Width","FieldType":"String","DefaultValue":"700px","Description":"Width","List":""},{"Key":"Height","DisplayName":"Height","FieldType":"String","DefaultValue":"","Description":"Height","List":""},{"Key":"OwnActions","DisplayName":"Own Actions","FieldType":"Boolean","DefaultValue":"False","Description":"Own Actions","List":""},{"Key":"YesCaption","DisplayName":"Yes Caption","FieldType":"String","DefaultValue":"Yes","Description":"Yes Button Caption","List":""},{"Key":"YesColor","DisplayName":"Yes Color","FieldType":"String","DefaultValue":"success","Description":"Yes Button Color","List":""},{"Key":"YesTextColor","DisplayName":"Yes Text Color","FieldType":"String","DefaultValue":"white","Description":"Yes Text Color","List":""},{"Key":"YesVisible","DisplayName":"Yes Visible","FieldType":"Boolean","DefaultValue":"True","Description":"Yes Button Visible","List":""},{"Key":"NoCaption","DisplayName":"No Caption","FieldType":"String","DefaultValue":"No","Description":"No Button Caption","List":""},{"Key":"NoColor","DisplayName":"No Color","FieldType":"String","DefaultValue":"error","Description":"No Button Color","List":""},{"Key":"NoTextColor","DisplayName":"No Text Color","FieldType":"String","DefaultValue":"white","Description":"No Text Color","List":""},{"Key":"NoVisible","DisplayName":"No Visible","FieldType":"Boolean","DefaultValue":"True","Description":"No Button Visible","List":""},{"Key":"CancelCaption","DisplayName":"Cancel Caption","FieldType":"String","DefaultValue":"Cancel","Description":"Cancel Button Caption","List":""},{"Key":"CancelColor","DisplayName":"Cancel Color","FieldType":"String","DefaultValue":"gray","Description":"Cancel Button Color","List":""},{"Key":"CancelTextColor","DisplayName":"Cancel Text Color","FieldType":"String","DefaultValue":"black","Description":"Cancel Text Color","List":""},{"Key":"CancelVisible","DisplayName":"Cancel Visible","FieldType":"Boolean","DefaultValue":"True","Description":"Cancel Button Visible","List":""},{"Key":"Bottom","DisplayName":"Bottom","FieldType":"Boolean","DefaultValue":"False","Description":"Moves Modal To The Bottom","List":""},{"Key":"Middle","DisplayName":"Middle","FieldType":"Boolean","DefaultValue":"False","Description":"Moves The Modal To The Middle","List":""},{"Key":"IsDrawer","DisplayName":"Is Drawer","FieldType":"Boolean","DefaultValue":"False","Description":"This Modal Is A Drawer","List":""},{"Key":"IsRightDrawer","DisplayName":"Is Right Drawer","FieldType":"Boolean","DefaultValue":"False","Description":"The Drawer Should Be On The Right","List":""},{"Key":"IsOpen","DisplayName":"Modal Open","FieldType":"Boolean","DefaultValue":"False","Description":"Open & Close via Class","List":""},{"Key":"Visible","DisplayName":"Showing","FieldType":"Boolean","DefaultValue":"False","Description":"Showing Initially","List":""},{"Key":"Glass","DisplayName":"Glass","FieldType":"Boolean","DefaultValue":"False","Description":"Glass","List":""},{"Key":"OverlayBgColor","DisplayName":"Overlay Bg Color","FieldType":"String","DefaultValue":"","Description":"Overlay Background Color","List":""},{"Key":"OverlayBgColorIntensity","DisplayName":"Overlay Bg Color Intensity","FieldType":"String","DefaultValue":"","Description":"Overlay Background Color Intensity","List":""},{"Key":"OverlayTransparent","DisplayName":"Overlay Transparent","FieldType":"Boolean","DefaultValue":"False","Description":"Overlay Transparent","List":""},{"Key":"CloseAble","DisplayName":"CloseAble","FieldType":"Boolean","DefaultValue":"False","Description":"Show the closing button","List":""},{"Key":"RawTitleClass","DisplayName":"Title Class","FieldType":"String","DefaultValue":"","Description":"Title Classes","List":""},{"Key":"RawContentClass","DisplayName":"Content Class","FieldType":"String","DefaultValue":"","Description":"Content Classes","List":""},{"Key":"RawActionsClass","DisplayName":"Actions Class","FieldType":"String","DefaultValue":"","Description":"Actions Classes","List":""},{"Key":"MarginAXYTBLR","DisplayName":"Margins","FieldType":"String","DefaultValue":"a=?; x=?; y=?; t=?; b=?; l=?; r=?","Description":"Margins A-X-Y-T-B-L-R","List":""},{"Key":"PaddingAXYTBLR","DisplayName":"Paddings","FieldType":"String","DefaultValue":"a=?; x=?; y=?; t=?; b=?; l=?; r=?","Description":"Paddings A-X-Y-T-B-L-R","List":""},{"Key":"RawClasses","DisplayName":"Classes","FieldType":"String","DefaultValue":"","Description":"Classes added to the HTML tag.","List":""},{"Key":"RawStyles","DisplayName":"Styles","FieldType":"String","DefaultValue":"","Description":"Styles added to the HTML tag. Must be a json String- use =","List":""},{"Key":"RawAttributes","DisplayName":"Attributes","FieldType":"String","DefaultValue":"","Description":"Attributes added to the HTML tag. Must be a json String- use =","List":""}],"events":[{"name":"Yes_Click (e As BANanoEvent)"},{"name":"No_Click (e As BANanoEvent)"},{"name":"Cancel_Click (e As BANanoEvent)"},{"name":"Submit (e As BaNanoEvent)"}],"methods":[{"name":"Creating","signature":"Creating"},{"name":"Updating","signature":"Updating"},{"name":"Reading","signature":"Reading"},{"name":"Deleting","signature":"Deleting"},{"name":"AddModal","signature":"AddModal(mCallback As Object, ParentID As String, ID As String, Label As String, YesLabel As String, NoLabel As String, CancelLabel As String, xWidth As String)"},{"name":"AddModalClickOutSide","signature":"AddModalClickOutSide(mCallback As Object, ParentID As String, ID As String, Label As String, YesLabel As String, NoLabel As String, CancelLabel As String, xWidth As String)"},{"name":"setWidth","signature":"setWidth(s As String)"},{"name":"setHeight","signature":"setHeight(s As String)"},{"name":"setFormAction","signature":"setFormAction(s As String)"},{"name":"setFormMethod","signature":"setFormMethod(s As String)"},{"name":"setFormNoValidate","signature":"setFormNoValidate(b As Boolean)"},{"name":"FormSubmit","signature":"FormSubmit"},{"name":"FormClear","signature":"FormClear"},{"name":"GetFormData","signature":"GetFormData As Map"},{"name":"SetFormData","signature":"SetFormData(dataJSON As Map)"},{"name":"OverlayBGColorIntensity","signature":"OverlayBGColorIntensity(c As String, s As String)"},{"name":"PreventFormSubmission","signature":"PreventFormSubmission"},{"name":"setTitleCaption","signature":"setTitleCaption(s As String)"},{"name":"AddModalAsDrawer","signature":"AddModalAsDrawer(mCallback As Object, ParentID As String, ID As String, position As String, iwidth As String)"},{"name":"setFormName","signature":"setFormName(s As String)"},{"name":"getFormID","signature":"getFormID As String"},{"name":"AddClass","signature":"AddClass(xText As String)"},{"name":"RemoveStyle","signature":"RemoveStyle(s As String)"},{"name":"ToggleClass","signature":"ToggleClass(s As String)"},{"name":"AssignElement","signature":"AssignElement(mCallBack As Object, ID As String)"},{"name":"BottomResponsive","signature":"BottomResponsive(xs As Boolean, sm As Boolean, md As Boolean, lg As Boolean)"},{"name":"MiddleResponsive","signature":"MiddleResponsive(xs As Boolean, sm As Boolean, md As Boolean, lg As Boolean)"},{"name":"setYesLoading","signature":"setYesLoading(b As Boolean)"},{"name":"setNoLoading","signature":"setNoLoading(b As Boolean)"},{"name":"setCancelLoading","signature":"setCancelLoading(b As Boolean)"},{"name":"Enable","signature":"Enable"},{"name":"Disable","signature":"Disable"},{"name":"AddAction","signature":"AddAction(itemID As String, actionCaption As String) As SDUIButton"},{"name":"Show","signature":"Show"},{"name":"Hide","signature":"Hide"},{"name":"On","signature":"On(event As String, CallBack As Object, MethodName As String)"},{"name":"getToggle","signature":"getToggle As String"},{"name":"ClearActions","signature":"ClearActions"},{"name":"setMessage","signature":"setMessage(s As String)"},{"name":"setMessageHTML","signature":"setMessageHTML(s As String)"},{"name":"getName","signature":"getName As String"},{"name":"getHere","signature":"getHere As String"},{"name":"setOpen","signature":"setOpen(b As Boolean)"},{"name":"Bottom","signature":"Bottom(b As Boolean)"},{"name":"Middle","signature":"Middle(b As Boolean)"},{"name":"CellID","signature":"CellID(xRow As Int, xCol As Int) As String"},{"name":"Row","signature":"Row(xRow As Int) As SDUIDiv"},{"name":"Cell","signature":"Cell(xRow As Int, xCol As Int) As SDUIDiv"},{"name":"BuildGrid","signature":"BuildGrid"},{"name":"ResetValidation","signature":"ResetValidation"},{"name":"YesClickValidateEach","signature":"YesClickValidateEach"},{"name":"YesClickValidateForm","signature":"YesClickValidateForm"},{"name":"Validate","signature":"Validate(response As Boolean)"},{"name":"IsValid","signature":"IsValid As Boolean"},{"name":"setW","signature":"setW(xWidth As String)"},{"name":"setMaxW","signature":"setMaxW(w As String)"},{"name":"setMaxWidth","signature":"setMaxWidth(xWidth As String)"},{"name":"WFull","signature":"WFull"},{"name":"setYesVisible","signature":"setYesVisible(b As Boolean)"},{"name":"setNoVisible","signature":"setNoVisible(b As Boolean)"},{"name":"setCancelVisible","signature":"setCancelVisible(b As Boolean)"},{"name":"setYesCaption","signature":"setYesCaption(s As String)"},{"name":"setNoCaption","signature":"setNoCaption(s As String)"},{"name":"setCancelCaption","signature":"setCancelCaption(S As String)"},{"name":"setButtonsOutlined","signature":"setButtonsOutlined(b As Boolean)"},{"name":"setButtonsRounded","signature":"setButtonsRounded(b As Boolean)"},{"name":"setYesColor","signature":"setYesColor(s As String)"},{"name":"setNoColor","signature":"setNoColor(s As String)"},{"name":"setCancelColor","signature":"setCancelColor(S As String)"},{"name":"setCancelTextColor","signature":"setCancelTextColor(s As String)"},{"name":"setNoTextColor","signature":"setNoTextColor(s As String)"},{"name":"setYesTextColor","signature":"setYesTextColor(s As String)"},{"name":"Confirm","signature":"Confirm(sProcess As String, xTitle As String, Message As String, ConfirmText As String, CancelText As String)"},{"name":"Alert","signature":"Alert(sProcess As String, xTitle As String, Message As String, ConfirmText As String)"},{"name":"getHeight","signature":"getHeight As String"},{"name":"setTitleVisible","signature":"setTitleVisible(b As Boolean)"},{"name":"setOverlayTransparent","signature":"setOverlayTransparent(b As Boolean)"},{"name":"RemoveClass","signature":"RemoveClass(xText As String)"},{"name":"setOwnActions","signature":"setOwnActions(b As Boolean)"},{"name":"setCloseAble","signature":"setCloseAble(b As Boolean)"},{"name":"setActionClass","signature":"setActionClass(s As String)"},{"name":"setContentClass","signature":"setContentClass(s As String)"},{"name":"setTitleClass","signature":"setTitleClass(s As String)"},{"name":"Initialize","signature":"Initialize (CallBack As Object, cName As String, EventName As String)"},{"name":"shadow","signature":"shadow(s As String)"},{"name":"RoundedBox","signature":"RoundedBox"},{"name":"TextColorIntensity","signature":"TextColorIntensity(hcolor As String, intensity As String)"},{"name":"BGColorIntensity","signature":"BGColorIntensity(c As String, s As String)"},{"name":"getFormHere","signature":"getFormHere As String"},{"name":"GetData","signature":"GetData As Map"},{"name":"SetData","signature":"SetData(dataJSON As Map)"},{"name":"setGlass","signature":"setGlass(b As Boolean)"},{"name":"AddToParent","signature":"AddToParent(targetID As String, props As Map)"},{"name":"LinkExisting","signature":"LinkExisting"},{"name":"Components","signature":"Components(key As String) As Object"},{"name":"GetComponentID","signature":"GetComponentID(s As String) As String"},{"name":"setParentID","signature":"setParentID(s As String)"},{"name":"setIsDrawer","signature":"setIsDrawer(b As Boolean)"},{"name":"setIsRightDrawer","signature":"setIsRightDrawer(b As Boolean)"},{"name":"setIsOpen","signature":"setIsOpen(b As Boolean)"},{"name":"setVisible","signature":"setVisible(b As Boolean)"},{"name":"setOverlayBgColor","signature":"setOverlayBgColor(s As String)"},{"name":"setOverlayBgColorIntensity","signature":"setOverlayBgColorIntensity(s As String)"},{"name":"setMarginAXYTBLR","signature":"setMarginAXYTBLR(s As String)"},{"name":"setPaddingAXYTBLR","signature":"setPaddingAXYTBLR(s As String)"},{"name":"setClasses","signature":"setClasses(s As String)"},{"name":"setStyles","signature":"setStyles(s As String)"},{"name":"setAttributes","signature":"setAttributes(s As String)"},{"name":"getParentID","signature":"getParentID As String"},{"name":"getTitle","signature":"getTitle As String"},{"name":"getTitleVisible","signature":"getTitleVisible As Boolean"},{"name":"getMessage","signature":"getMessage As String"},{"name":"getWidth","signature":"getWidth As String"},{"name":"getOwnActions","signature":"getOwnActions As Boolean"},{"name":"getYesCaption","signature":"getYesCaption As String"},{"name":"getYesColor","signature":"getYesColor As String"},{"name":"getYesTextColor","signature":"getYesTextColor As String"},{"name":"getYesVisible","signature":"getYesVisible As Boolean"},{"name":"getNoCaption","signature":"getNoCaption As String"},{"name":"getNoColor","signature":"getNoColor As String"},{"name":"getNoTextColor","signature":"getNoTextColor As String"},{"name":"getNoVisible","signature":"getNoVisible As Boolean"},{"name":"getCancelCaption","signature":"getCancelCaption As String"},{"name":"getCancelColor","signature":"getCancelColor As String"},{"name":"getCancelTextColor","signature":"getCancelTextColor As String"},{"name":"getCancelVisible","signature":"getCancelVisible As Boolean"},{"name":"getBottom","signature":"getBottom As Boolean"},{"name":"getMiddle","signature":"getMiddle As Boolean"},{"name":"getIsDrawer","signature":"getIsDrawer As Boolean"},{"name":"getIsRightDrawer","signature":"getIsRightDrawer As Boolean"},{"name":"getIsOpen","signature":"getIsOpen As Boolean"},{"name":"getVisible","signature":"getVisible As Boolean"},{"name":"getGlass","signature":"getGlass As Boolean"},{"name":"getOverlayBgColor","signature":"getOverlayBgColor As String"},{"name":"getOverlayBgColorIntensity","signature":"getOverlayBgColorIntensity As String"},{"name":"getOverlayTransparent","signature":"getOverlayTransparent As Boolean"},{"name":"getCloseAble","signature":"getCloseAble As Boolean"},{"name":"getTitleClass","signature":"getTitleClass As String"},{"name":"getContentClass","signature":"getContentClass As String"},{"name":"getActionClass","signature":"getActionClass As String"},{"name":"getMarginAXYTBLR","signature":"getMarginAXYTBLR As String"},{"name":"getPaddingAXYTBLR","signature":"getPaddingAXYTBLR As String"},{"name":"getClasses","signature":"getClasses As String"},{"name":"getStyles","signature":"getStyles As String"},{"name":"getAttributes","signature":"getAttributes As String"},{"name":"setTitle","signature":"setTitle(s As String)"},{"name":"setActionsClass","signature":"setActionsClass(s As String)"},{"name":"getActionsClass","signature":"getActionsClass As String"}]}