{"properties":[{"Key":"ParentID","DisplayName":"ParentID","FieldType":"String","DefaultValue":"","Description":"The ParentID of this div","List":""},{"Key":"Caption","DisplayName":"Caption","FieldType":"String","DefaultValue":"Progress 1","Description":"Caption","List":""},{"Key":"RowView","DisplayName":"Row View","FieldType":"Boolean","DefaultValue":"False","Description":"Row View","List":""},{"Key":"Position","DisplayName":"Position","FieldType":"String","DefaultValue":"right","Description":"Position of radio","List":"left|right"},{"Key":"RawKeyValues","DisplayName":"Key Values","FieldType":"String","DefaultValue":"b4a","Description":"Key Values For The Items [k","List":""},{"Key":"Value","DisplayName":"Value","FieldType":"String","DefaultValue":"b4a","Description":"Value","List":""},{"Key":"Size","DisplayName":"Size","FieldType":"String","DefaultValue":"none","Description":"Size","List":"lg|md|sm|xs|none"},{"Key":"Width","DisplayName":"Width","FieldType":"String","DefaultValue":"full","Description":"Width","List":""},{"Key":"Color","DisplayName":"Color","FieldType":"String","DefaultValue":"primary","Description":"Variant","List":"accent|error|info|none|nuetral|primary|secondary|success|warning"},{"Key":"CaptionColor","DisplayName":"Caption Color","FieldType":"String","DefaultValue":"","Description":"Caption Color","List":""},{"Key":"Hint","DisplayName":"Hint","FieldType":"String","DefaultValue":"","Description":"Hint","List":""},{"Key":"AutoFocus","DisplayName":"Auto Focus","FieldType":"Boolean","DefaultValue":"False","Description":"Auto Focus","List":""},{"Key":"ReadOnly","DisplayName":"Read Only","FieldType":"Boolean","DefaultValue":"False","Description":"Read Only","List":""},{"Key":"Required","DisplayName":"Required","FieldType":"Boolean","DefaultValue":"False","Description":"Is Required","List":""},{"Key":"Rounded","DisplayName":"Rounded","FieldType":"String","DefaultValue":"","Description":"Rounded","List":""},{"Key":"RoundedBox","DisplayName":"Rounded Box","FieldType":"Boolean","DefaultValue":"False","Description":"Rounded Box","List":""},{"Key":"Bordered","DisplayName":"Bordered","FieldType":"Boolean","DefaultValue":"True","Description":"Bordered","List":""},{"Key":"BorderColor","DisplayName":"Border Color","FieldType":"String","DefaultValue":"","Description":"Border Color","List":""},{"Key":"BorderColorIntensity","DisplayName":"Border Color Intensity","FieldType":"String","DefaultValue":"","Description":"Border Color Intensity","List":""},{"Key":"Disabled","DisplayName":"Disabled","FieldType":"Boolean","DefaultValue":"False","Description":"If Disabled","List":""},{"Key":"ErrorMessage","DisplayName":"Error Message","FieldType":"String","DefaultValue":"","Description":"Error Message","List":""},{"Key":"HideDetails","DisplayName":"Hide Details","FieldType":"Boolean","DefaultValue":"False","Description":"Hide Details","List":""},{"Key":"Visible","DisplayName":"Visible","FieldType":"Boolean","DefaultValue":"True","Description":"If visible.","List":""},{"Key":"MarginAXYTBLR","DisplayName":"Margins","FieldType":"String","DefaultValue":"a=?; x=?; y=?; t=?; b=?; l=?; r=?","Description":"Margins A-X-Y-T-B-L-R","List":""},{"Key":"PaddingAXYTBLR","DisplayName":"Paddings","FieldType":"String","DefaultValue":"a=?; x=?; y=?; t=?; b=?; l=?; r=?","Description":"Paddings A-X-Y-T-B-L-R","List":""},{"Key":"RawClasses","DisplayName":"Classes","FieldType":"String","DefaultValue":"","Description":"Classes added to the HTML tag.","List":""},{"Key":"RawStyles","DisplayName":"Styles","FieldType":"String","DefaultValue":"","Description":"Styles added to the HTML tag. Must be a json String- use =","List":""},{"Key":"RawAttributes","DisplayName":"Attributes","FieldType":"String","DefaultValue":"","Description":"Attributes added to the HTML tag. Must be a json String- use =","List":""}],"events":[{"name":"Change (item As String)"}],"methods":[{"name":"AddRadioGroup","signature":"AddRadioGroup(mCallback As Object, ParentID As String, sID As String, xCaption As String, xHint As String, xRowView As Boolean, xSize As String, xColor As String) As SDUIRadioGroup"},{"name":"setHideDetails","signature":"setHideDetails(b As Boolean)"},{"name":"AssignElement","signature":"AssignElement(mCallBack As Object, ID As String)"},{"name":"setW","signature":"setW(v As String)"},{"name":"setBordered","signature":"setBordered(b As Boolean)"},{"name":"setHintCaption","signature":"setHintCaption(l As String)"},{"name":"SizeLG","signature":"SizeLG"},{"name":"SizeSM","signature":"SizeSM"},{"name":"SizeMD","signature":"SizeMD"},{"name":"SizeXS","signature":"SizeXS"},{"name":"setSize","signature":"setSize(s As String)"},{"name":"setColor","signature":"setColor(s As String)"},{"name":"SizeLGResponsive","signature":"SizeLGResponsive(xs As Boolean, sm As Boolean, md As Boolean, lg As Boolean)"},{"name":"SizeMDResponsive","signature":"SizeMDResponsive(xs As Boolean, sm As Boolean, md As Boolean, lg As Boolean)"},{"name":"SizeSMResponsive","signature":"SizeSMResponsive(xs As Boolean, sm As Boolean, md As Boolean, lg As Boolean)"},{"name":"SizeXSResponsive","signature":"SizeXSResponsive(xs As Boolean, sm As Boolean, md As Boolean, lg As Boolean)"},{"name":"Item","signature":"Item(i As String) As SDUIRadio"},{"name":"AddItem","signature":"AddItem(itemID As String, sLabel As String)"},{"name":"SetItemColor","signature":"SetItemColor(itemx As String, color As String)"},{"name":"SetItemCheckedColor","signature":"SetItemCheckedColor(itemx As String, color As String)"},{"name":"setCheckedColor","signature":"setCheckedColor(s As String)"},{"name":"SetItems","signature":"SetItems(m As Map)"},{"name":"SetItemsSort","signature":"SetItemsSort(m As Map)"},{"name":"SetItemsSort1","signature":"SetItemsSort1(m As Map,bAddNothingSelected As Boolean)"},{"name":"SetItems1","signature":"SetItems1(m As Map, bAddNothingSelected As Boolean)"},{"name":"SetItemsList","signature":"SetItemsList(m As List)"},{"name":"SetItemsList1","signature":"SetItemsList1(m As List, bSort As Boolean, bAddNothingSelected As Boolean)"},{"name":"SetItemsFromKeyValues","signature":"SetItemsFromKeyValues(bHasNothing As Boolean, result As List, k As String, v As String)"},{"name":"On","signature":"On(event As String, CallBack As Object, MethodName As String)"},{"name":"getHere","signature":"getHere As String"},{"name":"setCaption","signature":"setCaption(l As String)"},{"name":"getName","signature":"getName As String"},{"name":"Show","signature":"Show"},{"name":"Hide","signature":"Hide"},{"name":"Enable","signature":"Enable"},{"name":"Disable","signature":"Disable"},{"name":"setEnabled","signature":"setEnabled(b As Boolean)"},{"name":"getEnabled","signature":"getEnabled As Boolean"},{"name":"Clear","signature":"Clear"},{"name":"getValue","signature":"getValue As String"},{"name":"setValue","signature":"setValue(s As String)"},{"name":"setErrorMessage","signature":"setErrorMessage(p As String)"},{"name":"setReadOnly","signature":"setReadOnly(b As Boolean)"},{"name":"setBorderColor","signature":"setBorderColor(s As String)"},{"name":"HintColorIntensity","signature":"HintColorIntensity(hcolor As String, intensity As String)"},{"name":"IsBlank","signature":"IsBlank As Boolean"},{"name":"ResetValidation","signature":"ResetValidation"},{"name":"Initialize","signature":"Initialize (CallBack As Object, cName As String, EventName As String)"},{"name":"setPosition","signature":"setPosition(s As String)"},{"name":"shadow","signature":"shadow(s As String)"},{"name":"setRounded","signature":"setRounded(s As String)"},{"name":"RoundedBox","signature":"RoundedBox"},{"name":"TextColorIntensity","signature":"TextColorIntensity(hcolor As String, intensity As String)"},{"name":"BGColorIntensity","signature":"BGColorIntensity(c As String, s As String)"},{"name":"BorderColorIntensity","signature":"BorderColorIntensity(c As String, i As String)"},{"name":"LoadComponentJson","signature":"LoadComponentJson(designName As String)"},{"name":"AddToParent","signature":"AddToParent(targetID As String, props As Map)"},{"name":"focus","signature":"focus"},{"name":"wFull","signature":"wFull As SDUIRadioGroup"},{"name":"HideOnSmall","signature":"HideOnSmall"},{"name":"HideOnMedium","signature":"HideOnMedium"},{"name":"HideOnLarge","signature":"HideOnLarge"},{"name":"LinkExisting","signature":"LinkExisting"},{"name":"OnEvent\t\t\t'ignore","signature":"OnEvent(event As String, Module As Object, methodName As String, args As List)\t\t\t'ignore"},{"name":"setParentID","signature":"setParentID(s As String)"},{"name":"setRowView","signature":"setRowView(b As Boolean)"},{"name":"setKeyValues","signature":"setKeyValues(s As String)"},{"name":"setWidth","signature":"setWidth(s As String)"},{"name":"setHint","signature":"setHint(s As String)"},{"name":"setAutoFocus","signature":"setAutoFocus(b As Boolean)"},{"name":"setRequired","signature":"setRequired(b As Boolean)"},{"name":"setDisabled","signature":"setDisabled(b As Boolean)"},{"name":"setVisible","signature":"setVisible(b As Boolean)"},{"name":"setMarginAXYTBLR","signature":"setMarginAXYTBLR(s As String)"},{"name":"setPaddingAXYTBLR","signature":"setPaddingAXYTBLR(s As String)"},{"name":"setClasses","signature":"setClasses(s As String)"},{"name":"setStyles","signature":"setStyles(s As String)"},{"name":"setAttributes","signature":"setAttributes(s As String)"},{"name":"getParentID","signature":"getParentID As String"},{"name":"getCaption","signature":"getCaption As String"},{"name":"getRowView","signature":"getRowView As Boolean"},{"name":"getKeyValues","signature":"getKeyValues As String"},{"name":"getSize","signature":"getSize As String"},{"name":"getWidth","signature":"getWidth As String"},{"name":"getColor","signature":"getColor As String"},{"name":"getHint","signature":"getHint As String"},{"name":"getAutoFocus","signature":"getAutoFocus As Boolean"},{"name":"getReadOnly","signature":"getReadOnly As Boolean"},{"name":"getRequired","signature":"getRequired As Boolean"},{"name":"getRounded","signature":"getRounded As String"},{"name":"getBordered","signature":"getBordered As Boolean"},{"name":"getBorderColor","signature":"getBorderColor As String"},{"name":"getDisabled","signature":"getDisabled As Boolean"},{"name":"getErrorMessage","signature":"getErrorMessage As String"},{"name":"getHideDetails","signature":"getHideDetails As Boolean"},{"name":"getVisible","signature":"getVisible As Boolean"},{"name":"getMarginAXYTBLR","signature":"getMarginAXYTBLR As String"},{"name":"getPaddingAXYTBLR","signature":"getPaddingAXYTBLR As String"},{"name":"getClasses","signature":"getClasses As String"},{"name":"getStyles","signature":"getStyles As String"},{"name":"getAttributes","signature":"getAttributes As String"},{"name":"getPosition","signature":"getPosition As String"},{"name":"setCaptionColor","signature":"setCaptionColor(s As String)"},{"name":"getCaptionColor","signature":"getCaptionColor As String"}]}