{"properties":[{"Key":"ReadMe","DisplayName":"ReadMe Children","FieldType":"String","DefaultValue":"[name]_1_content","Description":"The id of each panel","List":""},{"Key":"ParentID","DisplayName":"ParentID","FieldType":"String","DefaultValue":"","Description":"The ParentID of this div","List":""},{"Key":"Plus","DisplayName":"Plus","FieldType":"Boolean","DefaultValue":"False","Description":"Use Plus And Not Arrow","List":""},{"Key":"Radius","DisplayName":"Border Radius","FieldType":"String","DefaultValue":"xl","Description":"Radius","List":""},{"Key":"RoundedBox","DisplayName":"Rounded Box","FieldType":"Boolean","DefaultValue":"True","Description":"Rounded Box","List":""},{"Key":"Border","DisplayName":"Border","FieldType":"Boolean","DefaultValue":"True","Description":"Border","List":""},{"Key":"Shadow","DisplayName":"Shadow","FieldType":"String","DefaultValue":"md","Description":"Shadow","List":""},{"Key":"Open","DisplayName":"Open","FieldType":"Boolean","DefaultValue":"False","Description":"If Open.","List":""},{"Key":"Rawtitles","DisplayName":"Titles","FieldType":"String","DefaultValue":"Panel 1; Panel 2; Panel 3","Description":"Panels Separated By ;","List":""},{"Key":"Active","DisplayName":"Active Panel","FieldType":"String","DefaultValue":"1","Description":"Active Panel","List":""},{"Key":"ActiveBgColor","DisplayName":"Active Bg Color","FieldType":"String","DefaultValue":"","Description":"Active Bg Color","List":""},{"Key":"ActiveBgIntensity","DisplayName":"Active BG Intensity","FieldType":"String","DefaultValue":"","Description":"Active Bg Intensity","List":""},{"Key":"ActiveTextColor","DisplayName":"Active Text Color","FieldType":"String","DefaultValue":"","Description":"Active Text Color","List":""},{"Key":"ActiveTextColorIntensity","DisplayName":"Active Text Color Intensity","FieldType":"String","DefaultValue":"","Description":"Active Text Color Intensity","List":""},{"Key":"BgColor","DisplayName":"Bg Color","FieldType":"String","DefaultValue":"","Description":"Background Color","List":""},{"Key":"BgColorIntensity","DisplayName":"Bg Color Intensity","FieldType":"String","DefaultValue":"","Description":"Background Color Intensity","List":""},{"Key":"TextColor","DisplayName":"Text Color","FieldType":"String","DefaultValue":"","Description":"Text Color","List":""},{"Key":"TextColorIntensity","DisplayName":"Text Color Intensity","FieldType":"String","DefaultValue":"","Description":"Text Color Intensity","List":""},{"Key":"Visible","DisplayName":"Visible","FieldType":"Boolean","DefaultValue":"True","Description":"If visible.","List":""},{"Key":"MarginAXYTBLR","DisplayName":"Margins","FieldType":"String","DefaultValue":"a=?; x=?; y=?; t=?; b=?; l=?; r=?","Description":"Margins A-X-Y-T-B-L-R","List":""},{"Key":"PaddingAXYTBLR","DisplayName":"Paddings","FieldType":"String","DefaultValue":"a=?; x=?; y=?; t=?; b=?; l=?; r=?","Description":"Paddings A-X-Y-T-B-L-R","List":""},{"Key":"RawClasses","DisplayName":"Classes","FieldType":"String","DefaultValue":"","Description":"Classes added to the HTML tag.","List":""},{"Key":"RawStyles","DisplayName":"Styles","FieldType":"String","DefaultValue":"","Description":"Styles added to the HTML tag. Must be a json String- use =","List":""},{"Key":"RawAttributes","DisplayName":"Attributes","FieldType":"String","DefaultValue":"","Description":"Attributes added to the HTML tag. Must be a json String- use =","List":""}],"events":[{"name":"Change (pos As Int)"}],"methods":[{"name":"setActiveBgIntensity","signature":"setActiveBgIntensity(s As String)"},{"name":"setActiveTextColor","signature":"setActiveTextColor(s As String)"},{"name":"setActiveTextColorIntensity","signature":"setActiveTextColorIntensity(s As String)"},{"name":"getActiveBgColor","signature":"getActiveBgColor As String"},{"name":"getActiveBgIntensity","signature":"getActiveBgIntensity As String"},{"name":"getActiveTextColor","signature":"getActiveTextColor As String"},{"name":"getActiveTextColorIntensity","signature":"getActiveTextColorIntensity As String"},{"name":"setTextColor","signature":"setTextColor(s As String)"},{"name":"TextColorIntensity","signature":"TextColorIntensity(hcolor As String, intensity As String)"},{"name":"Initialize","signature":"Initialize (CallBack As Object, cName As String, EventName As String)"},{"name":"AddCollapsePanels","signature":"AddCollapsePanels(mCallback As Object, ParentID As String, ID As String)"},{"name":"RemoveClass","signature":"RemoveClass(xText As String)"},{"name":"AddClass","signature":"AddClass(xText As String)"},{"name":"ToggleClass","signature":"ToggleClass(s As String)"},{"name":"RemoveStyle","signature":"RemoveStyle(s As String)"},{"name":"Flat","signature":"Flat As SDUICollapsePanels"},{"name":"setBorder","signature":"setBorder(b As Boolean)"},{"name":"setRadius","signature":"setRadius(s As String)"},{"name":"setRoundedBox","signature":"setRoundedBox(b As Boolean)"},{"name":"setShadow","signature":"setShadow(s As String)"},{"name":"getBorder","signature":"getBorder As Boolean"},{"name":"getRadius","signature":"getRadius As String"},{"name":"getRoundedBox","signature":"getRoundedBox As Boolean"},{"name":"getShadow","signature":"getShadow As String"},{"name":"Clear","signature":"Clear"},{"name":"setW","signature":"setW(s As String)"},{"name":"setH","signature":"setH(s As String)"},{"name":"AssignElement","signature":"AssignElement(mCallBack As Object, ID As String)"},{"name":"BGColorIntensity","signature":"BGColorIntensity(c As String, s As String)"},{"name":"Size","signature":"Size As Int"},{"name":"SetElement","signature":"SetElement(e As BANanoElement)"},{"name":"SetItems","signature":"SetItems(l As List)"},{"name":"Arrow","signature":"Arrow"},{"name":"Plus","signature":"Plus"},{"name":"AddItems","signature":"AddItems(ItemsToAdd As List)"},{"name":"setActive","signature":"setActive(pos As Int)"},{"name":"getActive","signature":"getActive As Int"},{"name":"OpenPanel","signature":"OpenPanel(pos As Int)"},{"name":"ClosePanel","signature":"ClosePanel(pos As Int)"},{"name":"Item","signature":"Item(pos As Int) As SDUICollapse"},{"name":"Panel","signature":"Panel(pos As Int) As SDUIDiv"},{"name":"PanelTitle","signature":"PanelTitle(pos As Int) As SDUILabel"},{"name":"On","signature":"On(event As String, CallBack As Object, MethodName As String)"},{"name":"getHere","signature":"getHere As String"},{"name":"getName","signature":"getName As String"},{"name":"setVisible","signature":"setVisible(b As Boolean)"},{"name":"Show","signature":"Show"},{"name":"Hide","signature":"Hide"},{"name":"Enable","signature":"Enable"},{"name":"Disable","signature":"Disable"},{"name":"LoadComponentJson","signature":"LoadComponentJson(designName As String)"},{"name":"AddToParent","signature":"AddToParent(targetID As String, props As Map)"},{"name":"HideOnSmall","signature":"HideOnSmall"},{"name":"HideOnMedium","signature":"HideOnMedium"},{"name":"HideOnLarge","signature":"HideOnLarge"},{"name":"LinkExisting","signature":"LinkExisting"},{"name":"setParentID","signature":"setParentID(s As String)"},{"name":"setTitles","signature":"setTitles(s As String)"},{"name":"getTitles","signature":"getTitles As String"},{"name":"setOpen","signature":"setOpen(b As Boolean)"},{"name":"setBgColor","signature":"setBgColor(s As String)"},{"name":"setMarginAXYTBLR","signature":"setMarginAXYTBLR(s As String)"},{"name":"setPaddingAXYTBLR","signature":"setPaddingAXYTBLR(s As String)"},{"name":"setClasses","signature":"setClasses(s As String)"},{"name":"setStyles","signature":"setStyles(s As String)"},{"name":"setAttributes","signature":"setAttributes(s As String)"},{"name":"getParentID","signature":"getParentID As String"},{"name":"getOpen","signature":"getOpen As Boolean"},{"name":"getBgColor","signature":"getBgColor As String"},{"name":"getTextColor","signature":"getTextColor As String"},{"name":"getVisible","signature":"getVisible As Boolean"},{"name":"getMarginAXYTBLR","signature":"getMarginAXYTBLR As String"},{"name":"getPaddingAXYTBLR","signature":"getPaddingAXYTBLR As String"},{"name":"getClasses","signature":"getClasses As String"},{"name":"getStyles","signature":"getStyles As String"},{"name":"getAttributes","signature":"getAttributes As String"},{"name":"setActiveBgColor","signature":"setActiveBgColor(s As String)"}]}