{"properties":[{"Key":"ParentID","DisplayName":"ParentID","FieldType":"String","DefaultValue":"","Description":"The ParentID of this div","List":""},{"Key":"IsTemplate","DisplayName":"Is Template","FieldType":"Boolean","DefaultValue":"False","Description":"Is Template for multi-items","List":""},{"Key":"Caption","DisplayName":"Caption","FieldType":"String","DefaultValue":"Button","Description":"Caption Of The Button","List":""},{"Key":"ButtonType","DisplayName":"Button Type","FieldType":"String","DefaultValue":"button","Description":"Type Of Button Tag","List":"a|badge|button|button-icon|fab|indicator|minus-plus|normal|fab-small|button-icon-file|left-image|right-image"},{"Key":"IndicatorPosition","DisplayName":"Indicator Position","FieldType":"String","DefaultValue":"top-end","Description":"Indicator Position","List":"bottom-end|bottom-start|top-end|top-start"},{"Key":"Shape","DisplayName":"Shape","FieldType":"String","DefaultValue":"default","Description":"Shape Of The Button","List":"circle|default|square|rounded"},{"Key":"Variant","DisplayName":"Color","FieldType":"String","DefaultValue":"neutral","Description":"Button Color Type","List":"none|accent|error|ghost|glass|info|link|neutral|primary|secondary|success|warning"},{"Key":"HoverColor","DisplayName":"Hover Color","FieldType":"String","DefaultValue":"none","Description":"Button Color Type","List":"none|accent|error|ghost|glass|info|link|neutral|primary|secondary|success|warning"},{"Key":"Tooltip","DisplayName":"Tooltip","FieldType":"String","DefaultValue":"","Description":"Tooltip","List":""},{"Key":"TooltipColor","DisplayName":"Tooltip Color","FieldType":"String","DefaultValue":"","Description":"Tooltip Color","List":""},{"Key":"TooltipPosition","DisplayName":"Tooltip Position","FieldType":"String","DefaultValue":"left","Description":"Tooltip Position","List":"bottom|left|right|top"},{"Key":"Active","DisplayName":"Active","FieldType":"Boolean","DefaultValue":"False","Description":"If Active","List":""},{"Key":"BgColor","DisplayName":"Bg Color","FieldType":"String","DefaultValue":"","Description":"Background Color","List":""},{"Key":"BgColorIntensity","DisplayName":"Bg Color Intensity","FieldType":"String","DefaultValue":"","Description":"Background Color Intensity","List":""},{"Key":"TextColor","DisplayName":"Text Color","FieldType":"String","DefaultValue":"","Description":"Text Color","List":""},{"Key":"TextColorIntensity","DisplayName":"Text Color Intensity","FieldType":"String","DefaultValue":"","Description":"Text Color Intensity","List":""},{"Key":"Disabled","DisplayName":"Disabled","FieldType":"Boolean","DefaultValue":"False","Description":"If Disabled","List":""},{"Key":"IconName","DisplayName":"Icon (Left)","FieldType":"String","DefaultValue":"fa-solid fa-book","Description":"Icon For Button Icon","List":""},{"Key":"IconColor","DisplayName":"Icon Color","FieldType":"String","DefaultValue":"","Description":"Icon Color","List":""},{"Key":"IconSize","DisplayName":"Icon Size","FieldType":"String","DefaultValue":"","Description":"Icon Size","List":""},{"Key":"RightIcon","DisplayName":"Right Icon","FieldType":"String","DefaultValue":"","Description":"Right Icon","List":""},{"Key":"LeftImage","DisplayName":"Left Image","FieldType":"String","DefaultValue":"./assets/google.svg","Description":"Left Image","List":""},{"Key":"RawLeftImageClass","DisplayName":"Left Image Class","FieldType":"String","DefaultValue":"w-6 h-6","Description":"Left Image Class","List":""},{"Key":"RawLeftImageStyle","DisplayName":"Left Image Style","FieldType":"String","DefaultValue":"","Description":"Left Image Style","List":""},{"Key":"RightImage","DisplayName":"Right Image","FieldType":"String","DefaultValue":"./assets/twitter.svg","Description":"Right Image","List":""},{"Key":"RawRightImageClass","DisplayName":"Right Image Class","FieldType":"String","DefaultValue":"w-6 h-6","Description":"Right Image Class","List":""},{"Key":"RawRightImageStyle","DisplayName":"Right Image Style","FieldType":"String","DefaultValue":"","Description":"Right Image Style","List":""},{"Key":"Badge","DisplayName":"Badge","FieldType":"String","DefaultValue":"5","Description":"Badge Value","List":""},{"Key":"BadgeColor","DisplayName":"Badge Color","FieldType":"String","DefaultValue":"secondary","Description":"Badge Color","List":"accent|error|ghost|info|primary|secondary|success|warning"},{"Key":"BadgeOutline","DisplayName":"Badge Outline","FieldType":"Boolean","DefaultValue":"False","Description":"Badge Outline","List":""},{"Key":"BadgeVisible","DisplayName":"Badge Visible","FieldType":"Boolean","DefaultValue":"False","Description":"If Badge Visible","List":""},{"Key":"Loading","DisplayName":"Loading","FieldType":"Boolean","DefaultValue":"False","Description":"If Loading","List":""},{"Key":"NoAnimation","DisplayName":"No Animation","FieldType":"Boolean","DefaultValue":"False","Description":"Whether To Show Animation","List":""},{"Key":"NoIcons","DisplayName":"No Icons","FieldType":"Boolean","DefaultValue":"False","Description":"Remove All Icon Placeholders","List":""},{"Key":"NoBadge","DisplayName":"No Badge","FieldType":"Boolean","DefaultValue":"False","Description":"Remove All Badge Placeholders","List":""},{"Key":"NormalCase","DisplayName":"Normal Case","FieldType":"Boolean","DefaultValue":"False","Description":"Caption Is Normal Case","List":""},{"Key":"Outline","DisplayName":"Outline","FieldType":"Boolean","DefaultValue":"False","Description":"If Outlined","List":""},{"Key":"Size","DisplayName":"Size","FieldType":"String","DefaultValue":"none","Description":"Button Size","List":"lg|md|sm|xs|none"},{"Key":"Shadow","DisplayName":"Shadow","FieldType":"Boolean","DefaultValue":"False","Description":"Elevation","List":""},{"Key":"Wide","DisplayName":"Wide","FieldType":"Boolean","DefaultValue":"False","Description":"Wide","List":""},{"Key":"Block","DisplayName":"Block","FieldType":"Boolean","DefaultValue":"False","Description":"Full Width Button","List":""},{"Key":"Visible","DisplayName":"Visible","FieldType":"Boolean","DefaultValue":"True","Description":"If visible.","List":""},{"Key":"MarginAXYTBLR","DisplayName":"Margins","FieldType":"String","DefaultValue":"a=?; x=?; y=?; t=?; b=?; l=?; r=?","Description":"Margins A-X-Y-T-B-L-R","List":""},{"Key":"PaddingAXYTBLR","DisplayName":"Paddings","FieldType":"String","DefaultValue":"a=?; x=?; y=?; t=?; b=?; l=?; r=?","Description":"Paddings A-X-Y-T-B-L-R","List":""},{"Key":"RawClasses","DisplayName":"Classes","FieldType":"String","DefaultValue":"","Description":"Classes added to the HTML tag.","List":""},{"Key":"RawStyles","DisplayName":"Styles","FieldType":"String","DefaultValue":"","Description":"Styles added to the HTML tag. Must be a json String- use =","List":""},{"Key":"RawAttributes","DisplayName":"Attributes","FieldType":"String","DefaultValue":"","Description":"Attributes added to the HTML tag. Must be a json String- use =","List":""}],"events":[{"name":"Click (e As BANanoEvent)"},{"name":"Minus_Click (e As BANanoEvent)"},{"name":"Plus_Click (e As BANanoEvent)"},{"name":"FileChange (e As BANanoEvent)"}],"methods":[{"name":"Initialize","signature":"Initialize (CallBack As Object, Name As String, EventName As String)"},{"name":"setIconColor","signature":"setIconColor(s As String)"},{"name":"setIconSize","signature":"setIconSize(s As String)"},{"name":"getIconColor","signature":"getIconColor As String"},{"name":"getIconSize","signature":"getIconSize As String"},{"name":"setLeftImageClass","signature":"setLeftImageClass(s As String)"},{"name":"setRightImageClass","signature":"setRightImageClass(s As String)"},{"name":"getLeftImageClass","signature":"getLeftImageClass As String"},{"name":"getRightImageClass","signature":"getRightImageClass As String"},{"name":"setIndicatorPosition","signature":"setIndicatorPosition(s As String)"},{"name":"getIndicatorPosition","signature":"getIndicatorPosition As String"},{"name":"AddFabSmall","signature":"AddFabSmall(mcallback As Object, ParentID As String, id As String, IconSize As String, IconName As String) As SDUIButton"},{"name":"AddFAB","signature":"AddFAB(mcallback As Object, ParentID As String, id As String, IconName As String, sWidth As String, sHeight As String) As SDUIButton"},{"name":"shadow","signature":"shadow(s As String)"},{"name":"AddButton","signature":"AddButton(mCallback As Object, ParentID As String, ID As String, Label As String, ButtonType As String) As SDUIButton"},{"name":"AddImageButton","signature":"AddImageButton(mCallback As Object, ParentID As String, ID As String, Label As String) As SDUIButton"},{"name":"RemoveCaption","signature":"RemoveCaption"},{"name":"RemoveLeftImage","signature":"RemoveLeftImage"},{"name":"RemoveRightImage","signature":"RemoveRightImage"},{"name":"RemoveLeftIcon","signature":"RemoveLeftIcon"},{"name":"RemoveRightIcon","signature":"RemoveRightIcon"},{"name":"RemoveBadge","signature":"RemoveBadge"},{"name":"AddButtonMinusPlus","signature":"AddButtonMinusPlus(mCallback As Object, ParentID As String, ID As String, sColor As String, xSize As String) As SDUIButton"},{"name":"setIsTemplate","signature":"setIsTemplate(b As Boolean)"},{"name":"AddButtonNormal","signature":"AddButtonNormal(mCallback As Object, ParentID As String, ID As String, Label As String) As SDUIButton"},{"name":"RemoveIcon","signature":"RemoveIcon"},{"name":"setLeftIconName","signature":"setLeftIconName(i As String)"},{"name":"setLeftImageSrc","signature":"setLeftImageSrc(s As String)"},{"name":"setRightImageSrc","signature":"setRightImageSrc(i As String)"},{"name":"setRightIconName","signature":"setRightIconName(i As String)"},{"name":"AddButtonIndicator","signature":"AddButtonIndicator(mCallback As Object, ParentID As String, ID As String, Label As String, xBadge As String) As SDUIButton"},{"name":"AddButtonBadge","signature":"AddButtonBadge(mCallback As Object, ParentID As String, ID As String, Label As String, xBadge As String) As SDUIButton"},{"name":"AddButtonIcon","signature":"AddButtonIcon(mCallback As Object, ParentID As String, ID As String, IconSize As String, IconName As String) As SDUIButton"},{"name":"AddButtonIconLabelTag","signature":"AddButtonIconLabelTag(mCallback As Object, ParentID As String, ID As String, IconSize As String, IconName As String) As SDUIButton"},{"name":"AssignElement","signature":"AssignElement(mCallback As Object, ID As String)"},{"name":"AddClass","signature":"AddClass(text As String)"},{"name":"ToggleClass","signature":"ToggleClass(s As String)"},{"name":"RemoveStyle","signature":"RemoveStyle(s As String)"},{"name":"setIconName","signature":"setIconName(i As String)"},{"name":"setBadgeValue","signature":"setBadgeValue(ivalue As Int)"},{"name":"setBadgeIsRound","signature":"setBadgeIsRound(b As Boolean)"},{"name":"getBadgeValue","signature":"getBadgeValue As Int"},{"name":"setBadgeColor","signature":"setBadgeColor(cvalue As String)"},{"name":"setBadgeOutline","signature":"setBadgeOutline(b As Boolean)"},{"name":"setBadgeVisible","signature":"setBadgeVisible(b As Boolean)"},{"name":"Remove","signature":"Remove"},{"name":"Show","signature":"Show As SDUIButton"},{"name":"Hide","signature":"Hide As SDUIButton"},{"name":"setOpensModal","signature":"setOpensModal(mdl As SDUIModal)"},{"name":"setClosesModal","signature":"setClosesModal(mdl As SDUIModal)"},{"name":"setToggle","signature":"setToggle(s As String)"},{"name":"setFor","signature":"setFor(l As String)"},{"name":"setHRef","signature":"setHRef(l As String)"},{"name":"getName","signature":"getName As String"},{"name":"getHere","signature":"getHere As String"},{"name":"On","signature":"On(event As String, mCallBack As Object, MethodName As String)"},{"name":"Off","signature":"Off(event As String)"},{"name":"AddEventListener","signature":"AddEventListener(event As String, cb As BANanoObject)"},{"name":"AddStyle","signature":"AddStyle(k As String, v As String)"},{"name":"AddStyleComputed","signature":"AddStyleComputed(attr As String, text As String)"},{"name":"setEnabled","signature":"setEnabled(b As Boolean)"},{"name":"getEnabled","signature":"getEnabled As Boolean"},{"name":"Enable","signature":"Enable"},{"name":"RemoveClass","signature":"RemoveClass(xText As String)"},{"name":"Disable","signature":"Disable"},{"name":"setCaption","signature":"setCaption(l As String)"},{"name":"getCaption","signature":"getCaption As String"},{"name":"Increment","signature":"Increment"},{"name":"Decrement","signature":"Decrement"},{"name":"IncrementBadge","signature":"IncrementBadge"},{"name":"DecrementBadge","signature":"DecrementBadge"},{"name":"FAB","signature":"FAB As SDUIButton"},{"name":"setNormalCase","signature":"setNormalCase(b As Boolean)"},{"name":"Glass","signature":"Glass As SDUIButton"},{"name":"setW","signature":"setW(i As String)"},{"name":"setH","signature":"setH(i As String)"},{"name":"setOutline","signature":"setOutline(b As Boolean) As SDUIButton"},{"name":"Ghost","signature":"Ghost As SDUIButton"},{"name":"NoGhost","signature":"NoGhost"},{"name":"Link","signature":"Link As SDUIButton"},{"name":"setActive","signature":"setActive(b As Boolean)"},{"name":"setWide","signature":"setWide(b As Boolean) As SDUIButton"},{"name":"getWide","signature":"getWide As Boolean"},{"name":"setBlock","signature":"setBlock(b As Boolean) As SDUIButton"},{"name":"getBlock","signature":"getBlock As Boolean"},{"name":"Circle","signature":"Circle As SDUIButton"},{"name":"Square","signature":"Square As SDUIButton"},{"name":"IconMenu","signature":"IconMenu As SDUIButton"},{"name":"IconHamburger","signature":"IconHamburger As SDUIButton"},{"name":"setColor","signature":"setColor(s As String)"},{"name":"setTextSize","signature":"setTextSize(s As String)"},{"name":"setTextColor","signature":"setTextColor(s As String)"},{"name":"TextColorIntensity","signature":"TextColorIntensity(hcolor As String, intensity As String)"},{"name":"setSize","signature":"setSize(s As String)"},{"name":"SizeLG","signature":"SizeLG As SDUIButton"},{"name":"SizeSM","signature":"SizeSM As SDUIButton"},{"name":"SizeMD","signature":"SizeMD As SDUIButton"},{"name":"SizeXS","signature":"SizeXS As SDUIButton"},{"name":"SetData","signature":"SetData(k As String, v As String)"},{"name":"GetData","signature":"GetData(k As String) As String"},{"name":"setLoading","signature":"setLoading(b As Boolean)"},{"name":"SizeLGResponsive","signature":"SizeLGResponsive(xs As Boolean, sm As Boolean, md As Boolean, lg As Boolean)"},{"name":"SizeMDResponsive","signature":"SizeMDResponsive(xs As Boolean, sm As Boolean, md As Boolean, lg As Boolean)"},{"name":"SizeSMResponsive","signature":"SizeSMResponsive(xs As Boolean, sm As Boolean, md As Boolean, lg As Boolean)"},{"name":"SizeXSResponsive","signature":"SizeXSResponsive(xs As Boolean, sm As Boolean, md As Boolean, lg As Boolean)"},{"name":"WideResponsive","signature":"WideResponsive(xs As Boolean, sm As Boolean, md As Boolean, lg As Boolean)"},{"name":"BlockResponsive","signature":"BlockResponsive(xs As Boolean, sm As Boolean, md As Boolean, lg As Boolean)"},{"name":"CircleResponsive","signature":"CircleResponsive(xs As Boolean, sm As Boolean, md As Boolean, lg As Boolean)"},{"name":"SquareResponsive","signature":"SquareResponsive(xs As Boolean, sm As Boolean, md As Boolean, lg As Boolean)"},{"name":"setBGColor","signature":"setBGColor(s As String)"},{"name":"setHoverBGColor","signature":"setHoverBGColor(s As String)"},{"name":"HoverBGColorIntensity","signature":"HoverBGColorIntensity(c As String, s As String)"},{"name":"BGColorIntensity","signature":"BGColorIntensity(c As String, s As String)"},{"name":"roundedFull","signature":"roundedFull As SDUIButton"},{"name":"ShowOnSmallOnly","signature":"ShowOnSmallOnly"},{"name":"NoIcons","signature":"NoIcons As SDUIButton\t\t\t'ignore"},{"name":"NoAnimation","signature":"NoAnimation"},{"name":"AddToParent","signature":"AddToParent(targetID As String, props As Map)"},{"name":"focus","signature":"focus"},{"name":"AddToolTip","signature":"AddToolTip(tooltip As String, color As String, position As String, normalcase As Boolean)"},{"name":"setTooltip","signature":"setTooltip(s As String)"},{"name":"setTooltipColor","signature":"setTooltipColor(s As String)"},{"name":"setTooltipPosition","signature":"setTooltipPosition(s As String)"},{"name":"getTooltip","signature":"getTooltip As String"},{"name":"getTooltipColor","signature":"getTooltipColor As String"},{"name":"getTooltipPosition","signature":"getTooltipPosition As String"},{"name":"setTypeOf","signature":"setTypeOf(s As String)"},{"name":"setTypeOfSubmit","signature":"setTypeOfSubmit(b As Boolean)"},{"name":"setTypeOfButton","signature":"setTypeOfButton(b As Boolean)"},{"name":"setTypeOfReset","signature":"setTypeOfReset(b As Boolean)"},{"name":"setTypeOfClear","signature":"setTypeOfClear(b As Boolean)"},{"name":"HideOnSmall","signature":"HideOnSmall"},{"name":"HideOnMedium","signature":"HideOnMedium"},{"name":"HideOnLarge","signature":"HideOnLarge"},{"name":"LinkExisting","signature":"LinkExisting"},{"name":"OnEvent\t\t\t'ignore","signature":"OnEvent(event As String, Module As Object, methodName As String, args As List)\t\t\t'ignore"},{"name":"FileChangeSingle","signature":"FileChangeSingle"},{"name":"FileChangeMultiple","signature":"FileChangeMultiple"},{"name":"GetFiles","signature":"GetFiles As List"},{"name":"GetFile","signature":"GetFile As Map"},{"name":"setParentID","signature":"setParentID(s As String)"},{"name":"setButtonType","signature":"setButtonType(s As String)"},{"name":"setShape","signature":"setShape(s As String)"},{"name":"setVariant","signature":"setVariant(s As String)"},{"name":"setHoverColor","signature":"setHoverColor(s As String)"},{"name":"setDisabled","signature":"setDisabled(b As Boolean)"},{"name":"setRightIcon","signature":"setRightIcon(s As String)"},{"name":"setLeftImage","signature":"setLeftImage(s As String)"},{"name":"setLeftImageStyle","signature":"setLeftImageStyle(s As String)"},{"name":"setRightImage","signature":"setRightImage(s As String)"},{"name":"setRightImageStyle","signature":"setRightImageStyle(s As String)"},{"name":"setBadge","signature":"setBadge(s As String)"},{"name":"setNoBadge","signature":"setNoBadge(b As Boolean)"},{"name":"setVisible","signature":"setVisible(b As Boolean)"},{"name":"setMarginAXYTBLR","signature":"setMarginAXYTBLR(s As String)"},{"name":"setPaddingAXYTBLR","signature":"setPaddingAXYTBLR(s As String)"},{"name":"setClasses","signature":"setClasses(s As String)"},{"name":"setStyles","signature":"setStyles(s As String)"},{"name":"setAttributes","signature":"setAttributes(s As String)"},{"name":"getParentID","signature":"getParentID As String"},{"name":"getIsTemplate","signature":"getIsTemplate As Boolean"},{"name":"getButtonType","signature":"getButtonType As String"},{"name":"getShape","signature":"getShape As String"},{"name":"getVariant","signature":"getVariant As String"},{"name":"getHoverColor","signature":"getHoverColor As String"},{"name":"getActive","signature":"getActive As Boolean"},{"name":"getBgColor","signature":"getBgColor As String"},{"name":"getTextColor","signature":"getTextColor As String"},{"name":"getDisabled","signature":"getDisabled As Boolean"},{"name":"getIconName","signature":"getIconName As String"},{"name":"getRightIcon","signature":"getRightIcon As String"},{"name":"getLeftImage","signature":"getLeftImage As String"},{"name":"getLeftImageStyle","signature":"getLeftImageStyle As String"},{"name":"getRightImage","signature":"getRightImage As String"},{"name":"getRightImageStyle","signature":"getRightImageStyle As String"},{"name":"getBadge","signature":"getBadge As String"},{"name":"getBadgeColor","signature":"getBadgeColor As String"},{"name":"getBadgeOutline","signature":"getBadgeOutline As Boolean"},{"name":"getBadgeVisible","signature":"getBadgeVisible As Boolean"},{"name":"getLoading","signature":"getLoading As Boolean"},{"name":"getNoBadge","signature":"getNoBadge As Boolean"},{"name":"getNormalCase","signature":"getNormalCase As Boolean"},{"name":"getSize","signature":"getSize As String"},{"name":"getVisible","signature":"getVisible As Boolean"},{"name":"getMarginAXYTBLR","signature":"getMarginAXYTBLR As String"},{"name":"getPaddingAXYTBLR","signature":"getPaddingAXYTBLR As String"},{"name":"getClasses","signature":"getClasses As String"},{"name":"getStyles","signature":"getStyles As String"},{"name":"getAttributes","signature":"getAttributes As String"},{"name":"AddSpan","signature":"AddSpan(id As String, xCaption As String) As SDUILabel"}]}