{"properties":[{"Key":"ParentID","DisplayName":"ParentID","FieldType":"String","DefaultValue":"","Description":"The ParentID of this component","List":""},{"Key":"ButtonColor","DisplayName":"Button Color","FieldType":"String","DefaultValue":"#0000ff","Description":"Button Color","List":""},{"Key":"ButtonTextColor","DisplayName":"Button Text Color","FieldType":"String","DefaultValue":"#ffffff","Description":"Button Text Color","List":""},{"Key":"OkCaption","DisplayName":"Ok Caption","FieldType":"String","DefaultValue":"Ok","Description":"Ok Caption","List":""},{"Key":"ButtonHeight","DisplayName":"Button Height","FieldType":"String","DefaultValue":"56px","Description":"Button Height","List":""},{"Key":"ButtonWidth","DisplayName":"Button Width","FieldType":"String","DefaultValue":"56px","Description":"Button Width","List":""},{"Key":"Visible","DisplayName":"Visible","FieldType":"Boolean","DefaultValue":"True","Description":"If visible.","List":""},{"Key":"PositionStyle","DisplayName":"Position Style","FieldType":"String","DefaultValue":"none","Description":"Position","List":"absolute|fixed|none|relative|static|sticky"},{"Key":"RawPosition","DisplayName":"Position Locations","FieldType":"String","DefaultValue":"t=?; b=?; r=?; l=?","Description":"Position Locations","List":""},{"Key":"MarginAXYTBLR","DisplayName":"Margins","FieldType":"String","DefaultValue":"a=?; x=?; y=?; t=?; b=?; l=?; r=?","Description":"Margins A(all)-X(LR)-Y(TB)-T-B-L-R","List":""},{"Key":"PaddingAXYTBLR","DisplayName":"Paddings","FieldType":"String","DefaultValue":"a=?; x=?; y=?; t=?; b=?; l=?; r=?","Description":"Paddings A(all)-X(LR)-Y(TB)-T-B-L-R","List":""},{"Key":"RawClasses","DisplayName":"Classes (;)","FieldType":"String","DefaultValue":"","Description":"Classes added to the HTML tag.","List":""},{"Key":"RawStyles","DisplayName":"Styles (JSON)","FieldType":"String","DefaultValue":"","Description":"Styles added to the HTML tag. Must be a json String use = and ;","List":""},{"Key":"RawAttributes","DisplayName":"Attributes (JSON)","FieldType":"String","DefaultValue":"","Description":"Attributes added to the HTML tag. Must be a json String use = and ;","List":""}],"events":[{"name":"Change (value as string)"}],"methods":[{"name":"Class_Globals","signature":"Class_Globals"},{"name":"Initialize","signature":"Initialize (Callback As Object, Name As String, EventName As String)"},{"name":"getElement","signature":"getElement() As BANanoElement"},{"name":"getID","signature":"getID() As String"},{"name":"AddToParent","signature":"AddToParent(targetID As String, props As Map)"},{"name":"Remove","signature":"Remove()"},{"name":"setParentID","signature":"setParentID(s As String)"},{"name":"Clear","signature":"Clear"},{"name":"LinkExisting","signature":"LinkExisting"},{"name":"TriggerEvent","signature":"TriggerEvent(event As String, params() As String)"},{"name":"getHere","signature":"getHere() As String"},{"name":"AddAttr","signature":"AddAttr(attr As String, text As Object)"},{"name":"AddDataAttr","signature":"AddDataAttr(attr As String, text As String)"},{"name":"GetDataAttr","signature":"GetDataAttr(attr As String) As String"},{"name":"GetAttr","signature":"GetAttr(attr As String) As String"},{"name":"AddClass","signature":"AddClass(text As String)"},{"name":"RemoveClass","signature":"RemoveClass(text As String)"},{"name":"AddAttrMap","signature":"AddAttrMap(ms As Map)"},{"name":"RemoveAttr","signature":"RemoveAttr(attr As String)"},{"name":"AddStyleComputed","signature":"AddStyleComputed(attr As String, text As String)"},{"name":"AddStyleMap","signature":"AddStyleMap(ms As Map)"},{"name":"AddStyle","signature":"AddStyle(k As String, v As String)"},{"name":"setVisible","signature":"setVisible(b As Boolean)"},{"name":"getVisible","signature":"getVisible As Boolean"},{"name":"setPositionStyle","signature":"setPositionStyle(s As String)"},{"name":"getPositionStyle","signature":"getPositionStyle As String"},{"name":"ResponsiveClass","signature":"ResponsiveClass(className As String, xs As Boolean, sm As Boolean, md As Boolean, lg As Boolean)"},{"name":"setPosition","signature":"setPosition(s As String)"},{"name":"getPosition","signature":"getPosition As String"},{"name":"setAttributes","signature":"setAttributes(s As String)"},{"name":"setStyles","signature":"setStyles(s As String)"},{"name":"setClasses","signature":"setClasses(s As String)"},{"name":"setPaddingAXYTBLR","signature":"setPaddingAXYTBLR(s As String)"},{"name":"setMarginAXYTBLR","signature":"setMarginAXYTBLR(s As String)"},{"name":"getAttributes","signature":"getAttributes As String"},{"name":"getStyles","signature":"getStyles As String"},{"name":"getClasses","signature":"getClasses As String"},{"name":"getPaddingAXYTBLR","signature":"getPaddingAXYTBLR As String"},{"name":"getMarginAXYTBLR","signature":"getMarginAXYTBLR As String"},{"name":"OnChildEvent","signature":"OnChildEvent(child As String, event As String, Module As Object, methodName As String, args As List)"},{"name":"LoadComponentJson","signature":"LoadComponentJson(designName As String)"},{"name":"DesignerCreateView","signature":"DesignerCreateView (Target As BANanoElement, Props As Map)"},{"name":"getValue","signature":"getValue As String"},{"name":"setButtonColor","signature":"setButtonColor(s As String)"},{"name":"setButtonTextColor","signature":"setButtonTextColor(s As String)"},{"name":"setOkCaption","signature":"setOkCaption(s As String)"},{"name":"getButtonColor","signature":"getButtonColor As String"},{"name":"getButtonTextColor","signature":"getButtonTextColor As String"},{"name":"getOkCaption","signature":"getOkCaption As String"},{"name":"getButtonHeight","signature":"getButtonHeight As String"},{"name":"getButtonWidth","signature":"getButtonWidth As String"},{"name":"setButtonWidth","signature":"setButtonWidth(s As String)"},{"name":"setButtonHeight","signature":"setButtonHeight(s As String)"}]}