{"properties":[{"Key":"ParentID","DisplayName":"ParentID","FieldType":"String","DefaultValue":"","Description":"The ParentID of this div","List":""},{"Key":"Absolute","DisplayName":"Absolute","FieldType":"Boolean","DefaultValue":"False","Description":"Absolute","List":""},{"Key":"CenterChildren","DisplayName":"Center Children","FieldType":"Boolean","DefaultValue":"False","Description":"Center Children","List":""},{"Key":"AlignContent","DisplayName":"Align Content","FieldType":"String","DefaultValue":"none","Description":"Align Content","List":"around|baseline|between|center|end|evenly|none|start"},{"Key":"AlignItems","DisplayName":"Align Items","FieldType":"String","DefaultValue":"none","Description":"Align Items","List":"baseline|center|end|none|start|stretch"},{"Key":"BackgroundImage","DisplayName":"Background Image","FieldType":"String","DefaultValue":"","Description":"Background Image","List":""},{"Key":"BgColor","DisplayName":"Bg Color","FieldType":"String","DefaultValue":"","Description":"Background Color","List":""},{"Key":"BgColorIntensity","DisplayName":"Bg Color Intensity","FieldType":"String","DefaultValue":"","Description":"Background Color Intensity","List":""},{"Key":"Border","DisplayName":"Border","FieldType":"String","DefaultValue":"","Description":"Border Size","List":""},{"Key":"BorderColor","DisplayName":"Border Color","FieldType":"String","DefaultValue":"","Description":"Border Color","List":""},{"Key":"BorderColorIntensity","DisplayName":"Border Color Intensity","FieldType":"String","DefaultValue":"","Description":"Border Color Intensity","List":""},{"Key":"Columns","DisplayName":"Columns","FieldType":"String","DefaultValue":"","Description":"Number Of Columns Within An Element","List":""},{"Key":"Gap","DisplayName":"Gap","FieldType":"String","DefaultValue":"","Description":"Gap","List":""},{"Key":"Grid","DisplayName":"Grid","FieldType":"Boolean","DefaultValue":"False","Description":"Grid","List":""},{"Key":"GridCols","DisplayName":"Grid Cols","FieldType":"String","DefaultValue":"","Description":"Grid Columns","List":""},{"Key":"DeviceGridCols","DisplayName":"Device Grid Cols","FieldType":"String","DefaultValue":"xs=?; sm=?; md=?; lg=?; xl=?","Description":"Grid Cols Per Device xs=?; sm=?; md=?; lg=?; xl=?","List":""},{"Key":"Height","DisplayName":"Height","FieldType":"String","DefaultValue":"","Description":"Height","List":""},{"Key":"Hover","DisplayName":"Hover","FieldType":"String","DefaultValue":"","Description":"Classes To Apply On Hover","List":""},{"Key":"PlaceContent","DisplayName":"Place Content","FieldType":"String","DefaultValue":"none","Description":"How Content Is Justified And Aligned At The Same Time","List":"around|baseline|between|center|end|evenly|none|start|stretch"},{"Key":"PlaceItems","DisplayName":"Place Items","FieldType":"String","DefaultValue":"none","Description":"Place Items","List":"baseline|center|end|none|start|stretch"},{"Key":"Relative","DisplayName":"Relative","FieldType":"Boolean","DefaultValue":"False","Description":"Relative","List":""},{"Key":"Rounded","DisplayName":"Rounded","FieldType":"String","DefaultValue":"","Description":"Rounded","List":""},{"Key":"Shadow","DisplayName":"Shadow","FieldType":"String","DefaultValue":"","Description":"Shadow","List":""},{"Key":"TextAlign","DisplayName":"Text Align","FieldType":"String","DefaultValue":"none","Description":"Text Align","List":"center|end|justify|left|none|right|start"},{"Key":"TextColor","DisplayName":"Text Color","FieldType":"String","DefaultValue":"","Description":"Text Color","List":""},{"Key":"TextColorIntensity","DisplayName":"Text Color Intensity","FieldType":"String","DefaultValue":"","Description":"Text Color Intensity","List":""},{"Key":"Width","DisplayName":"Width","FieldType":"String","DefaultValue":"","Description":"Width","List":""},{"Key":"Visible","DisplayName":"Visible","FieldType":"Boolean","DefaultValue":"True","Description":"If visible.","List":""},{"Key":"MarginAXYTBLR","DisplayName":"Margins","FieldType":"String","DefaultValue":"a=?; x=?; y=?; t=?; b=?; l=?; r=?","Description":"Margins A-X-Y-T-B-L-R","List":""},{"Key":"PaddingAXYTBLR","DisplayName":"Paddings","FieldType":"String","DefaultValue":"a=?; x=?; y=?; t=?; b=?; l=?; r=?","Description":"Paddings A-X-Y-T-B-L-R","List":""},{"Key":"RawClasses","DisplayName":"Classes","FieldType":"String","DefaultValue":"","Description":"Classes added to the HTML tag.","List":""},{"Key":"RawStyles","DisplayName":"Styles","FieldType":"String","DefaultValue":"","Description":"Styles added to the HTML tag. Must be a json String- use =","List":""},{"Key":"RawAttributes","DisplayName":"Attributes","FieldType":"String","DefaultValue":"","Description":"Attributes added to the HTML tag. Must be a json String- use =","List":""}],"events":[{"name":"Click (e As BANanoEvent)"}],"methods":[{"name":"DesignerCreateView","signature":"DesignerCreateView (Target As BANanoElement, Props As Map)"},{"name":"setTextAlign","signature":"setTextAlign(s As String)"},{"name":"getTextAlign","signature":"getTextAlign As String"},{"name":"CenterChildren","signature":"CenterChildren As SDUIRow"},{"name":"setGrid","signature":"setGrid(b As Boolean)"},{"name":"gridCols","signature":"gridCols(s As String) As SDUIRow"},{"name":"setDeviceGridCols","signature":"setDeviceGridCols(s As String)"},{"name":"AddClass","signature":"AddClass(xText As String)"},{"name":"RemoveStyle","signature":"RemoveStyle(s As String)"},{"name":"ToggleClass","signature":"ToggleClass(s As String)"},{"name":"Initialize","signature":"Initialize (CallBack As Object, cName As String, EventName As String)"},{"name":"AssignElement","signature":"AssignElement(mCallBack As Object, ID As String)"},{"name":"shadow","signature":"shadow(s As String)"},{"name":"RoundedBox","signature":"RoundedBox"},{"name":"TextColorIntensity","signature":"TextColorIntensity(hcolor As String, intensity As String)"},{"name":"BGColorIntensity","signature":"BGColorIntensity(c As String, s As String)"},{"name":"CenterVertically","signature":"CenterVertically As SDUIRow"},{"name":"CenterHorizontally","signature":"CenterHorizontally As SDUIRow"},{"name":"CenterHorizontallyOff","signature":"CenterHorizontallyOff As SDUIRow"},{"name":"alignContent","signature":"alignContent(s As String) As SDUIRow"},{"name":"alignItems","signature":"alignItems(s As String) As SDUIRow"},{"name":"setBackgroundImage","signature":"setBackgroundImage(s As String)"},{"name":"bgColor","signature":"bgColor(s As String) As SDUIRow"},{"name":"border","signature":"border(s As String) As SDUIRow"},{"name":"borderColor","signature":"borderColor(s As String) As SDUIRow"},{"name":"borderColorIntensity","signature":"borderColorIntensity(c As String, i As String) As SDUIRow"},{"name":"columns","signature":"columns(s As String) As SDUIRow"},{"name":"setGap","signature":"setGap(s As String)"},{"name":"height","signature":"height(s As String) As SDUIRow"},{"name":"hover","signature":"hover(s As String) As SDUIRow"},{"name":"placeContent","signature":"placeContent(s As String) As SDUIRow"},{"name":"placeItems","signature":"placeItems(s As String) As SDUIRow"},{"name":"rounded","signature":"rounded(s As String) As SDUIRow"},{"name":"textColor","signature":"textColor(s As String) As SDUIRow"},{"name":"width","signature":"width(s As String) As SDUIRow"},{"name":"Enable","signature":"Enable"},{"name":"Disable","signature":"Disable"},{"name":"getName","signature":"getName As String"},{"name":"getHere","signature":"getHere As String"},{"name":"Show","signature":"Show"},{"name":"Hide","signature":"Hide"},{"name":"absolute","signature":"absolute(b As Boolean) As SDUIRow"},{"name":"relative","signature":"relative(b As Boolean) As SDUIRow"},{"name":"Empty","signature":"Empty"},{"name":"LoadComponentJson","signature":"LoadComponentJson(designName As String)"},{"name":"AddToParent","signature":"AddToParent(targetID As String, props As Map)"},{"name":"HideOnSmall","signature":"HideOnSmall"},{"name":"HideOnMedium","signature":"HideOnMedium"},{"name":"HideOnLarge","signature":"HideOnLarge"},{"name":"HideOnXLarge","signature":"HideOnXLarge"},{"name":"LinkExisting","signature":"LinkExisting"},{"name":"setParentID","signature":"setParentID(s As String)"},{"name":"setVisible","signature":"setVisible(b As Boolean)"},{"name":"setMarginAXYTBLR","signature":"setMarginAXYTBLR(s As String)"},{"name":"setPaddingAXYTBLR","signature":"setPaddingAXYTBLR(s As String)"},{"name":"setClasses","signature":"setClasses(s As String)"},{"name":"setStyles","signature":"setStyles(s As String)"},{"name":"setAttributes","signature":"setAttributes(s As String)"},{"name":"getParentID","signature":"getParentID As String"},{"name":"getAbsolute","signature":"getAbsolute As Boolean"},{"name":"getAlignContent","signature":"getAlignContent As String"},{"name":"getAlignItems","signature":"getAlignItems As String"},{"name":"getBackgroundImage","signature":"getBackgroundImage As String"},{"name":"getBgColor","signature":"getBgColor As String"},{"name":"getBgColorIntensity","signature":"getBgColorIntensity As String"},{"name":"getBorder","signature":"getBorder As String"},{"name":"getBorderColor","signature":"getBorderColor As String"},{"name":"getBorderColorIntensity","signature":"getBorderColorIntensity As String"},{"name":"getColumns","signature":"getColumns As String"},{"name":"getGap","signature":"getGap As String"},{"name":"getGrid","signature":"getGrid As Boolean"},{"name":"getGridCols","signature":"getGridCols As String"},{"name":"getDeviceGridCols","signature":"getDeviceGridCols As String"},{"name":"getHeight","signature":"getHeight As String"},{"name":"getHover","signature":"getHover As String"},{"name":"getPlaceContent","signature":"getPlaceContent As String"},{"name":"getPlaceItems","signature":"getPlaceItems As String"},{"name":"getRelative","signature":"getRelative As Boolean"},{"name":"getRounded","signature":"getRounded As String"},{"name":"getShadow","signature":"getShadow As String"},{"name":"getTextColor","signature":"getTextColor As String"},{"name":"getTextColorIntensity","signature":"getTextColorIntensity As String"},{"name":"getWidth","signature":"getWidth As String"},{"name":"getVisible","signature":"getVisible As Boolean"},{"name":"getMarginAXYTBLR","signature":"getMarginAXYTBLR As String"},{"name":"getPaddingAXYTBLR","signature":"getPaddingAXYTBLR As String"},{"name":"getClasses","signature":"getClasses As String"},{"name":"getStyles","signature":"getStyles As String"},{"name":"getAttributes","signature":"getAttributes As String"},{"name":"BorderWidth","signature":"BorderWidth(bw As String) As SDUIRow"}]}