{"properties":[{"Key":"ParentID","DisplayName":"ParentID","FieldType":"String","DefaultValue":"","Description":"The ParentID of this div","List":""},{"Key":"IsTemplate","DisplayName":"Is Template","FieldType":"Boolean","DefaultValue":"False","Description":"Is Template for multi-items","List":""},{"Key":"CardType","DisplayName":"Card Type","FieldType":"String","DefaultValue":"default","Description":"","List":"default|empty|form"},{"Key":"ImageUrl","DisplayName":"Image Url","FieldType":"String","DefaultValue":"./assets/600by600.jpg","Description":"Image Url","List":""},{"Key":"ImageFull","DisplayName":"Image Full","FieldType":"Boolean","DefaultValue":"False","Description":"Image Full","List":""},{"Key":"ImageHeight","DisplayName":"Image Height","FieldType":"String","DefaultValue":"50","Description":"Image Height","List":""},{"Key":"ImageWidth","DisplayName":"Image Width","FieldType":"String","DefaultValue":"full","Description":"Image Width","List":""},{"Key":"RawFigureClass","DisplayName":"Figure Class","FieldType":"String","DefaultValue":"","Description":"Figure Classes","List":""},{"Key":"RawImageClass","DisplayName":"Image Class","FieldType":"String","DefaultValue":"","Description":"Image Classes","List":""},{"Key":"Title","DisplayName":"Title","FieldType":"String","DefaultValue":"Card 1","Description":"Title","List":""},{"Key":"RawTitleClass","DisplayName":"Title Class","FieldType":"String","DefaultValue":"","Description":"Title Classes","List":""},{"Key":"TitleBadge","DisplayName":"Title Badge","FieldType":"String","DefaultValue":"","Description":"Title Badge","List":""},{"Key":"TitleBadgeColor","DisplayName":"Title Badge Color","FieldType":"String","DefaultValue":"","Description":"Title Badge Color","List":""},{"Key":"Description","DisplayName":"Description","FieldType":"String","DefaultValue":"If a dog chews shoes whose shoes does he choose?","Description":"Description","List":""},{"Key":"CenterItems","DisplayName":"Center Items","FieldType":"Boolean","DefaultValue":"False","Description":"Center Items","List":""},{"Key":"Height","DisplayName":"Height","FieldType":"String","DefaultValue":"","Description":"Height","List":""},{"Key":"Width","DisplayName":"Width","FieldType":"String","DefaultValue":"full","Description":"Width","List":""},{"Key":"ColSpan","DisplayName":"Col Span","FieldType":"String","DefaultValue":"","Description":"Column Span","List":""},{"Key":"RowSpan","DisplayName":"Row Span","FieldType":"String","DefaultValue":"","Description":"Row Span","List":""},{"Key":"BgColor","DisplayName":"Bg Color","FieldType":"String","DefaultValue":"base","Description":"Background Color","List":""},{"Key":"BgColorIntensity","DisplayName":"Bg Color Intensity","FieldType":"String","DefaultValue":"100","Description":"Background Color Intensity","List":""},{"Key":"TextAlign","DisplayName":"Text Align","FieldType":"String","DefaultValue":"none","Description":"Text Align","List":"center|end|justify|left|none|right|start"},{"Key":"TextColor","DisplayName":"Text Color","FieldType":"String","DefaultValue":"","Description":"Text Color","List":""},{"Key":"TextColorIntensity","DisplayName":"Text Color Intensity","FieldType":"String","DefaultValue":"","Description":"Text Color Intensity","List":""},{"Key":"Bordered","DisplayName":"Bordered","FieldType":"Boolean","DefaultValue":"False","Description":"Bordered","List":""},{"Key":"BorderColor","DisplayName":"Border Color","FieldType":"String","DefaultValue":"","Description":"Border Color","List":""},{"Key":"BorderColorIntensity","DisplayName":"Border Color Intensity","FieldType":"String","DefaultValue":"","Description":"Border Color Intensity","List":""},{"Key":"CardSide","DisplayName":"Card Side","FieldType":"Boolean","DefaultValue":"False","Description":"Card Side","List":""},{"Key":"Compact","DisplayName":"Compact","FieldType":"Boolean","DefaultValue":"False","Description":"Compact","List":""},{"Key":"Glass","DisplayName":"Glass","FieldType":"Boolean","DefaultValue":"False","Description":"Apply Glass Effect","List":""},{"Key":"YesVisible","DisplayName":"Yes Visible","FieldType":"Boolean","DefaultValue":"True","Description":"Yes Button Visible","List":""},{"Key":"YesCaption","DisplayName":"Yes Caption","FieldType":"String","DefaultValue":"","Description":"Yes Button Caption","List":""},{"Key":"YesColor","DisplayName":"Yes Color","FieldType":"String","DefaultValue":"success","Description":"Yes Button Color","List":""},{"Key":"YesTextColor","DisplayName":"Yes Text Color","FieldType":"String","DefaultValue":"white","Description":"Yes Text Color","List":""},{"Key":"NoVisible","DisplayName":"No Visible","FieldType":"Boolean","DefaultValue":"True","Description":"No Button Visible","List":""},{"Key":"NoCaption","DisplayName":"No Caption","FieldType":"String","DefaultValue":"","Description":"No Button Caption","List":""},{"Key":"NoColor","DisplayName":"No Color","FieldType":"String","DefaultValue":"error","Description":"No Button Color","List":""},{"Key":"NoTextColor","DisplayName":"No Text Color","FieldType":"String","DefaultValue":"white","Description":"No Text Color","List":""},{"Key":"CancelVisible","DisplayName":"Cancel Visible","FieldType":"Boolean","DefaultValue":"True","Description":"Cancel Button Visible","List":""},{"Key":"CancelCaption","DisplayName":"Cancel Caption","FieldType":"String","DefaultValue":"","Description":"Cancel Button Caption","List":""},{"Key":"CancelColor","DisplayName":"Cancel Color","FieldType":"String","DefaultValue":"gray","Description":"Cancel Button Color","List":""},{"Key":"CancelTextColor","DisplayName":"Cancel Text Color","FieldType":"String","DefaultValue":"black","Description":"Cancel Text Color","List":""},{"Key":"Visible","DisplayName":"Visible","FieldType":"Boolean","DefaultValue":"True","Description":"If visible.","List":""},{"Key":"RawContentClass","DisplayName":"Content Class","FieldType":"String","DefaultValue":"","Description":"Content Classes","List":""},{"Key":"RawActionsClass","DisplayName":"Actions Class","FieldType":"String","DefaultValue":"","Description":"Actions Classes","List":""},{"Key":"RawActionBadges","DisplayName":"Action Badges","FieldType":"String","DefaultValue":"","Description":"Action Badges (id","List":""},{"Key":"RawActionButtons","DisplayName":"Action Buttons","FieldType":"String","DefaultValue":"","Description":"Action Buttons (id","List":""},{"Key":"RawActionIcons","DisplayName":"Action Icons","FieldType":"String","DefaultValue":"","Description":"Action Icons (id","List":""},{"Key":"RawTitleBadges","DisplayName":"Title Badges","FieldType":"String","DefaultValue":"","Description":"Title Badges (id","List":""},{"Key":"MarginAXYTBLR","DisplayName":"Margins","FieldType":"String","DefaultValue":"a=?; x=?; y=?; t=?; b=?; l=?; r=?","Description":"Margins A-X-Y-T-B-L-R","List":""},{"Key":"PaddingAXYTBLR","DisplayName":"Paddings","FieldType":"String","DefaultValue":"a=?; x=?; y=?; t=?; b=?; l=?; r=?","Description":"Paddings A-X-Y-T-B-L-R","List":""},{"Key":"RawClasses","DisplayName":"Classes","FieldType":"String","DefaultValue":"","Description":"Classes added to the HTML tag.","List":""},{"Key":"RawStyles","DisplayName":"Styles","FieldType":"String","DefaultValue":"","Description":"Styles added to the HTML tag. Must be a json String- use =","List":""},{"Key":"RawAttributes","DisplayName":"Attributes","FieldType":"String","DefaultValue":"","Description":"Attributes added to the HTML tag. Must be a json String- use =","List":""}],"events":[{"name":"Click (e As BANanoEvent)"},{"name":"Action (item As String)"},{"name":"MultiAction (Action as String, item As String)"},{"name":"Yes_Click (e As BANanoEvent)"},{"name":"No_Click (e As BANanoEvent)"},{"name":"Cancel_Click (e As BANanoEvent)"}],"methods":[{"name":"setTextAlign","signature":"setTextAlign(s As String)"},{"name":"getTextAlign","signature":"getTextAlign As String"},{"name":"setActionBadges","signature":"setActionBadges(s As String)"},{"name":"setActionButtons","signature":"setActionButtons(s As String)"},{"name":"setActionIcons","signature":"setActionIcons(s As String)"},{"name":"setTitleBadges","signature":"setTitleBadges(s As String)"},{"name":"setActionClass","signature":"setActionClass(s As String)"},{"name":"setContentClass","signature":"setContentClass(s As String)"},{"name":"Initialize","signature":"Initialize (CallBack As Object, cName As String, EventName As String)"},{"name":"setImageURL","signature":"setImageURL(s As String)"},{"name":"AddCard","signature":"AddCard(mCallback As Object, ParentID As String, ID As String, ImageURL As String, CardTitle As String)"},{"name":"setIsTemplate","signature":"setIsTemplate(b As Boolean)"},{"name":"AddCardEmpty","signature":"AddCardEmpty(mCallback As Object, ParentID As String, ID As String)"},{"name":"AddCardForm","signature":"AddCardForm(mCallback As Object, ParentID As String, ID As String, xTitle As String)"},{"name":"GetFormData","signature":"GetFormData As Map"},{"name":"SetFormData","signature":"SetFormData(dataJSON As Map)"},{"name":"setFormName","signature":"setFormName(s As String)"},{"name":"AssignElement","signature":"AssignElement(mCallBack As Object, ID As String)"},{"name":"setCenterChildren","signature":"setCenterChildren(b As Boolean)"},{"name":"GetButton","signature":"GetButton(btnID As String) As SDUIButton"},{"name":"AddActionButton","signature":"AddActionButton(btnID As String, btnCaption As String, btnColor As String) As SDUIButton"},{"name":"AddFormActionButton","signature":"AddFormActionButton(btnID As String, btnCaption As String, btnColor As String) As SDUIButton"},{"name":"AddActionButtonBadge","signature":"AddActionButtonBadge(btnID As String, btnCaption As String, btnColor As String, btnBadge As String) As SDUIButton"},{"name":"AddFormActionButtonBadge","signature":"AddFormActionButtonBadge(btnID As String, btnCaption As String, btnColor As String, btnBadge As String) As SDUIButton"},{"name":"AddActionButtonIcon","signature":"AddActionButtonIcon(btnID As String, sIcon As String, btnColor As String) As SDUIButton"},{"name":"AddFormActionButtonIcon","signature":"AddFormActionButtonIcon(btnID As String, sIcon As String, btnColor As String) As SDUIButton"},{"name":"AddActionBadgeColor","signature":"AddActionBadgeColor(btnID As String, btnCaption As String, Color As String) As SDUIBadge"},{"name":"AddFormActionBadgeColor","signature":"AddFormActionBadgeColor(btnID As String, btnCaption As String, Color As String) As SDUIBadge"},{"name":"AddTitleBadgeColor","signature":"AddTitleBadgeColor(btnID As String, btnCaption As String, Color As String) As SDUIBadge"},{"name":"On","signature":"On(event As String, CallBack As Object, MethodName As String)"},{"name":"getHere","signature":"getHere As String"},{"name":"getName","signature":"getName As String"},{"name":"Show","signature":"Show"},{"name":"Hide","signature":"Hide"},{"name":"Enable","signature":"Enable"},{"name":"Disable","signature":"Disable"},{"name":"ClearActions","signature":"ClearActions"},{"name":"setBGColor","signature":"setBGColor(s As String)"},{"name":"BGColorIntensity","signature":"BGColorIntensity(c As String, s As String)"},{"name":"setBorderColor","signature":"setBorderColor(c As String)"},{"name":"BorderColorIntensity","signature":"BorderColorIntensity(c As String, i As String)"},{"name":"Bordered","signature":"Bordered"},{"name":"ImageFull","signature":"ImageFull"},{"name":"Normal","signature":"Normal"},{"name":"Compact","signature":"Compact"},{"name":"Side","signature":"Side"},{"name":"SideResponsive","signature":"SideResponsive(xs As Boolean, sm As Boolean, md As Boolean, lg As Boolean)"},{"name":"NormalResponsive","signature":"NormalResponsive(xs As Boolean, sm As Boolean, md As Boolean, lg As Boolean)"},{"name":"CompactResponsive","signature":"CompactResponsive(xs As Boolean, sm As Boolean, md As Boolean, lg As Boolean)"},{"name":"setW","signature":"setW(s As String)"},{"name":"setH","signature":"setH(s As String)"},{"name":"setShadow","signature":"setShadow(s As String)"},{"name":"RoundedBox","signature":"RoundedBox"},{"name":"Glass","signature":"Glass"},{"name":"CellID","signature":"CellID(xRow As Int, xCol As Int) As String"},{"name":"Row","signature":"Row(xRow As Int) As SDUIDiv"},{"name":"Cell","signature":"Cell(xRow As Int, xCol As Int) As SDUIDiv"},{"name":"DropDownContent","signature":"DropDownContent"},{"name":"setSrc","signature":"setSrc(l As String)"},{"name":"setTitleCaption","signature":"setTitleCaption(l As String)"},{"name":"setDescriptionCaption","signature":"setDescriptionCaption(l As String)"},{"name":"flexGrow","signature":"flexGrow As SDUICard"},{"name":"flex","signature":"flex As SDUICard"},{"name":"flex1","signature":"flex1 As SDUICard"},{"name":"wFull","signature":"wFull As SDUICard"},{"name":"BuildGrid","signature":"BuildGrid"},{"name":"ResetValidation","signature":"ResetValidation"},{"name":"ValidateEach","signature":"ValidateEach"},{"name":"ValidateAll","signature":"ValidateAll"},{"name":"Validate","signature":"Validate(response As Boolean)"},{"name":"IsValid","signature":"IsValid As Boolean"},{"name":"TextColorIntensity","signature":"TextColorIntensity(hcolor As String, intensity As String)"},{"name":"setColSpan","signature":"setColSpan(s As String)"},{"name":"setRowSpan","signature":"setRowSpan(s As String)"},{"name":"BindActions","signature":"BindActions(records As List)"},{"name":"AddToParent","signature":"AddToParent(targetID As String, props As Map)"},{"name":"HideOnSmall","signature":"HideOnSmall"},{"name":"HideOnMedium","signature":"HideOnMedium"},{"name":"HideOnLarge","signature":"HideOnLarge"},{"name":"LoadLayoutArrayItems","signature":"LoadLayoutArrayItems"},{"name":"OnEvent","signature":"OnEvent(event As String, CallBack As Object, MethodName As String, args As List)"},{"name":"LinkExisting","signature":"LinkExisting"},{"name":"setParentID","signature":"setParentID(s As String)"},{"name":"setCardType","signature":"setCardType(s As String)"},{"name":"setImageHeight","signature":"setImageHeight(s As String)"},{"name":"setImageWidth","signature":"setImageWidth(s As String)"},{"name":"setFigureClass","signature":"setFigureClass(s As String)"},{"name":"setImageClass","signature":"setImageClass(s As String)"},{"name":"setTitleBadge","signature":"setTitleBadge(s As String)"},{"name":"setTitleBadgeColor","signature":"setTitleBadgeColor(s As String)"},{"name":"setCenterItems","signature":"setCenterItems(b As Boolean)"},{"name":"setHeight","signature":"setHeight(s As String)"},{"name":"setWidth","signature":"setWidth(s As String)"},{"name":"setTextColor","signature":"setTextColor(s As String)"},{"name":"setCardSide","signature":"setCardSide(b As Boolean)"},{"name":"setVisible","signature":"setVisible(b As Boolean)"},{"name":"setTitleClass","signature":"setTitleClass(s As String)"},{"name":"setMarginAXYTBLR","signature":"setMarginAXYTBLR(s As String)"},{"name":"setPaddingAXYTBLR","signature":"setPaddingAXYTBLR(s As String)"},{"name":"setClasses","signature":"setClasses(s As String)"},{"name":"setIsBordered","signature":"setIsBordered(b As Boolean)"},{"name":"setStyles","signature":"setStyles(s As String)"},{"name":"setAttributes","signature":"setAttributes(s As String)"},{"name":"getParentID","signature":"getParentID As String"},{"name":"getIsTemplate","signature":"getIsTemplate As Boolean"},{"name":"getCardType","signature":"getCardType As String"},{"name":"getImageUrl","signature":"getImageUrl As String"},{"name":"getImageHeight","signature":"getImageHeight As String"},{"name":"getImageWidth","signature":"getImageWidth As String"},{"name":"getFigureClass","signature":"getFigureClass As String"},{"name":"getImageClass","signature":"getImageClass As String"},{"name":"getTitle","signature":"getTitle As String"},{"name":"getTitleBadge","signature":"getTitleBadge As String"},{"name":"getTitleBadgeColor","signature":"getTitleBadgeColor As String"},{"name":"getDescription","signature":"getDescription As String"},{"name":"getCenterItems","signature":"getCenterItems As Boolean"},{"name":"getHeight","signature":"getHeight As String"},{"name":"getWidth","signature":"getWidth As String"},{"name":"getColSpan","signature":"getColSpan As String"},{"name":"getRowSpan","signature":"getRowSpan As String"},{"name":"getBgColor","signature":"getBgColor As String"},{"name":"getTextColor","signature":"getTextColor As String"},{"name":"getBorderColor","signature":"getBorderColor As String"},{"name":"getCardSide","signature":"getCardSide As Boolean"},{"name":"getVisible","signature":"getVisible As Boolean"},{"name":"getTitleClass","signature":"getTitleClass As String"},{"name":"getContentClass","signature":"getContentClass As String"},{"name":"getActionsClass","signature":"getActionsClass As String"},{"name":"getActionBadges","signature":"getActionBadges As String"},{"name":"getActionButtons","signature":"getActionButtons As String"},{"name":"getActionIcons","signature":"getActionIcons As String"},{"name":"getTitleBadges","signature":"getTitleBadges As String"},{"name":"getMarginAXYTBLR","signature":"getMarginAXYTBLR As String"},{"name":"getPaddingAXYTBLR","signature":"getPaddingAXYTBLR As String"},{"name":"getClasses","signature":"getClasses As String"},{"name":"getStyles","signature":"getStyles As String"},{"name":"getAttributes","signature":"getAttributes As String"},{"name":"AddToolbarActionButton","signature":"AddToolbarActionButton(btnID As String, btnCaption As String, btnColor As String) As SDUIButton"},{"name":"SetToolbarButtonToolTip","signature":"SetToolbarButtonToolTip(btnID As String, tooltip As String, color As String, position As String, normalcase As Boolean)"},{"name":"AddToolbarButtonIcon","signature":"AddToolbarButtonIcon(btnID As String, sIcon As String, btnColor As String) As SDUIButton"},{"name":"AddToolbarFileUpload","signature":"AddToolbarFileUpload(btnID As String, sIcon As String, btnColor As String) As SDUIButton"},{"name":"AddToolbarFileUpload1","signature":"AddToolbarFileUpload1(btnID As String, sIcon As String, btnColor As String, bMultiple As Boolean) As SDUIButton"},{"name":"AddToolbarActionButtonIconTextColor","signature":"AddToolbarActionButtonIconTextColor(btnID As String, sIcon As String, btnColor As String, btnTextColor As String) As SDUIButton"},{"name":"AddToolbarButtonTextColor","signature":"AddToolbarButtonTextColor(btnID As String, btnCaption As String, btnColor As String, btnTextColor As String) As SDUIButton"},{"name":"AddToolbarButton","signature":"AddToolbarButton(btnID As String, btnCaption As String, btnColor As String) As SDUIButton"},{"name":"SetToolbarButtonTextColor","signature":"SetToolbarButtonTextColor(btn As String, value As String)"},{"name":"AddToolbarActionButtonIcon","signature":"AddToolbarActionButtonIcon(btnID As String, sIcon As String, btnColor As String) As SDUIButton"},{"name":"AddToolbarDropDownIconTextColor","signature":"AddToolbarDropDownIconTextColor(btnID As String, sIcon As String, btnColor As String, btnTextColor As String) As SDUIDropDown"},{"name":"AddToolbarDropDownIcon","signature":"AddToolbarDropDownIcon(btnID As String, sIcon As String, btnColor As String) As SDUIDropDown"},{"name":"AddToolbarDropDown","signature":"AddToolbarDropDown(btnID As String, btnColor As String, btnLabel As String) As SDUIDropDown"},{"name":"AddToolbarDropDownAvatar","signature":"AddToolbarDropDownAvatar(btnID As Object, sSize As String, ImgURL As String) As SDUIDropDown"},{"name":"AddToolbarSelect","signature":"AddToolbarSelect(id As String, prependIcon As String, appendIcon As String, options As Map) As SDUISelect"},{"name":"AddToolbarSelectNormal","signature":"AddToolbarSelectNormal(id As String, options As Map) As SDUISelect"},{"name":"AddToolbarTextBox","signature":"AddToolbarTextBox(id As String, prependIcon As String, appendIcon As String) As SDUITextBox"},{"name":"AddToolbarTextBoxNormal","signature":"AddToolbarTextBoxNormal(id As String) As SDUITextBox"},{"name":"setTitle","signature":"setTitle(s As String)"},{"name":"setDescription","signature":"setDescription(s As String)"},{"name":"setYesVisible","signature":"setYesVisible(b As Boolean)"},{"name":"setYesCaption","signature":"setYesCaption(s As String)"},{"name":"setYesColor","signature":"setYesColor(s As String)"},{"name":"setYesTextColor","signature":"setYesTextColor(s As String)"},{"name":"setNoVisible","signature":"setNoVisible(b As Boolean)"},{"name":"setNoCaption","signature":"setNoCaption(s As String)"},{"name":"setNoColor","signature":"setNoColor(s As String)"},{"name":"setNoTextColor","signature":"setNoTextColor(s As String)"},{"name":"setCancelVisible","signature":"setCancelVisible(b As Boolean)"},{"name":"setCancelCaption","signature":"setCancelCaption(s As String)"},{"name":"setCancelColor","signature":"setCancelColor(s As String)"},{"name":"setCancelTextColor","signature":"setCancelTextColor(s As String)"},{"name":"setActionsClass","signature":"setActionsClass(s As String)"},{"name":"getYesVisible","signature":"getYesVisible As Boolean"},{"name":"getYesCaption","signature":"getYesCaption As String"},{"name":"getYesColor","signature":"getYesColor As String"},{"name":"getYesTextColor","signature":"getYesTextColor As String"},{"name":"getNoVisible","signature":"getNoVisible As Boolean"},{"name":"getNoCaption","signature":"getNoCaption As String"},{"name":"getNoColor","signature":"getNoColor As String"},{"name":"getNoTextColor","signature":"getNoTextColor As String"},{"name":"getCancelVisible","signature":"getCancelVisible As Boolean"},{"name":"getCancelCaption","signature":"getCancelCaption As String"},{"name":"getCancelColor","signature":"getCancelColor As String"},{"name":"getCancelTextColor","signature":"getCancelTextColor As String"}]}