{"properties":[{"Key":"ParentID","DisplayName":"ParentID","FieldType":"String","DefaultValue":"","Description":"The ParentID of this component","List":""},{"Key":"Position","DisplayName":"Position","FieldType":"String","DefaultValue":"left","Description":"Position","List":"bottom|left|right|top"},{"Key":"BackDrop","DisplayName":"Back Drop","FieldType":"Boolean","DefaultValue":"True","Description":"Back Drop","List":""},{"Key":"BackdropClasses","DisplayName":"Backdrop Classes","FieldType":"String","DefaultValue":"","Description":"Backdrop Classes","List":""},{"Key":"BodyScrolling","DisplayName":"Body Scrolling","FieldType":"Boolean","DefaultValue":"False","Description":"Body Scrolling","List":""},{"Key":"Edge","DisplayName":"Edge","FieldType":"Boolean","DefaultValue":"False","Description":"Edge","List":""},{"Key":"EdgeOffset","DisplayName":"Edge Offset","FieldType":"String","DefaultValue":"bottom-[60px]","Description":"Edge Offset","List":""},{"Key":"Height","DisplayName":"Height","FieldType":"String","DefaultValue":"","Description":"Height","List":""},{"Key":"Width","DisplayName":"Width","FieldType":"String","DefaultValue":"80","Description":"Width","List":""},{"Key":"LeftRadius","DisplayName":"Left Radius","FieldType":"String","DefaultValue":"lg","Description":"Left Radius","List":"2xl|3xl|default|full|lg|md|none|sm|xl"},{"Key":"RightRadius","DisplayName":"Right Radius","FieldType":"String","DefaultValue":"lg","Description":"Right Radius","List":"2xl|3xl|default|full|lg|md|none|sm|xl"},{"Key":"Visible","DisplayName":"Visible","FieldType":"Boolean","DefaultValue":"True","Description":"If visible.","List":""},{"Key":"MarginAXYTBLR","DisplayName":"Margins","FieldType":"String","DefaultValue":"a=?; x=?; y=?; t=?; b=?; l=?; r=?","Description":"Margins A(all)-X(LR)-Y(TB)-T-B-L-R","List":""},{"Key":"PaddingAXYTBLR","DisplayName":"Paddings","FieldType":"String","DefaultValue":"a=?; x=?; y=?; t=?; b=?; l=?; r=?","Description":"Paddings A(all)-X(LR)-Y(TB)-T-B-L-R","List":""},{"Key":"RawClasses","DisplayName":"Classes (;)","FieldType":"String","DefaultValue":"","Description":"Classes added to the HTML tag.","List":""},{"Key":"RawStyles","DisplayName":"Styles (JSON)","FieldType":"String","DefaultValue":"","Description":"Styles added to the HTML tag. Must be a json String use = and ;","List":""},{"Key":"RawAttributes","DisplayName":"Attributes (JSON)","FieldType":"String","DefaultValue":"","Description":"Attributes added to the HTML tag. Must be a json String use = and ;","List":""}],"events":[],"methods":[{"name":"Class_Globals","signature":"Class_Globals"},{"name":"Initialize","signature":"Initialize (Callback As Object, Name As String, EventName As String)"},{"name":"getElement","signature":"getElement() As BANanoElement"},{"name":"RemoveLastClass","signature":"RemoveLastClass(Prefix As String, attrName As String)"},{"name":"AddComputedStyleMap","signature":"AddComputedStyleMap(ms As Map)"},{"name":"getID","signature":"getID() As String"},{"name":"LoadComponentJson","signature":"LoadComponentJson(designName As String)"},{"name":"AddToParent","signature":"AddToParent(targetID As String, props As Map)"},{"name":"Remove","signature":"Remove()"},{"name":"setParentID","signature":"setParentID(s As String)"},{"name":"setElement","signature":"setElement(e As BANanoElement)"},{"name":"Clear","signature":"Clear"},{"name":"Append","signature":"Append(tmp As Object)"},{"name":"SetHTML","signature":"SetHTML(sHTML As String)"},{"name":"LinkExisting","signature":"LinkExisting"},{"name":"TriggerEvent","signature":"TriggerEvent(event As String, params() As String)"},{"name":"getHere","signature":"getHere() As String"},{"name":"AddAttr","signature":"AddAttr(attr As String, text As Object)"},{"name":"AddDataAttr","signature":"AddDataAttr(attr As String, text As String)"},{"name":"GetDataAttr","signature":"GetDataAttr(attr As String) As String"},{"name":"GetAttr","signature":"GetAttr(attr As String) As String"},{"name":"AddClass","signature":"AddClass(text As String)"},{"name":"RemoveClass","signature":"RemoveClass(text As String)"},{"name":"AddAttrMap","signature":"AddAttrMap(ms As Map)"},{"name":"RemoveAttr","signature":"RemoveAttr(attr As String)"},{"name":"AddStyleComputed","signature":"AddStyleComputed(attr As String, text As String)"},{"name":"AddStyleMap","signature":"AddStyleMap(ms As Map)"},{"name":"AddStyle","signature":"AddStyle(k As String, v As String)"},{"name":"setVisible","signature":"setVisible(b As Boolean)"},{"name":"getVisible","signature":"getVisible As Boolean"},{"name":"OnEventMethod","signature":"OnEventMethod(event As String, Module As Object, MethodName As String, args As List)"},{"name":"On","signature":"On(event As String, args As List)"},{"name":"OnEvent","signature":"OnEvent(event As String, Module As Object, methodName As String, args As List)"},{"name":"ResponsiveClass","signature":"ResponsiveClass(className As String, xs As Boolean, sm As Boolean, md As Boolean, lg As Boolean)"},{"name":"setAttributes","signature":"setAttributes(s As String)"},{"name":"setStyles","signature":"setStyles(s As String)"},{"name":"setClasses","signature":"setClasses(s As String)"},{"name":"setPaddingAXYTBLR","signature":"setPaddingAXYTBLR(s As String)"},{"name":"setMarginAXYTBLR","signature":"setMarginAXYTBLR(s As String)"},{"name":"getAttributes","signature":"getAttributes As String"},{"name":"getStyles","signature":"getStyles As String"},{"name":"getClasses","signature":"getClasses As String"},{"name":"getPaddingAXYTBLR","signature":"getPaddingAXYTBLR As String"},{"name":"getMarginAXYTBLR","signature":"getMarginAXYTBLR As String"},{"name":"OnChildEvent","signature":"OnChildEvent(child As String, event As String, Module As Object, methodName As String, args As List)"},{"name":"DesignerCreateView","signature":"DesignerCreateView (Target As BANanoElement, Props As Map)"},{"name":"Show","signature":"Show"},{"name":"Hide","signature":"Hide"},{"name":"Toggle","signature":"Toggle"},{"name":"setBackDrop","signature":"setBackDrop(b As Boolean)"},{"name":"setBackdropClasses","signature":"setBackdropClasses(s As String)"},{"name":"setBodyScrolling","signature":"setBodyScrolling(b As Boolean)"},{"name":"setEdge","signature":"setEdge(b As Boolean)"},{"name":"setEdgeOffset","signature":"setEdgeOffset(s As String)"},{"name":"setHeight","signature":"setHeight(s As String)"},{"name":"setLeftRadius","signature":"setLeftRadius(s As String)"},{"name":"setPosition","signature":"setPosition(s As String)"},{"name":"setRightRadius","signature":"setRightRadius(s As String)"},{"name":"setWidth","signature":"setWidth(s As String)"},{"name":"getBackDrop","signature":"getBackDrop As Boolean"},{"name":"getBackdropClasses","signature":"getBackdropClasses As String"},{"name":"getBodyScrolling","signature":"getBodyScrolling As Boolean"},{"name":"getEdge","signature":"getEdge As Boolean"},{"name":"getEdgeOffset","signature":"getEdgeOffset As String"},{"name":"getHeight","signature":"getHeight As String"},{"name":"getLeftRadius","signature":"getLeftRadius As String"},{"name":"getPosition","signature":"getPosition As String"},{"name":"getRightRadius","signature":"getRightRadius As String"},{"name":"getWidth","signature":"getWidth As String"}]}