{"properties":[{"Key":"ParentID","DisplayName":"ParentID","FieldType":"String","DefaultValue":"","Description":"The ParentID of this div","List":""},{"Key":"InputType","DisplayName":"Type","FieldType":"String","DefaultValue":"text","Description":"Swap Type","List":"icon|text|button"},{"Key":"OffValue","DisplayName":"Off Value/Icon","FieldType":"String","DefaultValue":"OFF","Description":"Off Value/Icon","List":""},{"Key":"OnValue","DisplayName":"On Value/Icon","FieldType":"String","DefaultValue":"ON","Description":"On Value/Icon","List":""},{"Key":"Size","DisplayName":"Icon Size","FieldType":"String","DefaultValue":"2xl","Description":"Icon Size","List":""},{"Key":"Effect","DisplayName":"Effect","FieldType":"String","DefaultValue":"rotate","Description":"Effect","List":"flip|rotate"},{"Key":"BgColor","DisplayName":"Bg Color","FieldType":"String","DefaultValue":"","Description":"Background Color","List":""},{"Key":"BgColorIntensity","DisplayName":"Bg Color Intensity","FieldType":"String","DefaultValue":"","Description":"Background Color Intensity","List":""},{"Key":"Visible","DisplayName":"Visible","FieldType":"Boolean","DefaultValue":"True","Description":"If visible.","List":""},{"Key":"MarginAXYTBLR","DisplayName":"Margins","FieldType":"String","DefaultValue":"a=?; x=?; y=?; t=?; b=?; l=?; r=?","Description":"Margins A-X-Y-T-B-L-R","List":""},{"Key":"PaddingAXYTBLR","DisplayName":"Paddings","FieldType":"String","DefaultValue":"a=?; x=?; y=?; t=?; b=?; l=?; r=?","Description":"Paddings A-X-Y-T-B-L-R","List":""},{"Key":"RawClasses","DisplayName":"Classes","FieldType":"String","DefaultValue":"","Description":"Classes added to the HTML tag.","List":""},{"Key":"RawStyles","DisplayName":"Styles","FieldType":"String","DefaultValue":"","Description":"Styles added to the HTML tag. Must be a json String- use =","List":""},{"Key":"RawAttributes","DisplayName":"Attributes","FieldType":"String","DefaultValue":"","Description":"Attributes added to the HTML tag. Must be a json String- use =","List":""}],"events":[{"name":"Change (Checked As Boolean)"}],"methods":[{"name":"Initialize","signature":"Initialize (CallBack As Object, cName As String, EventName As String)"},{"name":"AddSwap","signature":"AddSwap(mCallback As Object, ParentID As String, ID As String, xOnLabel As String, xOffLabel As String)"},{"name":"setFieldName","signature":"setFieldName(s As String)"},{"name":"AssignElement","signature":"AssignElement(mCallBack As Object, ID As String)"},{"name":"setAutoFocus","signature":"setAutoFocus(p As Boolean)"},{"name":"Enable","signature":"Enable"},{"name":"Disable","signature":"Disable"},{"name":"setEnabled","signature":"setEnabled(b As Boolean)"},{"name":"getEnabled","signature":"getEnabled As Boolean"},{"name":"AddSwapIcon","signature":"AddSwapIcon(mCallback As Object, ParentID As String, ID As String, xSize As Int, xOnIcon As String, xOffIcon As String)"},{"name":"getOnID","signature":"getOnID As String"},{"name":"getOffID","signature":"getOffID As String"},{"name":"On","signature":"On(event As String, CallBack As Object, MethodName As String)"},{"name":"setChecked","signature":"setChecked(Status As Boolean)"},{"name":"getChecked","signature":"getChecked As Boolean"},{"name":"getName","signature":"getName As String"},{"name":"getHere","signature":"getHere As String"},{"name":"Active","signature":"Active"},{"name":"NotActive","signature":"NotActive"},{"name":"Rotate","signature":"Rotate"},{"name":"Flip","signature":"Flip"},{"name":"Show","signature":"Show"},{"name":"Hide","signature":"Hide"},{"name":"setBGColor","signature":"setBGColor(s As String)"},{"name":"bgColorIntensity","signature":"bgColorIntensity(color As String, intensity As String)"},{"name":"AddToParent","signature":"AddToParent(targetID As String, props As Map)"},{"name":"HideOnSmall","signature":"HideOnSmall"},{"name":"HideOnMedium","signature":"HideOnMedium"},{"name":"HideOnLarge","signature":"HideOnLarge"},{"name":"LinkExisting","signature":"LinkExisting"},{"name":"OnEvent\t\t\t'ignore","signature":"OnEvent(event As String, Module As Object, methodName As String, args As List)\t\t\t'ignore"},{"name":"setParentID","signature":"setParentID(s As String)"},{"name":"setInputType","signature":"setInputType(s As String)"},{"name":"setOffValue","signature":"setOffValue(s As String)"},{"name":"setOnValue","signature":"setOnValue(s As String)"},{"name":"setSize","signature":"setSize(s As String)"},{"name":"setEffect","signature":"setEffect(s As String)"},{"name":"setVisible","signature":"setVisible(b As Boolean)"},{"name":"setMarginAXYTBLR","signature":"setMarginAXYTBLR(s As String)"},{"name":"setPaddingAXYTBLR","signature":"setPaddingAXYTBLR(s As String)"},{"name":"setClasses","signature":"setClasses(s As String)"},{"name":"setStyles","signature":"setStyles(s As String)"},{"name":"setAttributes","signature":"setAttributes(s As String)"},{"name":"getParentID","signature":"getParentID As String"},{"name":"getInputType","signature":"getInputType As String"},{"name":"getOffValue","signature":"getOffValue As String"},{"name":"getOnValue","signature":"getOnValue As String"},{"name":"getSize","signature":"getSize As String"},{"name":"getEffect","signature":"getEffect As String"},{"name":"getBgColor","signature":"getBgColor As String"},{"name":"getVisible","signature":"getVisible As Boolean"},{"name":"getMarginAXYTBLR","signature":"getMarginAXYTBLR As String"},{"name":"getPaddingAXYTBLR","signature":"getPaddingAXYTBLR As String"},{"name":"getClasses","signature":"getClasses As String"},{"name":"getStyles","signature":"getStyles As String"},{"name":"getAttributes","signature":"getAttributes As String"}]}