{"properties":[{"Key":"ParentID","DisplayName":"ParentID","FieldType":"String","DefaultValue":"","Description":"The id of the element to place this into","List":""},{"Key":"Hidden","DisplayName":"Hidden","FieldType":"Boolean","DefaultValue":"False","Description":"The component is visible / hidden","List":""},{"Key":"Camera","DisplayName":"Camera","FieldType":"String","DefaultValue":"environment","Description":"Camera Being Used","List":"environment|user"},{"Key":"Fps","DisplayName":"Fps","FieldType":"Int","DefaultValue":"10","Description":"Frames Per Second","List":""},{"Key":"Width","DisplayName":"Width","FieldType":"String","DefaultValue":"full","Description":"Width","List":""},{"Key":"Height","DisplayName":"Height","FieldType":"String","DefaultValue":"300px","Description":"Height","List":""},{"Key":"QrboxHeight","DisplayName":"Qrbox Height","FieldType":"Int","DefaultValue":"250","Description":"Qrbox Height","List":""},{"Key":"QrboxWidth","DisplayName":"Qrbox Width","FieldType":"Int","DefaultValue":"250","Description":"Qrbox Width","List":""},{"Key":"RememberLastUsedCamera","DisplayName":"Remember Last Used Camera","FieldType":"Boolean","DefaultValue":"False","Description":"Remember Last Used Camera","List":""},{"Key":"Torch","DisplayName":"Torch","FieldType":"Boolean","DefaultValue":"False","Description":"Torch On Or Off","List":""},{"Key":"Visible","DisplayName":"Visible","FieldType":"Boolean","DefaultValue":"True","Description":"If visible.","List":""},{"Key":"MarginAXYTBLR","DisplayName":"Margins AXYTBLR","FieldType":"String","DefaultValue":"a=?; x=?; y=?; t=?; b=?; l=?; r=?","Description":"Margins A-X-Y-T-B-L-R","List":""},{"Key":"PaddingAXYTBLR","DisplayName":"Paddings AXYTBLR","FieldType":"String","DefaultValue":"a=?; x=?; y=?; t=?; b=?; l=?; r=?","Description":"Paddings A-X-Y-T-B-L-R","List":""},{"Key":"RawClasses","DisplayName":"Classes","FieldType":"String","DefaultValue":"","Description":"Classes added to the HTML tag.","List":""},{"Key":"RawStyles","DisplayName":"Styles","FieldType":"String","DefaultValue":"","Description":"Styles added to the HTML tag. Must be a json String","use =":"use =","List":""},{"Key":"RawAttributes","DisplayName":"Attributes","FieldType":"String","DefaultValue":"","Description":"Attributes added to the HTML tag. Must be a json String","use =":"use =","List":""}],"events":[{"name":"Click (e As BANanoEvent)"},{"name":"ScanFailure (error As Object)"},{"name":"ScanSuccess (decodedText As String, decodedResult As Map)"}],"methods":[{"name":"Initialize","signature":"Initialize (CallBack As Object, Name As String, EventName As String)"},{"name":"getVisible","signature":"getVisible As Boolean"},{"name":"setParentID","signature":"setParentID(s As String)"},{"name":"getParentID","signature":"getParentID As String"},{"name":"FrontCamera","signature":"FrontCamera"},{"name":"RearCamera","signature":"RearCamera"},{"name":"Restart","signature":"Restart"},{"name":"ScanWait","signature":"ScanWait As Boolean"},{"name":"TorchOn","signature":"TorchOn"},{"name":"TorchOff","signature":"TorchOff"},{"name":"StopScanWait","signature":"StopScanWait As Boolean"},{"name":"Defaults","signature":"Defaults"},{"name":"getID","signature":"getID As String"},{"name":"getHere","signature":"getHere As String"},{"name":"setCamera","signature":"setCamera(v As String)"},{"name":"getCamera","signature":"getCamera As String"},{"name":"setFps","signature":"setFps(v As Int)"},{"name":"setQrboxHeight","signature":"setQrboxHeight(v As Int)"},{"name":"setQrboxWidth","signature":"setQrboxWidth(v As Int)"},{"name":"setRememberLastUsedCamera","signature":"setRememberLastUsedCamera(v As Boolean)"},{"name":"setTorch","signature":"setTorch(v As Boolean)"},{"name":"getTorch","signature":"getTorch As Boolean"},{"name":"setHeight","signature":"setHeight(xHeight As String)"},{"name":"setWidth","signature":"setWidth(xWidth As String)"},{"name":"getHeight","signature":"getHeight As String"},{"name":"getWidth","signature":"getWidth As String"},{"name":"setW","signature":"setW(v As String)"},{"name":"setH","signature":"setH(v As String)"},{"name":"AddBarCodeReader","signature":"AddBarCodeReader(CallBack As Object, ParentID As String, id As String) As SDUIBarCodeReader"},{"name":"Pause","signature":"Pause(shouldPauseVideo As Boolean)"},{"name":"Resume","signature":"Resume"},{"name":"Show","signature":"Show"},{"name":"Hide","signature":"Hide"},{"name":"AddToParent","signature":"AddToParent(targetID As String, props As Map)"},{"name":"TurnTorchOn","signature":"TurnTorchOn()"},{"name":"TurnTorchOff","signature":"TurnTorchOff()"},{"name":"setVisible","signature":"setVisible(b As Boolean)"}]}