{"properties":[{"Key":"ParentID","DisplayName":"ParentID","FieldType":"String","DefaultValue":"","Description":"The ParentID of this div","List":""},{"Key":"FacingMode","DisplayName":"Facing Mode","FieldType":"String","DefaultValue":"user","Description":"Facing Mode","List":"environment|left|right|user"},{"Key":"Flash","DisplayName":"Flash","FieldType":"Boolean","DefaultValue":"False","Description":"Flash","List":""},{"Key":"Height","DisplayName":"Height","FieldType":"String","DefaultValue":"450","Description":"Height","List":""},{"Key":"Width","DisplayName":"Width","FieldType":"String","DefaultValue":"500","Description":"Width","List":""},{"Key":"Visible","DisplayName":"Visible","FieldType":"Boolean","DefaultValue":"True","Description":"If visible.","List":""},{"Key":"MarginAXYTBLR","DisplayName":"Margins","FieldType":"String","DefaultValue":"a=?; x=?; y=?; t=?; b=?; l=?; r=?","Description":"Margins A-X-Y-T-B-L-R","List":""},{"Key":"PaddingAXYTBLR","DisplayName":"Paddings","FieldType":"String","DefaultValue":"a=?; x=?; y=?; t=?; b=?; l=?; r=?","Description":"Paddings A-X-Y-T-B-L-R","List":""},{"Key":"RawClasses","DisplayName":"Classes","FieldType":"String","DefaultValue":"","Description":"Classes added to the HTML tag.","List":""},{"Key":"RawStyles","DisplayName":"Styles","FieldType":"String","DefaultValue":"","Description":"Styles added to the HTML tag. Must be a json String- use =","List":""},{"Key":"RawAttributes","DisplayName":"Attributes","FieldType":"String","DefaultValue":"","Description":"Attributes added to the HTML tag. Must be a json String- use =","List":""}],"events":[{"name":"SnapSuccess (data_URI As String)"},{"name":"Ready (e As BANanoEvent)"},{"name":"Stopped (e As BANanoEvent)"}],"methods":[{"name":"Class_Globals","signature":"Class_Globals"},{"name":"DesignerCreateView","signature":"DesignerCreateView (Target As BANanoElement, Props As Map)"},{"name":"Initialize","signature":"Initialize (CallBack As Object, cName As String, EventName As String)"},{"name":"AddCamera","signature":"AddCamera(mCallback As Object, ParentID As String, ID As String)"},{"name":"AssignElement","signature":"AssignElement(mCallBack As Object, ID As String)"},{"name":"shadow","signature":"shadow(s As String)"},{"name":"RoundedBox","signature":"RoundedBox"},{"name":"setFacingMode","signature":"setFacingMode(s As String)"},{"name":"setFlash","signature":"setFlash(b As Boolean)"},{"name":"setHeight","signature":"setHeight(s As String)"},{"name":"setWidth","signature":"setWidth(s As String)"},{"name":"Enable","signature":"Enable"},{"name":"Disable","signature":"Disable"},{"name":"getName","signature":"getName As String"},{"name":"getHere","signature":"getHere As String"},{"name":"Show","signature":"Show"},{"name":"Hide","signature":"Hide"},{"name":"LoadComponentJson","signature":"LoadComponentJson(designName As String)"},{"name":"AddToParent","signature":"AddToParent(targetID As String, props As Map)"},{"name":"TakeSnap","signature":"TakeSnap"},{"name":"PauseCamera","signature":"PauseCamera"},{"name":"ResumeCamera","signature":"ResumeCamera"},{"name":"StartCameraWait","signature":"StartCameraWait"},{"name":"StopCameraWait","signature":"StopCameraWait"},{"name":"HideOnSmall","signature":"HideOnSmall"},{"name":"HideOnMedium","signature":"HideOnMedium"},{"name":"HideOnLarge","signature":"HideOnLarge"},{"name":"LinkExisting","signature":"LinkExisting"},{"name":"setParentID","signature":"setParentID(s As String)"},{"name":"setVisible","signature":"setVisible(b As Boolean)"},{"name":"setMarginAXYTBLR","signature":"setMarginAXYTBLR(s As String)"},{"name":"setPaddingAXYTBLR","signature":"setPaddingAXYTBLR(s As String)"},{"name":"setClasses","signature":"setClasses(s As String)"},{"name":"setStyles","signature":"setStyles(s As String)"},{"name":"setAttributes","signature":"setAttributes(s As String)"},{"name":"getParentID","signature":"getParentID As String"},{"name":"getFacingMode","signature":"getFacingMode As String"},{"name":"getFlash","signature":"getFlash As Boolean"},{"name":"getHeight","signature":"getHeight As String"},{"name":"getWidth","signature":"getWidth As String"},{"name":"getVisible","signature":"getVisible As Boolean"},{"name":"getMarginAXYTBLR","signature":"getMarginAXYTBLR As String"},{"name":"getPaddingAXYTBLR","signature":"getPaddingAXYTBLR As String"},{"name":"getClasses","signature":"getClasses As String"},{"name":"getStyles","signature":"getStyles As String"},{"name":"getAttributes","signature":"getAttributes As String"}]}