{"properties":[{"Key":"ParentID","DisplayName":"ParentID","FieldType":"String","DefaultValue":"","Description":"The ParentID of this component","List":""},{"Key":"AcceptCharset","DisplayName":"Accept Charset","FieldType":"String","DefaultValue":"utf-8","Description":"Accept Charset","List":""},{"Key":"Action","DisplayName":"Action","FieldType":"String","DefaultValue":"","Description":"Action","List":""},{"Key":"Autocomplete","DisplayName":"Autocomplete","FieldType":"String","DefaultValue":"off","Description":"Autocomplete","List":"off|on"},{"Key":"Enctype","DisplayName":"Enctype","FieldType":"String","DefaultValue":"application/x-www-form-urlencoded","Description":"Enctype","List":"application/x-www-form-urlencoded|multipart/form-data|text/plain"},{"Key":"Method","DisplayName":"Method","FieldType":"String","DefaultValue":"none","Description":"Method","List":"get|none|post"},{"Key":"Name","DisplayName":"Name","FieldType":"String","DefaultValue":"","Description":"Name","List":""},{"Key":"Novalidate","DisplayName":"Novalidate","FieldType":"Boolean","DefaultValue":"False","Description":"Novalidate","List":""},{"Key":"Rel","DisplayName":"Rel","FieldType":"String","DefaultValue":"none","Description":"Rel","List":"external|help|license|next|nofollow|none|noopener|noreferrer|opener|prev|search"},{"Key":"Target","DisplayName":"Target","FieldType":"String","DefaultValue":"none","Description":"Target","List":"_blank|_parent|_self|_top|none"},{"Key":"Visible","DisplayName":"Visible","FieldType":"Boolean","DefaultValue":"True","Description":"If visible.","List":""},{"Key":"PositionStyle","DisplayName":"Position Style","FieldType":"String","DefaultValue":"none","Description":"Position","List":"absolute|fixed|none|relative|static|sticky"},{"Key":"RawPosition","DisplayName":"Position Locations","FieldType":"String","DefaultValue":"t=?; b=?; r=?; l=?","Description":"Position Locations","List":""},{"Key":"MarginAXYTBLR","DisplayName":"Margins","FieldType":"String","DefaultValue":"a=?; x=?; y=?; t=?; b=?; l=?; r=?","Description":"Margins A(all)-X(LR)-Y(TB)-T-B-L-R","List":""},{"Key":"PaddingAXYTBLR","DisplayName":"Paddings","FieldType":"String","DefaultValue":"a=?; x=?; y=?; t=?; b=?; l=?; r=?","Description":"Paddings A(all)-X(LR)-Y(TB)-T-B-L-R","List":""},{"Key":"RawClasses","DisplayName":"Classes (;)","FieldType":"String","DefaultValue":"","Description":"Classes added to the HTML tag.","List":""},{"Key":"RawStyles","DisplayName":"Styles (JSON)","FieldType":"String","DefaultValue":"","Description":"Styles added to the HTML tag. Must be a json String use = and ;","List":""},{"Key":"RawAttributes","DisplayName":"Attributes (JSON)","FieldType":"String","DefaultValue":"","Description":"Attributes added to the HTML tag. Must be a json String use = and ;","List":""}],"events":[{"name":"Submit (e As BaNanoEvent)"}],"methods":[{"name":"Class_Globals","signature":"Class_Globals"},{"name":"Initialize","signature":"Initialize (Callback As Object, Name As String, EventName As String)"},{"name":"getElement","signature":"getElement() As BANanoElement"},{"name":"RemoveClassSaved","signature":"RemoveClassSaved(Prefix As String, attrName As String)"},{"name":"AddComputedStyleMap","signature":"AddComputedStyleMap(ms As Map)"},{"name":"getID","signature":"getID() As String"},{"name":"AddToParent","signature":"AddToParent(targetID As String, props As Map)"},{"name":"Remove","signature":"Remove()"},{"name":"setParentID","signature":"setParentID(s As String)"},{"name":"setTargetID","signature":"setTargetID(s As String)"},{"name":"setElement","signature":"setElement(e As BANanoElement)"},{"name":"Append","signature":"Append(tmp As Object)"},{"name":"SetHTML","signature":"SetHTML(sHTML As String)"},{"name":"GetCompPrefix","signature":"GetCompPrefix(sCompType As String) As String"},{"name":"Clear","signature":"Clear"},{"name":"LinkExisting","signature":"LinkExisting"},{"name":"TriggerEvent","signature":"TriggerEvent(event As String, params() As String)"},{"name":"getHere","signature":"getHere() As String"},{"name":"AddAttr","signature":"AddAttr(attr As String, text As Object)"},{"name":"AddDataAttr","signature":"AddDataAttr(attr As String, text As String)"},{"name":"GetDataAttr","signature":"GetDataAttr(attr As String) As String"},{"name":"GetAttr","signature":"GetAttr(attr As String) As String"},{"name":"AddClass","signature":"AddClass(text As String)"},{"name":"RemoveClass","signature":"RemoveClass(text As String)"},{"name":"RemoveStyle","signature":"RemoveStyle(s As String)"},{"name":"ToggleClass","signature":"ToggleClass(s As String)"},{"name":"AddAttrMap","signature":"AddAttrMap(ms As Map)"},{"name":"RemoveAttr","signature":"RemoveAttr(attr As String)"},{"name":"AddStyleComputed","signature":"AddStyleComputed(attr As String, text As String)"},{"name":"AddStyleMap","signature":"AddStyleMap(ms As Map)"},{"name":"AddStyle","signature":"AddStyle(k As String, v As String)"},{"name":"setVisible","signature":"setVisible(b As Boolean)"},{"name":"getVisible","signature":"getVisible As Boolean"},{"name":"OnEventMethod\t\t'ignore","signature":"OnEventMethod(event As String, Module As Object, MethodName As String, args As List)\t\t'ignore"},{"name":"getThis","signature":"getThis As BANanoObject"},{"name":"On","signature":"On(event As String, CallBack As Object, MethodName As String)"},{"name":"OnEvent\t\t\t'ignore","signature":"OnEvent(event As String, Module As Object, methodName As String, args As List)\t\t\t'ignore"},{"name":"setPositionStyle","signature":"setPositionStyle(s As String)"},{"name":"getPositionStyle","signature":"getPositionStyle As String"},{"name":"setPosition","signature":"setPosition(s As String)"},{"name":"getPosition","signature":"getPosition As String"},{"name":"setAttributes","signature":"setAttributes(s As String)"},{"name":"setStyles","signature":"setStyles(s As String)"},{"name":"setClasses","signature":"setClasses(s As String)"},{"name":"setPaddingAXYTBLR","signature":"setPaddingAXYTBLR(s As String)"},{"name":"setMarginAXYTBLR","signature":"setMarginAXYTBLR(s As String)"},{"name":"getAttributes","signature":"getAttributes As String"},{"name":"getStyles","signature":"getStyles As String"},{"name":"getClasses","signature":"getClasses As String"},{"name":"getPaddingAXYTBLR","signature":"getPaddingAXYTBLR As String"},{"name":"getMarginAXYTBLR","signature":"getMarginAXYTBLR As String"},{"name":"getTargetID","signature":"getTargetID As String"},{"name":"OnChildEvent\t\t\t'ignore","signature":"OnChildEvent(child As String, event As String, Module As Object, methodName As String, args As List)\t\t\t'ignore"},{"name":"DesignerCreateView","signature":"DesignerCreateView (Target As BANanoElement, Props As Map)"},{"name":"setAcceptCharset","signature":"setAcceptCharset(s As String)"},{"name":"setAction","signature":"setAction(s As String)"},{"name":"setAutocomplete","signature":"setAutocomplete(s As String)"},{"name":"setEnctype","signature":"setEnctype(s As String)"},{"name":"setMethod","signature":"setMethod(s As String)"},{"name":"setName","signature":"setName(s As String)"},{"name":"setNovalidate","signature":"setNovalidate(b As Boolean)"},{"name":"setRel","signature":"setRel(s As String)"},{"name":"setTarget","signature":"setTarget(s As String)"},{"name":"getAcceptCharset","signature":"getAcceptCharset As String"},{"name":"getAction","signature":"getAction As String"},{"name":"getAutocomplete","signature":"getAutocomplete As String"},{"name":"getEnctype","signature":"getEnctype As String"},{"name":"getMethod","signature":"getMethod As String"},{"name":"getName","signature":"getName As String"},{"name":"getNovalidate","signature":"getNovalidate As Boolean"},{"name":"getRel","signature":"getRel As String"},{"name":"getTarget","signature":"getTarget As String"},{"name":"setComponentSize","signature":"setComponentSize(s As String)"},{"name":"SetComponentSizeOnDevices","signature":"SetComponentSizeOnDevices(skey As String, s As String)"},{"name":"SetComponentMargin","signature":"SetComponentMargin(skey As String, s As String)"},{"name":"SetComponentPadding","signature":"SetComponentPadding(skey As String, s As String)"},{"name":"SetComponentCenterChildren","signature":"SetComponentCenterChildren(skey As String, b As Boolean)"},{"name":"SetComponentPrependIcon","signature":"SetComponentPrependIcon(skey As String, sicon As String)"},{"name":"SetComponentAlignment","signature":"SetComponentAlignment(skey As String, salign As String)"},{"name":"SetComponentHintText","signature":"SetComponentHintText(skey As String, s As String)"},{"name":"SetComponentLocale","signature":"SetComponentLocale(skey As String, s As String)"},{"name":"SetComponentErrorText","signature":"SetComponentErrorText(skey As String, s As String)"},{"name":"SetComponentPlaceHolder","signature":"SetComponentPlaceHolder(skey As String, s As String)"},{"name":"SetComponentAppendIcon","signature":"SetComponentAppendIcon(skey As String, sicon As String)"},{"name":"SetComponentPrefix","signature":"SetComponentPrefix(skey As String, sicon As String)"},{"name":"SetComponentSuffix","signature":"SetComponentSuffix(skey As String, sicon As String)"},{"name":"SetComponentVisible","signature":"SetComponentVisible(skey As String, b As Boolean)"},{"name":"SetComponentDisabled","signature":"SetComponentDisabled(skey As String, b As Boolean)"},{"name":"SetComponentReadOnly","signature":"SetComponentReadOnly(skey As String, b As Boolean)"},{"name":"SetComponentMaxLength","signature":"SetComponentMaxLength(skey As String, s As String)"},{"name":"SetComponentUpdate","signature":"SetComponentUpdate(skey As String, s As String)"},{"name":"SetComponentRequired","signature":"SetComponentRequired(skey As String, b As Boolean)"},{"name":"SetComponentRows","signature":"SetComponentRows(skey As String, s As String)"},{"name":"Shrink","signature":"Shrink"},{"name":"Empty","signature":"Empty"},{"name":"BuildForm","signature":"BuildForm(bShrink As Boolean)"},{"name":"Row","signature":"Row(r As Int) As SDUIDiv"},{"name":"RowID","signature":"RowID(r As Int) As String"},{"name":"CellID","signature":"CellID(r As Int, c As Int) As String"},{"name":"Cell","signature":"Cell(r As Int, c As Int) As SDUIDiv"},{"name":"SetItems1","signature":"SetItems1(compID As String, compValue As Map, bShowNothing As Boolean)"},{"name":"AddRows1","signature":"AddRows1 As SDUIDiv"},{"name":"AddRows2","signature":"AddRows2 As SDUIDiv"},{"name":"AddRows3","signature":"AddRows3 As SDUIDiv"},{"name":"AddRows4","signature":"AddRows4 As SDUIDiv"},{"name":"AddRows5","signature":"AddRows5 As SDUIDiv"},{"name":"AddRows6","signature":"AddRows6 As SDUIDiv"},{"name":"AddRows7","signature":"AddRows7 As SDUIDiv"},{"name":"AddRows8","signature":"AddRows8 As SDUIDiv"},{"name":"AddRows9","signature":"AddRows9 As SDUIDiv"},{"name":"AddRows10","signature":"AddRows10 As SDUIDiv"},{"name":"AddRows11","signature":"AddRows11 As SDUIDiv"},{"name":"AddRows12","signature":"AddRows12 As SDUIDiv"},{"name":"AddRows","signature":"AddRows(iRows As Int) As SDUIDiv"},{"name":"AddColumns","signature":"AddColumns(iColumns As Int, gxs As Int, gsm As Int, gmd As Int, glg As Int, gxl As Int) As SDUIDiv"},{"name":"AddColumnsOS","signature":"AddColumnsOS(iColumns As Int, osxs As Int, osm As Int, omd As Int, olg As Int, oxl As Int, gxs As Int, gsm As Int, gmd As Int, glg As Int, gxl As Int) As SDUIDiv"},{"name":"AddColumnsOSMP","signature":"AddColumnsOSMP(iColumns As Int, osm As Int, omd As Int, olg As Int, oxl As Int, gsm As Int, gmd As Int, glg As Int, gxl As Int, gpa As Int, gpx As Int, gpy As Int, gpt As Int, gpb As Int, gpl As Int, gpr As Int, _"},{"name":"AddColumns3x4","signature":"AddColumns3x4 As SDUIDiv"},{"name":"AddColumns4x3","signature":"AddColumns4x3 As SDUIDiv"},{"name":"AddColumns2x6","signature":"AddColumns2x6 As SDUIDiv"},{"name":"AddColumns6x2","signature":"AddColumns6x2 As SDUIDiv"},{"name":"AddColumns5x2","signature":"AddColumns5x2 As SDUIDiv"},{"name":"AddColumns3x2","signature":"AddColumns3x2 As SDUIDiv"},{"name":"AddColumns11x1","signature":"AddColumns11x1 As SDUIDiv"},{"name":"AddColumns10x1","signature":"AddColumns10x1 As SDUIDiv"},{"name":"AddColumns9x1","signature":"AddColumns9x1 As SDUIDiv"},{"name":"AddColumns8x1","signature":"AddColumns8x1 As SDUIDiv"},{"name":"AddColumns7x1","signature":"AddColumns7x1 As SDUIDiv"},{"name":"AddColumns12x1","signature":"AddColumns12x1 As SDUIDiv"},{"name":"AddColumns8p4","signature":"AddColumns8p4 As SDUIDiv"},{"name":"AddColumns4p8","signature":"AddColumns4p8 As SDUIDiv"},{"name":"AddColumns1p11","signature":"AddColumns1p11 As SDUIDiv"},{"name":"AddColumns11p1","signature":"AddColumns11p1 As SDUIDiv"},{"name":"AddColumns2p10","signature":"AddColumns2p10 As SDUIDiv"},{"name":"AddColumns10p2","signature":"AddColumns10p2 As SDUIDiv"},{"name":"AddColumns3p9","signature":"AddColumns3p9 As SDUIDiv"},{"name":"AddColumns9p3","signature":"AddColumns9p3 As SDUIDiv"},{"name":"AddColumns3p6p3","signature":"AddColumns3p6p3 As SDUIDiv"},{"name":"AddColumns6p3p3","signature":"AddColumns6p3p3 As SDUIDiv"},{"name":"AddColumns7p5","signature":"AddColumns7p5 As SDUIDiv"},{"name":"AddColumns5p7","signature":"AddColumns5p7 As SDUIDiv"},{"name":"AddColumns12","signature":"AddColumns12 As SDUIDiv"},{"name":"AddColumns6","signature":"AddColumns6 As SDUIDiv"},{"name":"AddColumns2","signature":"AddColumns2 As SDUIDiv"},{"name":"AddColumns1","signature":"AddColumns1 As SDUIDiv"},{"name":"AddColumns3","signature":"AddColumns3 As SDUIDiv"},{"name":"AddColumns4","signature":"AddColumns4 As SDUIDiv"},{"name":"AddColumns5","signature":"AddColumns5 As SDUIDiv"},{"name":"AddColumns7","signature":"AddColumns7 As SDUIDiv"},{"name":"AddColumns8","signature":"AddColumns8 As SDUIDiv"},{"name":"AddColumns9","signature":"AddColumns9 As SDUIDiv"},{"name":"AddColumns10","signature":"AddColumns10 As SDUIDiv"},{"name":"AddColumns11","signature":"AddColumns11 As SDUIDiv"},{"name":"SetValue","signature":"SetValue(compID As String, compValue As Object)"},{"name":"GetValue","signature":"GetValue(compID As String) As Object"},{"name":"BuildformBadgeRightAvatar","signature":"BuildformBadgeRightAvatar(npi As PrefItem)"},{"name":"BuildFormBadgeLeftAvatar","signature":"BuildFormBadgeLeftAvatar(npi As PrefItem)"},{"name":"BuildFormBadge","signature":"BuildFormBadge(npi As PrefItem)"},{"name":"BuildFormBadgeLeftIcon","signature":"BuildFormBadgeLeftIcon(npi As PrefItem)"},{"name":"BuildFormBadgeRightIcon","signature":"BuildFormBadgeRightIcon(npi As PrefItem)"},{"name":"BuildFormDialer","signature":"BuildFormDialer(npi As PrefItem)"},{"name":"BuildFormTextBox","signature":"BuildFormTextBox(npi As PrefItem)"},{"name":"BuildFormTextBoxGroup","signature":"BuildFormTextBoxGroup(npi As PrefItem)"},{"name":"BuildFormSelectGroup","signature":"BuildFormSelectGroup(npi As PrefItem)"},{"name":"BuildFormPasswordGroup","signature":"BuildFormPasswordGroup(npi As PrefItem)"},{"name":"BuildFormDatePicker","signature":"BuildFormDatePicker(npi As PrefItem)"},{"name":"BuildFormDateTimePicker","signature":"BuildFormDateTimePicker(npi As PrefItem)"},{"name":"BuildFormTimePicker","signature":"BuildFormTimePicker(npi As PrefItem)"},{"name":"BuildFormPassword","signature":"BuildFormPassword(npi As PrefItem)"},{"name":"BuildFormColor","signature":"BuildFormColor(npi As PrefItem)"},{"name":"BuildFormNumber","signature":"BuildFormNumber(npi As PrefItem)"},{"name":"BuildFormTelephone","signature":"BuildFormTelephone(npi As PrefItem)"},{"name":"BuildFormEmail","signature":"BuildFormEmail(npi As PrefItem)"},{"name":"BuildFormWebsite","signature":"BuildFormWebsite(npi As PrefItem)"},{"name":"BuildFormLabel","signature":"BuildFormLabel(npi As PrefItem)"},{"name":"BuildFormLink","signature":"BuildFormLink(npi As PrefItem)"},{"name":"BuildFormTextAreaGroup","signature":"BuildFormTextAreaGroup(npi As PrefItem)"},{"name":"BuildFormTextAreaChipGroup","signature":"BuildFormTextAreaChipGroup(npi As PrefItem)"},{"name":"BuildFormTextArea","signature":"BuildFormTextArea(npi As PrefItem)"},{"name":"BuildFormSelect","signature":"BuildFormSelect(npi As PrefItem)"},{"name":"BuildFormFileInputGroup","signature":"BuildFormFileInputGroup(npi As PrefItem)"},{"name":"BuildFormFileInput","signature":"BuildFormFileInput(npi As PrefItem)"},{"name":"BuildFormFileInputProgress","signature":"BuildFormFileInputProgress(npi As PrefItem)"},{"name":"BuildFormCamcorder","signature":"BuildFormCamcorder(npi As PrefItem)"},{"name":"BuildFormCamera","signature":"BuildFormCamera(npi As PrefItem)"},{"name":"BuildFormMicrophone","signature":"BuildFormMicrophone(npi As PrefItem)"},{"name":"BuildFormAvatar","signature":"BuildFormAvatar(npi As PrefItem)"},{"name":"BuildFormAvatarPlaceholder","signature":"BuildFormAvatarPlaceholder(npi As PrefItem)"},{"name":"BuildFormAvatarGroup","signature":"BuildFormAvatarGroup(npi As PrefItem)"},{"name":"BuildFormImage","signature":"BuildFormImage(npi As PrefItem)"},{"name":"BuildFormProgress","signature":"BuildFormProgress(npi As PrefItem)"},{"name":"BuildFormRange","signature":"BuildFormRange(npi As PrefItem)"},{"name":"BuildFormCheckBox","signature":"BuildFormCheckBox(npi As PrefItem)"},{"name":"BuildFormToggle","signature":"BuildFormToggle(npi As PrefItem)"},{"name":"BuildFormRadio","signature":"BuildFormRadio(npi As PrefItem)"},{"name":"BuildFormRadialProgress","signature":"BuildFormRadialProgress(npi As PrefItem)"},{"name":"BuildFormRating","signature":"BuildFormRating(npi As PrefItem)"},{"name":"BuildFormRadioGroup","signature":"BuildFormRadioGroup(npi As PrefItem)"},{"name":"BuildFormButton","signature":"BuildFormButton(npi As PrefItem)"},{"name":"BuildFormButtonIcon","signature":"BuildFormButtonIcon(npi As PrefItem)"},{"name":"BuildFormButtonIndicator","signature":"BuildFormButtonIndicator(npi As PrefItem)"},{"name":"BuildFormSignature","signature":"BuildFormSignature(npi As PrefItem)"},{"name":"BuildFormParagraph","signature":"BuildFormParagraph(npi As PrefItem)"},{"name":"BuildFormRollDate","signature":"BuildFormRollDate(npi As PrefItem)"},{"name":"Component","signature":"Component(sCompName As String) As Object"},{"name":"BuildGrid","signature":"BuildGrid"},{"name":"AddComponentButton","signature":"AddComponentButton(r As Int, c As Int, Key As String, Title As String, scolor As String, btnTextColor As String, btnOutlined As Boolean, btnRounded As Boolean, btnFullWidth As Boolean)"},{"name":"AddComponentButtonIndicator","signature":"AddComponentButtonIndicator(r As Int, c As Int, Key As String, Title As String, scolor As String, btnTextColor As String, btnOutlined As Boolean, btnRounded As Boolean, btnFullWidth As Boolean)"},{"name":"AddComponentButtonIcon","signature":"AddComponentButtonIcon(r As Int, c As Int, Key As String, IconName As String, scolor As String, btnTextColor As String, btnOutlined As Boolean, btnCircle As Boolean)"},{"name":"AddComponentRadioGroup","signature":"AddComponentRadioGroup(r As Int, c As Int, Key As String, Title As String, DefaultValue As String, scolor As String, bRowDisplay As Boolean, Options As Map)"},{"name":"AddComponentDialer","signature":"AddComponentDialer(r As Int, c As Int, Key As String, Title As String, DefaultValue As String, brequired As Boolean, iMinValue As Int, iStepValue As Int, iMaxValue As Int)"},{"name":"AddComponentWebSite","signature":"AddComponentWebSite(r As Int, c As Int,Key As String, Title As String, DefaultValue As String, brequired As Boolean)"},{"name":"AddComponentTextBox1","signature":"AddComponentTextBox1(r As Int, c As Int,Key As String, sPlaceHolder As String, DefaultValue As String, brequired As Boolean)"},{"name":"AddComponentTextBox","signature":"AddComponentTextBox(r As Int, c As Int,Key As String, Title As String, DefaultValue As String, brequired As Boolean)"},{"name":"AddComponentTextBoxLabel","signature":"AddComponentTextBoxLabel(r As Int, c As Int, Key As String, Title As String, hint As String)"},{"name":"AddComponentTextAreaChipGroup","signature":"AddComponentTextAreaChipGroup(r As Int, c As Int, Key As String, Title As String, DefaultValue As String, brequired As Boolean,xChips As Map, xChipHeight As String, xChipColor As String, xChipOutlined As Boolean)"},{"name":"AddComponentTextArea","signature":"AddComponentTextArea(r As Int, c As Int,Key As String, Title As String, DefaultValue As String, brequired As Boolean)"},{"name":"AddComponentTextAreaLabel","signature":"AddComponentTextAreaLabel(r As Int, c As Int, id As String, label As String, hint As String)"},{"name":"AddComponentSelect","signature":"AddComponentSelect(r As Int, c As Int,Key As String, Title As String, DefaultValue As String, brequired As Boolean, Options As Map)"},{"name":"AddComponentPassword","signature":"AddComponentPassword(r As Int, c As Int, Key As String, Title As String, DefaultValue As String, brequired As Boolean)"},{"name":"AddComponentDatePicker","signature":"AddComponentDatePicker(r As Int, c As Int, Key As String, Title As String, DefaultValue As String, brequired As Boolean, DateFormat As String, DisplayDateFormat As String)"},{"name":"AddComponentDatePicker1","signature":"AddComponentDatePicker1(r As Int, c As Int, Key As String, Title As String, DefaultValue As String, brequired As Boolean, _"},{"name":"AddComponentRollDate","signature":"AddComponentRollDate(r As Int, c As Int,Key As String, Title As String, DefaultValue As String, brequired As Boolean, iMinValue As Int, iStepValue As Int, iMaxValue As Int,DateFormat As String, locale As String)"},{"name":"AddComponentDateTimePicker","signature":"AddComponentDateTimePicker(r As Int, c As Int,Key As String, Title As String, DefaultValue As String, brequired As Boolean,  _"},{"name":"AddComponentDateTimePicker1","signature":"AddComponentDateTimePicker1(r As Int, c As Int,Key As String, Title As String, DefaultValue As String, brequired As Boolean, DateFormat As String, DisplayDateFormat As String, Time24Hours As Boolean, locale As String)"},{"name":"AddComponentTimePicker","signature":"AddComponentTimePicker(r As Int, c As Int,Key As String, Title As String, DefaultValue As String, brequired As Boolean, Time24Hours As Boolean)"},{"name":"AddComponentPassword1","signature":"AddComponentPassword1(r As Int, c As Int,Key As String, sPlaceHolder As String, DefaultValue As String, brequired As Boolean)"},{"name":"AddComponentColorPicker","signature":"AddComponentColorPicker(r As Int, c As Int,Key As String, Title As String, DefaultValue As String, brequired As Boolean)"},{"name":"AddComponentNumber","signature":"AddComponentNumber(r As Int, c As Int,Key As String, Title As String, DefaultValue As String, brequired As Boolean, iMinValue As Int, iStepValue As Int, iMaxValue As Int)"},{"name":"AddComponentTelephone","signature":"AddComponentTelephone(r As Int, c As Int,Key As String, Title As String, DefaultValue As String, brequired As Boolean)"},{"name":"AddComponentEmail","signature":"AddComponentEmail(r As Int, c As Int,Key As String, Title As String, DefaultValue As String, brequired As Boolean)"},{"name":"AddComponentLabel","signature":"AddComponentLabel(r As Int, c As Int,Key As String, Title As String, sColor As String)"},{"name":"AddComponentLink","signature":"AddComponentLink(r As Int, c As Int,Key As String, Title As String, sHref As String, sColor As String)"},{"name":"AddComponentPlaceHolder","signature":"AddComponentPlaceHolder(r As Int, c As Int,Key As String, Title As String)"},{"name":"AddComponentTextArea1","signature":"AddComponentTextArea1(r As Int, c As Int,Key As String, sPlaceHolder As String, DefaultValue As String)"},{"name":"AddComponentSelect1","signature":"AddComponentSelect1(r As Int, c As Int,Key As String, sPlaceHolder As String, DefaultValue As String, brequired As Boolean, Options As Map)"},{"name":"AddComponentFileInput1","signature":"AddComponentFileInput1(r As Int, c As Int, Key As String, sPlaceHolder As String, bMultiple As Boolean)"},{"name":"AddComponentFileInput","signature":"AddComponentFileInput(r As Int, c As Int, Key As String, Title As String, bMultiple As Boolean)"},{"name":"AddComponentFileInputProgress","signature":"AddComponentFileInputProgress(r As Int, c As Int, Key As String, xSize As String, xIcon As String, sColor As String, bMultiple As Boolean)"},{"name":"AddComponentFileInputLabel","signature":"AddComponentFileInputLabel(r As Int, c As Int,id As String, label As String, hint As String, bMultiple As Boolean)"},{"name":"AddComponentCamCorder","signature":"AddComponentCamCorder(r As Int, c As Int, Key As String, xSize As String, sColor As String,bMultiple As Boolean)"},{"name":"AddComponentCamera","signature":"AddComponentCamera(r As Int, c As Int, Key As String, xSize As String, sColor As String,bMultiple As Boolean)"},{"name":"AddComponentMicrophone","signature":"AddComponentMicrophone(r As Int, c As Int, Key As String, xSize As String, sColor As String, bMultiple As Boolean)"},{"name":"AddComponentBadgeRightIcon","signature":"AddComponentBadgeRightIcon(r As Int, c As Int,  Key As String, xIcon As String, xLabel As String, xSize As String, xColor As String, xTextColor As String)"},{"name":"AddComponentBadgeLeftIcon","signature":"AddComponentBadgeLeftIcon(r As Int, c As Int,  Key As String, xIcon As String, xLabel As String, xSize As String, xColor As String, xTextColor As String)"},{"name":"AddComponentBadge","signature":"AddComponentBadge(r As Int, c As Int,  Key As String, xLabel As String, xSize As String, xColor As String, xTextColor As String)"},{"name":"AddComponentBadgeLeftAvatar","signature":"AddComponentBadgeLeftAvatar(r As Int, c As Int,  Key As String, xImageUrl As String, xLabel As String, xSize As String, xColor As String, xTextColor As String)"},{"name":"AddComponentBadgeRightAvatar","signature":"AddComponentBadgeRightAvatar(r As Int, c As Int,  Key As String, xImageUrl As String, xLabel As String, xSize As String, xColor As String, xTextColor As String)"},{"name":"AddComponentAvatar","signature":"AddComponentAvatar(r As Int, c As Int, Key As String, Url As String, sSize As String, Shape As String)"},{"name":"AddComponentParagraph","signature":"AddComponentParagraph(r As Int, c As Int, id As String, scaption As String)"},{"name":"AddComponentAvatarPlaceholder","signature":"AddComponentAvatarPlaceholder(r As Int, c As Int, Key As String, Title As String, sSize As String, pTextSize As String, Shape As String, sColor As String, pTextColor As String)"},{"name":"AddComponentAvatarGroup","signature":"AddComponentAvatarGroup(r As Int, c As Int, Key As String, sSize As String, Shape As String, Images As List)"},{"name":"AddComponentImage","signature":"AddComponentImage(r As Int, c As Int, Key As String, Url As String, sWidth As String, sHeight As String, Shape As String)"},{"name":"AddComponentSignature","signature":"AddComponentSignature(r As Int, c As Int, Key As String, sTitle As String, sWidth As String, sHeight As String, imgType As String)"},{"name":"AddComponentProgress","signature":"AddComponentProgress(r As Int, c As Int,Key As String, Title As String, DefaultValue As String, scolor As String)"},{"name":"AddComponentProgressLabel","signature":"AddComponentProgressLabel(r As Int, c As Int, id As String, Label As String, iValue As Int, sHint As String)"},{"name":"AddComponentRange","signature":"AddComponentRange(r As Int, c As Int, Key As String, Title As String, DefaultValue As String, scolor As String, iMinValue As String, iStepValue As String, iMaxValue As String)"},{"name":"AddComponentRangeLabel","signature":"AddComponentRangeLabel(r As Int, c As Int, id As String, Label As String, sHint As String, iValue As Int)"},{"name":"AddComponentCheckBox","signature":"AddComponentCheckBox(r As Int, c As Int, Key As String, Title As String, DefaultValue As Boolean, scolor As String, CheckBoxPosition As String)"},{"name":"AddComponentCheckBoxLabel","signature":"AddComponentCheckBoxLabel(r As Int, c As Int, Key As String, Title As String, CheckBoxPosition As String)"},{"name":"AddComponentToggle","signature":"AddComponentToggle(r As Int, c As Int, Key As String, Title As String, DefaultValue As Boolean, scolor As String, LabelPosition As String)"},{"name":"AddComponentToggleLabel","signature":"AddComponentToggleLabel(r As Int, c As Int, ID As String, Label As String, TogglePosition As String)"},{"name":"AddComponentRadio","signature":"AddComponentRadio(r As Int, c As Int, Key As String, Title As String, sName As String, DefaultValue As Boolean, scolor As String, LabelPosition As String)"},{"name":"AddComponentRadioLabel","signature":"AddComponentRadioLabel(r As Int, c As Int, ID As String, sName As String, Label As String)"},{"name":"AddComponentRadialProgress","signature":"AddComponentRadialProgress(r As Int, c As Int, Key As String, DefaultValue As Int, scolor As String, sSize As String, sThickNess As String)"},{"name":"AddComponentRating","signature":"AddComponentRating(r As Int, c As Int, Key As String, Title As String, DefaultValue As String, iLength As Int, scolor As String, sShape As String)"},{"name":"AddComponentRatingLabel","signature":"AddComponentRatingLabel(r As Int, c As Int, id As String, Label As String, sHint As String, iSize As Int)"},{"name":"FormFromList","signature":"FormFromList(ModalName As String, TableName As String, lst As List, bTrim As Boolean)"},{"name":"GetComponentID","signature":"GetComponentID(s As String) As String"},{"name":"GetFormData","signature":"GetFormData As Map"},{"name":"SetFormData","signature":"SetFormData(dataJSON As Map)"},{"name":"FormSubmit","signature":"FormSubmit"},{"name":"PreventFormSubmission","signature":"PreventFormSubmission"},{"name":"ResetValidation","signature":"ResetValidation"},{"name":"ValidateEach","signature":"ValidateEach"},{"name":"ValidateAll","signature":"ValidateAll"},{"name":"Validate","signature":"Validate(response As Boolean)"},{"name":"IsValid","signature":"IsValid As Boolean"},{"name":"getParentID","signature":"getParentID As String"}]}