{"properties":[{"Key":"ParentID","DisplayName":"ParentID","FieldType":"String","DefaultValue":"","Description":"The id of the element to place this into","List":""},{"Key":"AutoPlay","DisplayName":"Auto Play","FieldType":"Boolean","DefaultValue":"False","Description":"Auto Play","List":""},{"Key":"Controls","DisplayName":"Controls","FieldType":"Boolean","DefaultValue":"True","Description":"Show Controls","List":""},{"Key":"Muted","DisplayName":"Muted","FieldType":"Boolean","DefaultValue":"False","Description":"Muted","List":""},{"Key":"PreLoad","DisplayName":"Pre Load","FieldType":"String","DefaultValue":"auto","Description":"Pre Load Video","List":"auto|metadata|none"},{"Key":"ShouldLoop","DisplayName":"Should Loop","FieldType":"Boolean","DefaultValue":"False","Description":"The Video Play Should Loop","List":""},{"Key":"Height","DisplayName":"Height","FieldType":"String","DefaultValue":"400px","Description":"Height","List":""},{"Key":"Width","DisplayName":"Width","FieldType":"String","DefaultValue":"400px","Description":"Width","List":""},{"Key":"Src","DisplayName":"Src","FieldType":"String","DefaultValue":"","Description":"Video Src","List":""},{"Key":"Poster","DisplayName":"Poster","FieldType":"String","DefaultValue":"","Description":"Poster Url","List":""},{"Key":"Mp4Url","DisplayName":"Mp4 Url","FieldType":"String","DefaultValue":"","Description":"Mp4 Url","List":""},{"Key":"OggUrl","DisplayName":"Ogg Url","FieldType":"String","DefaultValue":"","Description":"Ogg Url","List":""},{"Key":"WebmUrl","DisplayName":"Webm Url","FieldType":"String","DefaultValue":"","Description":"Webm Url","List":""},{"Key":"UseIframe","DisplayName":"Use Iframe","FieldType":"Boolean","DefaultValue":"False","Description":"Use Iframe To Show Video","List":""},{"Key":"Volume","DisplayName":"Volume","FieldType":"Int","DefaultValue":"1","Description":"Volume Of Video","List":""},{"Key":"Visible","DisplayName":"Visible","FieldType":"Boolean","DefaultValue":"True","Description":"If visible.","List":""},{"Key":"MarginAXYTBLR","DisplayName":"Margins AXYTBLR","FieldType":"String","DefaultValue":"a=?; x=?; y=?; t=?; b=?; l=?; r=?","Description":"Margins A-X-Y-T-B-L-R","List":""},{"Key":"PaddingAXYTBLR","DisplayName":"Paddings AXYTBLR","FieldType":"String","DefaultValue":"a=?; x=?; y=?; t=?; b=?; l=?; r=?","Description":"Paddings A-X-Y-T-B-L-R","List":""},{"Key":"RawClasses","DisplayName":"Classes","FieldType":"String","DefaultValue":"","Description":"Classes added to the HTML tag.","List":""},{"Key":"RawStyles","DisplayName":"Styles","FieldType":"String","DefaultValue":"","Description":"Styles added to the HTML tag. Must be a json String","use =":"use =","List":""},{"Key":"RawAttributes","DisplayName":"Attributes","FieldType":"String","DefaultValue":"","Description":"Attributes added to the HTML tag. Must be a json String","use =":"use =","List":""}],"events":[{"name":"MouseEnter (e As BANanoEvent)"},{"name":"MouseLeave (e As BANanoEvent)"},{"name":"Click (e As BANanoEvent)"}],"methods":[{"name":"Class_Globals","signature":"Class_Globals"},{"name":"Initialize","signature":"Initialize (CallBack As Object, Name As String, EventName As String)"},{"name":"shadow","signature":"shadow(s As String)"},{"name":"RoundedBox","signature":"RoundedBox"},{"name":"AssignElement","signature":"AssignElement(Module As Object, ID As String)"},{"name":"getHere","signature":"getHere As String"},{"name":"Show","signature":"Show"},{"name":"Hide","signature":"Hide"},{"name":"Enable","signature":"Enable"},{"name":"Disable","signature":"Disable"},{"name":"setAutoPlay","signature":"setAutoPlay(v As Boolean)"},{"name":"RemoveAttr","signature":"RemoveAttr(attr As String)"},{"name":"setControls","signature":"setControls(v As Boolean)"},{"name":"setHeight","signature":"setHeight(v As String)"},{"name":"setMuted","signature":"setMuted(v As Boolean)"},{"name":"setPoster","signature":"setPoster(v As String)"},{"name":"setPreLoad","signature":"setPreLoad(v As String)"},{"name":"setShouldLoop","signature":"setShouldLoop(v As Boolean)"},{"name":"setSrc","signature":"setSrc(v As String)"},{"name":"setVolume","signature":"setVolume(v As Int)"},{"name":"setWidth","signature":"setWidth(v As String)"},{"name":"AddAttr","signature":"AddAttr(attr As String, text As Object)"},{"name":"DesignerCreateView","signature":"DesignerCreateView (Target As BANanoElement, Props As Map)"},{"name":"AddStyle","signature":"AddStyle(attr As String, text As String)"},{"name":"AddToParent","signature":"AddToParent(targetID As String, props As Map)"},{"name":"HideOnSmall","signature":"HideOnSmall"},{"name":"HideOnMedium","signature":"HideOnMedium"},{"name":"HideOnLarge","signature":"HideOnLarge"},{"name":"LinkExisting","signature":"LinkExisting"},{"name":"setParentID","signature":"setParentID(s As String)"},{"name":"setMp4Url","signature":"setMp4Url(s As String)"},{"name":"setOggUrl","signature":"setOggUrl(s As String)"},{"name":"setWebmUrl","signature":"setWebmUrl(s As String)"},{"name":"setUseIframe","signature":"setUseIframe(b As Boolean)"},{"name":"setVisible","signature":"setVisible(b As Boolean)"},{"name":"setMarginAXYTBLR","signature":"setMarginAXYTBLR(s As String)"},{"name":"setPaddingAXYTBLR","signature":"setPaddingAXYTBLR(s As String)"},{"name":"setClasses","signature":"setClasses(s As String)"},{"name":"setStyles","signature":"setStyles(s As String)"},{"name":"setAttributes","signature":"setAttributes(s As String)"},{"name":"getParentID","signature":"getParentID As String"},{"name":"getAutoPlay","signature":"getAutoPlay As Boolean"},{"name":"getControls","signature":"getControls As Boolean"},{"name":"getMuted","signature":"getMuted As Boolean"},{"name":"getPreLoad","signature":"getPreLoad As String"},{"name":"getShouldLoop","signature":"getShouldLoop As Boolean"},{"name":"getHeight","signature":"getHeight As String"},{"name":"getWidth","signature":"getWidth As String"},{"name":"getSrc","signature":"getSrc As String"},{"name":"getPoster","signature":"getPoster As String"},{"name":"getMp4Url","signature":"getMp4Url As String"},{"name":"getOggUrl","signature":"getOggUrl As String"},{"name":"getWebmUrl","signature":"getWebmUrl As String"},{"name":"getUseIframe","signature":"getUseIframe As Boolean"},{"name":"getVolume","signature":"getVolume As Int"},{"name":"getVisible","signature":"getVisible As Boolean"},{"name":"getMarginAXYTBLR","signature":"getMarginAXYTBLR As String"},{"name":"getPaddingAXYTBLR","signature":"getPaddingAXYTBLR As String"},{"name":"getClasses","signature":"getClasses As String"},{"name":"getStyles","signature":"getStyles As String"},{"name":"getAttributes","signature":"getAttributes As String"}]}