{"properties":[{"Key":"ParentID","DisplayName":"TableID","FieldType":"String","DefaultValue":"","Description":"The Table ID of this component","List":""},{"Key":"FieldName","DisplayName":"Field Name","FieldType":"String","DefaultValue":"","Description":"Field Name","List":""},{"Key":"Title","DisplayName":"Title","FieldType":"String","DefaultValue":"","Description":"Title","List":""},{"Key":"Visible","DisplayName":"Visible","FieldType":"Boolean","DefaultValue":"True","Description":"Visible","List":""},{"Key":"Subtitle","DisplayName":"Subtitle","FieldType":"String","DefaultValue":"","Description":"Subtitle","List":""},{"Key":"Subtitle1","DisplayName":"Subtitle 1","FieldType":"String","DefaultValue":"","Description":"Subtitle 1","List":""},{"Key":"Typeof","DisplayName":"Typeof","FieldType":"String","DefaultValue":"normal","Description":"Typeof","List":"action|avatar|avatargroup|avatarplaceholder|avatartitle|avatartitlesubtitle|badge|badgeavatartitle|badgegroup|button|checkbox|clicklink|color|date|datepicker|datetime|datetimepicker|dialer|email|file|fileinputprogress|filesize|icon|icontitle|titleicon|image|link|menu|menuicon|money|normal|number|password|passwordgroup|placeholder|progress|radial|radiogroup|range|rating|select|selectgroup|textarea|textbox|textboxgroup|thousand|timepicker|titlesubtitle|toggle|website|textbox|none"},{"Key":"Icon","DisplayName":"Icon","FieldType":"String","DefaultValue":"","Description":"Icon","List":""},{"Key":"Size","DisplayName":"Size","FieldType":"String","DefaultValue":"","Description":"Size","List":""},{"Key":"Height","DisplayName":"Height","FieldType":"String","DefaultValue":"","Description":"Height","List":""},{"Key":"Width","DisplayName":"Width","FieldType":"String","DefaultValue":"","Description":"Width","List":""},{"Key":"Accept","DisplayName":"Accept","FieldType":"String","DefaultValue":"","Description":"Accept","List":""},{"Key":"Alignment","DisplayName":"Alignment","FieldType":"String","DefaultValue":"left","Description":"Alignment","List":"center|left|right"},{"Key":"Vertical","DisplayName":"Vertical","FieldType":"String","DefaultValue":"none","Description":"Alignment","List":"none|lr|rl"},{"Key":"DateFormat","DisplayName":"Date Format","FieldType":"String","DefaultValue":"","Description":"Date Format","List":""},{"Key":"AltFormat","DisplayName":"Display Format","FieldType":"String","DefaultValue":"","Description":"Alt Format","List":""},{"Key":"NoCalendar","DisplayName":"No Calendar","FieldType":"Boolean","DefaultValue":"False","Description":"No Calendar","List":""},{"Key":"PrependIcon","DisplayName":"Prepend Icon","FieldType":"String","DefaultValue":"","Description":"Prepend Icon","List":""},{"Key":"AppendIcon","DisplayName":"Append Icon","FieldType":"String","DefaultValue":"","Description":"Append Icon","List":""},{"Key":"Capture","DisplayName":"Capture","FieldType":"String","DefaultValue":"","Description":"Capture","List":""},{"Key":"ColHeight","DisplayName":"Col Height","FieldType":"String","DefaultValue":"","Description":"Col Height","List":""},{"Key":"ColWidth","DisplayName":"Col Width","FieldType":"String","DefaultValue":"","Description":"Col Width","List":""},{"Key":"Color","DisplayName":"Color","FieldType":"String","DefaultValue":"","Description":"Color","List":""},{"Key":"TextColor","DisplayName":"Text Color","FieldType":"String","DefaultValue":"","Description":"Text Color","List":""},{"Key":"BGColor","DisplayName":"BG Color","FieldType":"String","DefaultValue":"","Description":"Background Color","List":""},{"Key":"ComputeBackgroundColor","DisplayName":"Compute Background Color","FieldType":"Boolean","DefaultValue":"False","Description":"Compute Background Color","List":""},{"Key":"ComputeClass","DisplayName":"Compute Class","FieldType":"Boolean","DefaultValue":"False","Description":"Compute Class","List":""},{"Key":"ComputeColor","DisplayName":"Compute Color","FieldType":"Boolean","DefaultValue":"False","Description":"Compute Color","List":""},{"Key":"ComputeValue","DisplayName":"Compute Value","FieldType":"Boolean","DefaultValue":"False","Description":"Compute Value","List":""},{"Key":"ComputeRing","DisplayName":"Compute Ring","FieldType":"Boolean","DefaultValue":"False","Description":"Compute Ring","List":""},{"Key":"ComputeTextColor","DisplayName":"Compute Text Color","FieldType":"Boolean","DefaultValue":"False","Description":"Compute Text Color","List":""},{"Key":"HasRing","DisplayName":"Has Ring","FieldType":"Boolean","DefaultValue":"False","Description":"Has Ring","List":""},{"Key":"RingColor","DisplayName":"Ring Color","FieldType":"String","DefaultValue":"","Description":"Ring Color","List":""},{"Key":"Locale","DisplayName":"Locale","FieldType":"String","DefaultValue":"","Description":"Locale","List":""},{"Key":"Mask","DisplayName":"Mask","FieldType":"String","DefaultValue":"none","Description":"Mask","List":"circle|decagon|diamond|half-1|half-2|heart|hexagon|hexagon-2|none|parallelogram|parallelogram-2|parallelogram-3|parallelogram-4|pentagon|rounded|square|squircle|star|star-2|triangle|triangle-2|triangle-3|triangle-4"},{"Key":"MaxLength","DisplayName":"Max Length","FieldType":"String","DefaultValue":"","Description":"Max Length","List":""},{"Key":"MinValue","DisplayName":"Min Value","FieldType":"Int","DefaultValue":"0","Description":"Min Value","List":""},{"Key":"StepValue","DisplayName":"Step Value","FieldType":"Int","DefaultValue":"1","Description":"Step Value","List":""},{"Key":"MaxValue","DisplayName":"Max Value","FieldType":"Int","DefaultValue":"100","Description":"Max Value","List":""},{"Key":"MinWidth","DisplayName":"Min Width","FieldType":"String","DefaultValue":"","Description":"Min Width","List":""},{"Key":"MaxWidth","DisplayName":"Max Width","FieldType":"String","DefaultValue":"","Description":"Max Width","List":""},{"Key":"Multiple","DisplayName":"Multiple","FieldType":"Boolean","DefaultValue":"False","Description":"Multiple","List":""},{"Key":"NothingSelected","DisplayName":"Nothing Selected","FieldType":"Boolean","DefaultValue":"False","Description":"Nothing Selected","List":""},{"Key":"OnlineField","DisplayName":"Online Field","FieldType":"String","DefaultValue":"","Description":"Online Field","List":""},{"Key":"Prefix","DisplayName":"Prefix","FieldType":"String","DefaultValue":"","Description":"Prefix","List":""},{"Key":"Suffix","DisplayName":"Suffix","FieldType":"String","DefaultValue":"","Description":"Suffix","List":""},{"Key":"Range","DisplayName":"Range","FieldType":"Boolean","DefaultValue":"False","Description":"Range","List":""},{"Key":"Rawclasses","DisplayName":"Classes (;)","FieldType":"String","DefaultValue":"","Description":"Classes","List":""},{"Key":"Rawoptions","DisplayName":"Options (JSON)","FieldType":"String","DefaultValue":"","Description":"Options","List":""},{"Key":"RawOptionsIcons","DisplayName":"Options Icons (JSON)","FieldType":"String","DefaultValue":"","Description":"Options Icons","List":""},{"Key":"Readonly","DisplayName":"Readonly","FieldType":"Boolean","DefaultValue":"False","Description":"Readonly","List":""},{"Key":"Rows","DisplayName":"Rows","FieldType":"Int","DefaultValue":"4","Description":"Rows","List":""}],"events":[],"methods":[{"name":"Class_Globals","signature":"Class_Globals"},{"name":"Initialize","signature":"Initialize (Callback As Object, Name As String, EventName As String)"},{"name":"getID","signature":"getID() As String"},{"name":"LoadComponentJson","signature":"LoadComponentJson(designName As String)"},{"name":"AddToParent","signature":"AddToParent(targetID As String, props As Map)"},{"name":"setVisible","signature":"setVisible(b As Boolean)"},{"name":"getVisible","signature":"getVisible As Boolean"},{"name":"DesignerCreateView","signature":"DesignerCreateView (Target As BANanoElement, Props As Map)"},{"name":"setVertical","signature":"setVertical(s As String)"},{"name":"setAccept","signature":"setAccept(s As String)"},{"name":"setAlignment","signature":"setAlignment(s As String)"},{"name":"setAltFormat","signature":"setAltFormat(s As String)"},{"name":"setAppendIcon","signature":"setAppendIcon(s As String)"},{"name":"setCapture","signature":"setCapture(s As String)"},{"name":"setColHeight","signature":"setColHeight(s As String)"},{"name":"setColWidth","signature":"setColWidth(s As String)"},{"name":"setColor","signature":"setColor(s As String)"},{"name":"setComputeBackgroundColor","signature":"setComputeBackgroundColor(b As Boolean)"},{"name":"setComputeClass","signature":"setComputeClass(s As Boolean)"},{"name":"setComputeColor","signature":"setComputeColor(s As Boolean)"},{"name":"setComputeValue","signature":"setComputeValue(s As Boolean)"},{"name":"setComputeRing","signature":"setComputeRing(s As Boolean)"},{"name":"setDateFormat","signature":"setDateFormat(s As String)"},{"name":"setFieldName","signature":"setFieldName(s As String)"},{"name":"setHasRing","signature":"setHasRing(b As Boolean)"},{"name":"setHeight","signature":"setHeight(s As String)"},{"name":"setIcon","signature":"setIcon(s As String)"},{"name":"setLocale","signature":"setLocale(s As String)"},{"name":"setMask","signature":"setMask(s As String)"},{"name":"setMaxLength","signature":"setMaxLength(s As String)"},{"name":"setMaxValue","signature":"setMaxValue(i As Int)"},{"name":"setMaxWidth","signature":"setMaxWidth(s As String)"},{"name":"setMinValue","signature":"setMinValue(i As Int)"},{"name":"setMinWidth","signature":"setMinWidth(s As String)"},{"name":"setMultiple","signature":"setMultiple(b As Boolean)"},{"name":"setNoCalendar","signature":"setNoCalendar(b As Boolean)"},{"name":"setNothingSelected","signature":"setNothingSelected(b As Boolean)"},{"name":"setOnlineField","signature":"setOnlineField(s As String)"},{"name":"setPrefix","signature":"setPrefix(s As String)"},{"name":"setPrependIcon","signature":"setPrependIcon(s As String)"},{"name":"setRange","signature":"setRange(b As Boolean)"},{"name":"setOptions","signature":"setOptions(s As String)"},{"name":"setOptionsIcons","signature":"setOptionsIcons(s As String)"},{"name":"setReadonly","signature":"setReadonly(b As Boolean)"},{"name":"setRingColor","signature":"setRingColor(s As String)"},{"name":"setRows","signature":"setRows(i As Int)"},{"name":"setSize","signature":"setSize(s As String)"},{"name":"setStepValue","signature":"setStepValue(s As Int)"},{"name":"setSubTitle","signature":"setSubTitle(s As String)"},{"name":"setSubTitle1","signature":"setSubTitle1(s As String)"},{"name":"setSuffix","signature":"setSuffix(s As String)"},{"name":"setTextColor","signature":"setTextColor(s As String)"},{"name":"setTitle","signature":"setTitle(s As String)"},{"name":"setTypeof","signature":"setTypeof(s As String)"},{"name":"setWidth","signature":"setWidth(s As String)"},{"name":"getAccept","signature":"getAccept As String"},{"name":"getAlignment","signature":"getAlignment As String"},{"name":"getAltFormat","signature":"getAltFormat As String"},{"name":"getAppendIcon","signature":"getAppendIcon As String"},{"name":"getCapture","signature":"getCapture As String"},{"name":"getColHeight","signature":"getColHeight As String"},{"name":"getColWidth","signature":"getColWidth As String"},{"name":"getColor","signature":"getColor As String"},{"name":"getComputeBackgroundColor","signature":"getComputeBackgroundColor As Boolean"},{"name":"getComputeClass","signature":"getComputeClass As Boolean"},{"name":"getComputeColor","signature":"getComputeColor As Boolean"},{"name":"getComputeTextColor","signature":"getComputeTextColor As Boolean"},{"name":"getComputeValue","signature":"getComputeValue As Boolean"},{"name":"getComputeRing","signature":"getComputeRing As Boolean"},{"name":"getDateFormat","signature":"getDateFormat As String"},{"name":"getFieldName","signature":"getFieldName As String"},{"name":"getHasRing","signature":"getHasRing As Boolean"},{"name":"getHeight","signature":"getHeight As String"},{"name":"getIcon","signature":"getIcon As String"},{"name":"getLocale","signature":"getLocale As String"},{"name":"getMask","signature":"getMask As String"},{"name":"getMaxLength","signature":"getMaxLength As String"},{"name":"getMaxValue","signature":"getMaxValue As Int"},{"name":"getMaxWidth","signature":"getMaxWidth As String"},{"name":"getMinValue","signature":"getMinValue As Int"},{"name":"getMinWidth","signature":"getMinWidth As String"},{"name":"getMultiple","signature":"getMultiple As Boolean"},{"name":"getNoCalendar","signature":"getNoCalendar As Boolean"},{"name":"getNothingSelected","signature":"getNothingSelected As Boolean"},{"name":"getOnlineField","signature":"getOnlineField As String"},{"name":"getPrefix","signature":"getPrefix As String"},{"name":"getPrependIcon","signature":"getPrependIcon As String"},{"name":"getRange","signature":"getRange As Boolean"},{"name":"getClasses","signature":"getClasses As String"},{"name":"getOptions","signature":"getOptions As String"},{"name":"getOptionsIcons","signature":"getOptionsIcons As String"},{"name":"getReadonly","signature":"getReadonly As Boolean"},{"name":"getRingColor","signature":"getRingColor As String"},{"name":"getRows","signature":"getRows As Int"},{"name":"getSize","signature":"getSize As String"},{"name":"getStepValue","signature":"getStepValue As Int"},{"name":"getSubtitle","signature":"getSubtitle As String"},{"name":"getSubtitle1","signature":"getSubtitle1 As String"},{"name":"getSuffix","signature":"getSuffix As String"},{"name":"getTextColor","signature":"getTextColor As String"},{"name":"getTitle","signature":"getTitle As String"},{"name":"getTypeof","signature":"getTypeof As String"},{"name":"getWidth","signature":"getWidth As String"},{"name":"setParentID","signature":"setParentID(s As String)"},{"name":"setBGColor","signature":"setBGColor(s As String)"},{"name":"setComputeTextColor","signature":"setComputeTextColor(b As Boolean)"},{"name":"setclasses","signature":"setclasses(s As String)"},{"name":"getParentID","signature":"getParentID As String"},{"name":"getVertical","signature":"getVertical As String"},{"name":"getBGColor","signature":"getBGColor As String"}]}