{"properties":[{"Key":"ParentID","DisplayName":"ParentID","FieldType":"String","DefaultValue":"","Description":"The ParentID of this div","List":""},{"Key":"Caption","DisplayName":"Caption","FieldType":"String","DefaultValue":"Link","Description":"Caption","List":""},{"Key":"TextAlignment","DisplayName":"Text Alignment","FieldType":"String","DefaultValue":"left","Description":"Text Alignment","List":"center|left|right|none"},{"Key":"Hover","DisplayName":"Hover","FieldType":"Boolean","DefaultValue":"False","Description":"Hover","List":""},{"Key":"Href","DisplayName":"Href","FieldType":"String","DefaultValue":"#","Description":"Href","List":""},{"Key":"NormalAnchor","DisplayName":"Normal Anchor","FieldType":"Boolean","DefaultValue":"False","Description":"Normal Anchor","List":""},{"Key":"Target","DisplayName":"Target","FieldType":"String","DefaultValue":"_blank","Description":"Target","List":"_blank|_parent|_self|_top|none"},{"Key":"Variant","DisplayName":"Variant","FieldType":"String","DefaultValue":"none","Description":"Variant","List":"accent|error|info|none|nuetral|primary|secondary|success|warning"},{"Key":"TextColor","DisplayName":"Text Color","FieldType":"String","DefaultValue":"","Description":"Text Color","List":""},{"Key":"TextColorIntensity","DisplayName":"Text Color Intensity","FieldType":"String","DefaultValue":"","Description":"Text Color Intensity","List":""},{"Key":"Visible","DisplayName":"Visible","FieldType":"Boolean","DefaultValue":"True","Description":"If visible.","List":""},{"Key":"MarginAXYTBLR","DisplayName":"Margins","FieldType":"String","DefaultValue":"a=?; x=?; y=?; t=?; b=?; l=?; r=?","Description":"Margins A-X-Y-T-B-L-R","List":""},{"Key":"PaddingAXYTBLR","DisplayName":"Paddings","FieldType":"String","DefaultValue":"a=?; x=?; y=?; t=?; b=?; l=?; r=?","Description":"Paddings A-X-Y-T-B-L-R","List":""},{"Key":"RawClasses","DisplayName":"Classes","FieldType":"String","DefaultValue":"","Description":"Classes added to the HTML tag.","List":""},{"Key":"RawStyles","DisplayName":"Styles","FieldType":"String","DefaultValue":"","Description":"Styles added to the HTML tag. Must be a json String- use =","List":""},{"Key":"RawAttributes","DisplayName":"Attributes","FieldType":"String","DefaultValue":"","Description":"Attributes added to the HTML tag. Must be a json String- use =","List":""}],"events":[{"name":"Click (e As BANanoEvent)"}],"methods":[{"name":"setTextAlignment","signature":"setTextAlignment(s As String)"},{"name":"getTextAlignment","signature":"getTextAlignment As String"},{"name":"Initialize","signature":"Initialize (CallBack As Object, cName As String, EventName As String)"},{"name":"setTextColor","signature":"setTextColor(s As String)"},{"name":"TextColorIntensity","signature":"TextColorIntensity(hcolor As String, intensity As String) As SDUILink"},{"name":"AddLink","signature":"AddLink(mCallback As Object, ParentID As String, ID As String, Label As String, href As String)"},{"name":"AddAnchor","signature":"AddAnchor(mCallback As Object, ParentID As String, ID As String, Label As String, href As String)"},{"name":"OnHover","signature":"OnHover(c As String) As SDUILink"},{"name":"AssignElement","signature":"AssignElement(mCallBack As Object, ID As String)"},{"name":"Enable","signature":"Enable"},{"name":"Disable","signature":"Disable"},{"name":"Show","signature":"Show"},{"name":"Hide","signature":"Hide"},{"name":"getName","signature":"getName As String"},{"name":"getHere","signature":"getHere As String"},{"name":"On","signature":"On(event As String, CallBack As Object, MethodName As String)"},{"name":"setCaption","signature":"setCaption(l As String)"},{"name":"setTarget","signature":"setTarget(t As String)"},{"name":"setHRef","signature":"setHRef(l As String)"},{"name":"getHRef","signature":"getHRef As String"},{"name":"getTarget","signature":"getTarget As String"},{"name":"getCaption","signature":"getCaption As String"},{"name":"Hoverable","signature":"Hoverable As SDUILink"},{"name":"setHover","signature":"setHover(b As Boolean) As SDUILink"},{"name":"getHover","signature":"getHover As Boolean"},{"name":"setColor","signature":"setColor(s As String)"},{"name":"targetBlank","signature":"targetBlank As SDUILink"},{"name":"NavigateTo","signature":"NavigateTo"},{"name":"LoadComponentJson","signature":"LoadComponentJson(designName As String)"},{"name":"AddToParent","signature":"AddToParent(targetID As String, props As Map)"},{"name":"AddClass","signature":"AddClass(text As String)"},{"name":"RemoveStyle","signature":"RemoveStyle(s As String)"},{"name":"ToggleClass","signature":"ToggleClass(s As String)"},{"name":"HideOnSmall","signature":"HideOnSmall"},{"name":"HideOnMedium","signature":"HideOnMedium"},{"name":"HideOnLarge","signature":"HideOnLarge"},{"name":"LinkExisting","signature":"LinkExisting"},{"name":"setParentID","signature":"setParentID(s As String)"},{"name":"setNormalAnchor","signature":"setNormalAnchor(b As Boolean)"},{"name":"setVariant","signature":"setVariant(s As String)"},{"name":"setVisible","signature":"setVisible(b As Boolean)"},{"name":"setMarginAXYTBLR","signature":"setMarginAXYTBLR(s As String)"},{"name":"setPaddingAXYTBLR","signature":"setPaddingAXYTBLR(s As String)"},{"name":"setClasses","signature":"setClasses(s As String)"},{"name":"setStyles","signature":"setStyles(s As String)"},{"name":"setAttributes","signature":"setAttributes(s As String)"},{"name":"getParentID","signature":"getParentID As String"},{"name":"getNormalAnchor","signature":"getNormalAnchor As Boolean"},{"name":"getVariant","signature":"getVariant As String"},{"name":"getTextColor","signature":"getTextColor As String"},{"name":"getVisible","signature":"getVisible As Boolean"},{"name":"getMarginAXYTBLR","signature":"getMarginAXYTBLR As String"},{"name":"getPaddingAXYTBLR","signature":"getPaddingAXYTBLR As String"},{"name":"getClasses","signature":"getClasses As String"},{"name":"getStyles","signature":"getStyles As String"},{"name":"getAttributes","signature":"getAttributes As String"}]}