{"properties":[{"Key":"ParentID","DisplayName":"ParentID","FieldType":"String","DefaultValue":"","Description":"The ParentID of this div","List":""},{"Key":"Activator","DisplayName":"Activator","FieldType":"String","DefaultValue":"button","Description":"Dropdown Activator","List":"avatar|button|icon"},{"Key":"ButtonCaption","DisplayName":"Button Caption","FieldType":"String","DefaultValue":"Drop Down","Description":"Button Caption (if Activator Is Button)","List":""},{"Key":"IconName","DisplayName":"Icon Name","FieldType":"String","DefaultValue":"fa-solid fa-bell","Description":"Icon Name (if Activator Is Icon)","List":""},{"Key":"AvatarSize","DisplayName":"Button/Avatar/Icon Size","FieldType":"String","DefaultValue":"2xl","Description":"Button/Avatar/Icon Size","List":""},{"Key":"AvatarUrl","DisplayName":"Avatar Url","FieldType":"String","DefaultValue":"./assets/daisywoman1.jpg","Description":"Avatar Image Url","List":""},{"Key":"AvatarStatus","DisplayName":"Avatar Status","FieldType":"String","DefaultValue":"none","Description":"","List":"none|offline|online"},{"Key":"BadgeColor","DisplayName":"Badge Color","FieldType":"String","DefaultValue":"","Description":"Badge Color","List":""},{"Key":"BadgeValue","DisplayName":"Badge Value","FieldType":"String","DefaultValue":"5","Description":"Badge Value","List":""},{"Key":"BadgeVisible","DisplayName":"Badge Visible","FieldType":"Boolean","DefaultValue":"False","Description":"Badge Visible","List":""},{"Key":"RawKeyValues","DisplayName":"Key Values","FieldType":"String","DefaultValue":"b4a","Description":"Key Values For The Items [k","List":""},{"Key":"Position","DisplayName":"Position","FieldType":"String","DefaultValue":"default","Description":"","List":"default|end|left|right|top"},{"Key":"Divider","DisplayName":"Divider","FieldType":"Boolean","DefaultValue":"False","Description":"Divider","List":""},{"Key":"DivideColor","DisplayName":"Divide Color","FieldType":"String","DefaultValue":"gray-200","Description":"Divide Color","List":""},{"Key":"DivideStyle","DisplayName":"Divide Style","FieldType":"String","DefaultValue":"solid","Description":"Divide Style","List":"dashed|dotted|double|none|solid"},{"Key":"DivideWidth","DisplayName":"Divide Width","FieldType":"String","DefaultValue":"y-2","Description":"Divide Width","List":""},{"Key":"BgColor","DisplayName":"Bg Color","FieldType":"String","DefaultValue":"","Description":"Background Color","List":""},{"Key":"BgColorIntensity","DisplayName":"Bg Color Intensity","FieldType":"String","DefaultValue":"","Description":"Background Color Intensity","List":""},{"Key":"HighlightActive","DisplayName":"Highlight Active","FieldType":"Boolean","DefaultValue":"False","Description":"Highlight Active Item","List":""},{"Key":"Hover","DisplayName":"Hover","FieldType":"Boolean","DefaultValue":"False","Description":"Hover To Open","List":""},{"Key":"ItemColor","DisplayName":"Hover/Focus/Active Item Color","FieldType":"String","DefaultValue":"","Description":"Background Color Of Items","List":""},{"Key":"ItemColorIntensity","DisplayName":"Hover/Focus/Active Item Color Intensity","FieldType":"String","DefaultValue":"","Description":"Item Color Intensity","List":""},{"Key":"ItemActiveColor","DisplayName":"Item Active Color","FieldType":"String","DefaultValue":"blue","Description":"Item Active Color","List":""},{"Key":"ItemActiveColorIntensity","DisplayName":"Item Active Color Intensity","FieldType":"String","DefaultValue":"100","Description":"Item Active Color Intensity","List":""},{"Key":"ItemFocusColor","DisplayName":"Item Focus Color","FieldType":"String","DefaultValue":"blue","Description":"Item Focus Color","List":""},{"Key":"ItemFocusColorIntensity","DisplayName":"Item Focus Color Intensity","FieldType":"String","DefaultValue":"100","Description":"Item Focus Color Intensity","List":""},{"Key":"ItemHoverColor","DisplayName":"Item Hover Color","FieldType":"String","DefaultValue":"blue","Description":"Item Hover Color","List":""},{"Key":"ItemHoverColorIntensity","DisplayName":"Item Hover Color Intensity","FieldType":"String","DefaultValue":"100","Description":"Item Hover Color Intensity","List":""},{"Key":"MenuCompact","DisplayName":"Menu Compact","FieldType":"Boolean","DefaultValue":"False","Description":"Menu Compact","List":""},{"Key":"MenuNormal","DisplayName":"Menu Normal","FieldType":"Boolean","DefaultValue":"False","Description":"Menu Normal","List":""},{"Key":"MenuVertical","DisplayName":"Menu Vertical","FieldType":"Boolean","DefaultValue":"True","Description":"Menu Vertical","List":""},{"Key":"Open","DisplayName":"Open","FieldType":"Boolean","DefaultValue":"False","Description":"If Opened","List":""},{"Key":"RoundedBox","DisplayName":"Rounded Box","FieldType":"Boolean","DefaultValue":"False","Description":"Rounded Box","List":""},{"Key":"Shadow","DisplayName":"Shadow","FieldType":"Boolean","DefaultValue":"False","Description":"Shadow","List":""},{"Key":"TextColor","DisplayName":"Text Color","FieldType":"String","DefaultValue":"","Description":"Text Color","List":""},{"Key":"TextColorIntensity","DisplayName":"Text Color Intensity","FieldType":"String","DefaultValue":"","Description":"Text Color Intensity","List":""},{"Key":"Width","DisplayName":"Menu Width","FieldType":"String","DefaultValue":"","Description":"Width - do not set for 'horizontal' menu","List":""},{"Key":"Height","DisplayName":"Menu Height","FieldType":"String","DefaultValue":"","Description":"Height","List":""},{"Key":"Visible","DisplayName":"Visible","FieldType":"Boolean","DefaultValue":"True","Description":"If visible.","List":""},{"Key":"MarginAXYTBLR","DisplayName":"Margins","FieldType":"String","DefaultValue":"a=?; x=?; y=?; t=?; b=?; l=?; r=?","Description":"Margins A-X-Y-T-B-L-R","List":""},{"Key":"PaddingAXYTBLR","DisplayName":"Paddings","FieldType":"String","DefaultValue":"a=?; x=?; y=?; t=?; b=?; l=?; r=?","Description":"Paddings A-X-Y-T-B-L-R","List":""},{"Key":"RawClasses","DisplayName":"Classes","FieldType":"String","DefaultValue":"","Description":"Classes added to the HTML tag.","List":""},{"Key":"RawStyles","DisplayName":"Styles","FieldType":"String","DefaultValue":"","Description":"Styles added to the HTML tag. Must be a json String- use =","List":""},{"Key":"RawAttributes","DisplayName":"Attributes","FieldType":"String","DefaultValue":"","Description":"Attributes added to the HTML tag. Must be a json String- use =","List":""}],"events":[{"name":"Click (item As String)"}],"methods":[{"name":"AddDropDown","signature":"AddDropDown(mCallback As Object, ParentID As String, ID As String, Label As String)"},{"name":"MoveItemFront","signature":"MoveItemFront(itemID As String)"},{"name":"AddDropDownAvatar","signature":"AddDropDownAvatar(mCallback As Object, ParentID As String, ID As String, sSize As String, ImgURL As String)"},{"name":"AddDropDownIcon","signature":"AddDropDownIcon(mCallback As Object, ParentID As String, ID As String, xSize As String, xIconName As String)"},{"name":"SetElement","signature":"SetElement(e As BANanoElement)"},{"name":"SetItems","signature":"SetItems(l As List)"},{"name":"ItemColorIntensity","signature":"ItemColorIntensity(c As String, i As String)"},{"name":"ItemHoverColorIntensity","signature":"ItemHoverColorIntensity(c As String, i As String)"},{"name":"ItemFocusColorIntensity","signature":"ItemFocusColorIntensity(c As String, i As String)"},{"name":"ItemActiveColorIntensity","signature":"ItemActiveColorIntensity(c As String, i As String)"},{"name":"AssignElement","signature":"AssignElement(mcallback As Object, ID As String)"},{"name":"NoGhost","signature":"NoGhost"},{"name":"setBadgeValue","signature":"setBadgeValue(value As String)"},{"name":"setBadgeIsRound","signature":"setBadgeIsRound(b As Boolean)"},{"name":"setBadgeColor","signature":"setBadgeColor(value As String)"},{"name":"setAvatarOnline","signature":"setAvatarOnline(b As Boolean)"},{"name":"setBadgeVisible","signature":"setBadgeVisible(b As Boolean)"},{"name":"setAvatarOffline","signature":"setAvatarOffline(b As Boolean)"},{"name":"Size","signature":"Size As Int"},{"name":"AddItemBadge","signature":"AddItemBadge(parentID As String, ID As String, Label As String, sBadge As String)"},{"name":"AddItemChildBadge","signature":"AddItemChildBadge(parentID As String, ID As String, Label As String, sBadge As String)"},{"name":"ItemChildren","signature":"ItemChildren(ItemID As String) As SDUIDiv"},{"name":"SetItemBadgeValue","signature":"SetItemBadgeValue(id As String, value As String)"},{"name":"SetItemBadgeColor","signature":"SetItemBadgeColor(id As String, value As String)"},{"name":"SetItemBadgeOutline","signature":"SetItemBadgeOutline(id As String, bb As Boolean)"},{"name":"AddTitle","signature":"AddTitle(ID As String, Label As String)"},{"name":"GetLink","signature":"GetLink(btnID As String) As SDUILink"},{"name":"GetItemBadge","signature":"GetItemBadge(ItemID As String) As SDUIBadge"},{"name":"setActive","signature":"setActive(btnID As String)"},{"name":"DisableItem","signature":"DisableItem(btnID As String)"},{"name":"GetItem","signature":"GetItem(ItemID As String) As SDUIButton"},{"name":"Clear","signature":"Clear(parentID As String)"},{"name":"Normal","signature":"Normal"},{"name":"Compact","signature":"Compact"},{"name":"Vertical","signature":"Vertical"},{"name":"Horizontal","signature":"Horizontal"},{"name":"HorizontalResponsive","signature":"HorizontalResponsive(xs As Boolean, sm As Boolean, md As Boolean, lg As Boolean)"},{"name":"VerticalResponsive","signature":"VerticalResponsive(xs As Boolean, sm As Boolean, md As Boolean, lg As Boolean)"},{"name":"AddItemChild","signature":"AddItemChild(parentID As String, ID As String, Label As String)"},{"name":"AddItemParent","signature":"AddItemParent(ID As String, Label As String)"},{"name":"AddItem","signature":"AddItem(ID As String, Label As String)"},{"name":"AddItemDivider","signature":"AddItemDivider(parentID As String, Label As String)"},{"name":"AddItemIcon","signature":"AddItemIcon(ID As String, IconName As String, Label As String)"},{"name":"AddItemIcon1","signature":"AddItemIcon1(parentID As String, ID As String, IconName As String, Label As String)"},{"name":"AddItemIconOnly","signature":"AddItemIconOnly(ID As String, IconName As String)"},{"name":"AddItemIconOnly1","signature":"AddItemIconOnly1(ParentID As String, ID As String, IconName As String)"},{"name":"SetItemIconName","signature":"SetItemIconName(id As String, value As String)"},{"name":"ItemIcon","signature":"ItemIcon(ItemID As String) As SDUIIcon"},{"name":"AddItem1","signature":"AddItem1(parentID As String, ID As String, Label As String, HasChildren As Boolean)"},{"name":"setW","signature":"setW(i As String)"},{"name":"setH","signature":"setH(i As String)"},{"name":"Enable","signature":"Enable"},{"name":"Disable","signature":"Disable"},{"name":"setEnabled","signature":"setEnabled(b As Boolean)"},{"name":"getEnabled","signature":"getEnabled As Boolean"},{"name":"Show","signature":"Show"},{"name":"Hide","signature":"Hide"},{"name":"On","signature":"On(event As String, CallBack As Object, MethodName As String)"},{"name":"getName","signature":"getName As String"},{"name":"getHere","signature":"getHere As String"},{"name":"AtEnd","signature":"AtEnd"},{"name":"AtTop","signature":"AtTop"},{"name":"AtLeft","signature":"AtLeft"},{"name":"AtRight","signature":"AtRight"},{"name":"Hover","signature":"Hover"},{"name":"setOpen","signature":"setOpen(b As Boolean)"},{"name":"RoundedBox","signature":"RoundedBox"},{"name":"NormalResponsive","signature":"NormalResponsive(xs As Boolean, sm As Boolean, md As Boolean, lg As Boolean)"},{"name":"CompactResponsive","signature":"CompactResponsive(xs As Boolean, sm As Boolean, md As Boolean, lg As Boolean)"},{"name":"setDivideColor","signature":"setDivideColor(s As String)"},{"name":"AddClass","signature":"AddClass(xText As String)"},{"name":"ToggleClass","signature":"ToggleClass(s As String)"},{"name":"RemoveStyle","signature":"RemoveStyle(s As String)"},{"name":"setDivideStyle","signature":"setDivideStyle(s As String)"},{"name":"setDivideWidth","signature":"setDivideWidth(s As String)"},{"name":"setDivider","signature":"setDivider(b As Boolean)"},{"name":"Initialize","signature":"Initialize (CallBack As Object, cName As String, EventName As String)"},{"name":"shadow","signature":"shadow(s As String)"},{"name":"TextColorIntensity","signature":"TextColorIntensity(hcolor As String, intensity As String)"},{"name":"BGColorIntensity","signature":"BGColorIntensity(c As String, s As String)"},{"name":"setAvatarImage","signature":"setAvatarImage(l As String)"},{"name":"setAvatarSize","signature":"setAvatarSize(l As String)"},{"name":"AddToParent","signature":"AddToParent(targetID As String, props As Map)"},{"name":"HideOnSmall","signature":"HideOnSmall"},{"name":"HideOnMedium","signature":"HideOnMedium"},{"name":"HideOnLarge","signature":"HideOnLarge"},{"name":"LinkExisting","signature":"LinkExisting"},{"name":"OnEvent\t\t\t'ignore","signature":"OnEvent(event As String, Module As Object, methodName As String, args As List)\t\t\t'ignore"},{"name":"setParentID","signature":"setParentID(s As String)"},{"name":"setActivator","signature":"setActivator(s As String)"},{"name":"setButtonCaption","signature":"setButtonCaption(s As String)"},{"name":"setIconName","signature":"setIconName(s As String)"},{"name":"setAvatarUrl","signature":"setAvatarUrl(s As String)"},{"name":"setAvatarStatus","signature":"setAvatarStatus(s As String)"},{"name":"setKeyValues","signature":"setKeyValues(s As String)"},{"name":"setPosition","signature":"setPosition(s As String)"},{"name":"setBgColor","signature":"setBgColor(s As String)"},{"name":"setHighlightActive","signature":"setHighlightActive(b As Boolean)"},{"name":"setItemColor","signature":"setItemColor(s As String)"},{"name":"setMenuCompact","signature":"setMenuCompact(b As Boolean)"},{"name":"setMenuNormal","signature":"setMenuNormal(b As Boolean)"},{"name":"setMenuVertical","signature":"setMenuVertical(b As Boolean)"},{"name":"setTextColor","signature":"setTextColor(s As String)"},{"name":"setWidth","signature":"setWidth(s As String)"},{"name":"setHeight","signature":"setHeight(s As String)"},{"name":"setVisible","signature":"setVisible(b As Boolean)"},{"name":"setMarginAXYTBLR","signature":"setMarginAXYTBLR(s As String)"},{"name":"setPaddingAXYTBLR","signature":"setPaddingAXYTBLR(s As String)"},{"name":"setClasses","signature":"setClasses(s As String)"},{"name":"setStyles","signature":"setStyles(s As String)"},{"name":"setAttributes","signature":"setAttributes(s As String)"},{"name":"getParentID","signature":"getParentID As String"},{"name":"getActivator","signature":"getActivator As String"},{"name":"getButtonCaption","signature":"getButtonCaption As String"},{"name":"getIconName","signature":"getIconName As String"},{"name":"getAvatarSize","signature":"getAvatarSize As String"},{"name":"getAvatarUrl","signature":"getAvatarUrl As String"},{"name":"getAvatarStatus","signature":"getAvatarStatus As String"},{"name":"getBadgeColor","signature":"getBadgeColor As String"},{"name":"getBadgeValue","signature":"getBadgeValue As String"},{"name":"getBadgeVisible","signature":"getBadgeVisible As Boolean"},{"name":"getKeyValues","signature":"getKeyValues As String"},{"name":"getPosition","signature":"getPosition As String"},{"name":"getDivider","signature":"getDivider As Boolean"},{"name":"getDivideColor","signature":"getDivideColor As String"},{"name":"getDivideStyle","signature":"getDivideStyle As String"},{"name":"getDivideWidth","signature":"getDivideWidth As String"},{"name":"getBgColor","signature":"getBgColor As String"},{"name":"getHighlightActive","signature":"getHighlightActive As Boolean"},{"name":"getItemColor","signature":"getItemColor As String"},{"name":"getMenuCompact","signature":"getMenuCompact As Boolean"},{"name":"getMenuNormal","signature":"getMenuNormal As Boolean"},{"name":"getMenuVertical","signature":"getMenuVertical As Boolean"},{"name":"getOpen","signature":"getOpen As Boolean"},{"name":"getTextColor","signature":"getTextColor As String"},{"name":"getWidth","signature":"getWidth As String"},{"name":"getHeight","signature":"getHeight As String"},{"name":"getVisible","signature":"getVisible As Boolean"},{"name":"getMarginAXYTBLR","signature":"getMarginAXYTBLR As String"},{"name":"getPaddingAXYTBLR","signature":"getPaddingAXYTBLR As String"},{"name":"getClasses","signature":"getClasses As String"},{"name":"getStyles","signature":"getStyles As String"},{"name":"getAttributes","signature":"getAttributes As String"}]}