{"properties":[{"Key":"ProjectName","DisplayName":"Project Name","FieldType":"String","DefaultValue":"","Description":"Project Name without spaces","List":""},{"Key":"ProjectTitle","DisplayName":"Project Title","FieldType":"String","DefaultValue":"Project","Description":"Project Title","List":""},{"Key":"StartPage","DisplayName":"Start Page","FieldType":"String","DefaultValue":"","Description":"Project Title","List":"page"},{"Key":"BackgroundImage","DisplayName":"Background Image","FieldType":"String","DefaultValue":"","Description":"Background Image","List":""},{"Key":"DateTimeFormat","DisplayName":"Date Time Format","FieldType":"String","DefaultValue":"YYYY-MM-DD","Description":"Date Time Format","List":""},{"Key":"BeginYear","DisplayName":"Begin Year","FieldType":"Int","DefaultValue":"1900","Description":"Begin Year","List":""},{"Key":"EndYear","DisplayName":"End Year","FieldType":"Int","DefaultValue":"3000","Description":"End Year","List":""},{"Key":"FullScreen","DisplayName":"Full Screen","FieldType":"Boolean","DefaultValue":"True","Description":"Full Screen","List":""},{"Key":"GoogleMapKey","DisplayName":"Google Map Key","FieldType":"String","DefaultValue":"","Description":"Google Map Key","List":""},{"Key":"PageViewer","DisplayName":"Page Viewer","FieldType":"String","DefaultValue":"pageview","Description":"Page Viewer","List":""},{"Key":"PageViewFullHeight","DisplayName":"Page View Full Height","FieldType":"Boolean","DefaultValue":"True","Description":"Page View Full Height","List":""},{"Key":"PageViewFullWidth","DisplayName":"Page View Full Width","FieldType":"Boolean","DefaultValue":"True","Description":"Page View Full Width","List":""},{"Key":"Rtl","DisplayName":"Right to Left","FieldType":"Boolean","DefaultValue":"False","Description":"Right to Left","List":""},{"Key":"SwalPosition","DisplayName":"Swal Position","FieldType":"String","DefaultValue":"top-end","Description":"Swal Position","List":"bottom|bottom-end|bottom-start|center|center-end|center-start|top|top-end|top-start"},{"Key":"SwalTimer","DisplayName":"Swal Timer","FieldType":"Int","DefaultValue":"3000","Description":"Swal Timer","List":""},{"Key":"Theme","DisplayName":"Theme","FieldType":"String","DefaultValue":"default","Description":"Theme","List":"acid|aqua|autumn|black|bumblebee|business|cmyk|coffee|corporate|cupcake|cyberpunk|dark|dracula|emerald|fantasy|forest|garden|halloween|lemonade|light|lofi|luxury|night|pastel|retro|synthwave|valentine|winter|wireframe"},{"Key":"ToastDuration","DisplayName":"Toast Duration","FieldType":"Int","DefaultValue":"3000","Description":"Toast Duration","List":""},{"Key":"ToastPosition","DisplayName":"Toast Position","FieldType":"String","DefaultValue":"top_right","Description":"Toast Position","List":"bottom_center|bottom_left|bottom_right|top_center|top_left|top_right"},{"Key":"HasNavBar","DisplayName":"Has Nav Bar*","FieldType":"Boolean","DefaultValue":"False","Description":"Has Nav Bar","List":""},{"Key":"NavbarName","DisplayName":"Navbar Name","FieldType":"String","DefaultValue":"appnavbar","Description":"Navbar Name","List":""},{"Key":"HasDrawer","DisplayName":"Has Drawer*","FieldType":"Boolean","DefaultValue":"False","Description":"Has Drawer","List":""},{"Key":"DrawerName","DisplayName":"Drawer Name","FieldType":"String","DefaultValue":"appdrawer","Description":"Drawer Name","List":""},{"Key":"HasBottomNav","DisplayName":"Has Bottom Nav*","FieldType":"Boolean","DefaultValue":"False","Description":"Has Bottom Nav","List":""},{"Key":"BottomNavName","DisplayName":"Bottom Nav Name","FieldType":"String","DefaultValue":"appbottomnavbar","Description":"Bottom Nav Name","List":""},{"Key":"HasFooter","DisplayName":"Has Footer*","FieldType":"Boolean","DefaultValue":"False","Description":"Has Footer","List":""},{"Key":"FooterName","DisplayName":"Footer Name","FieldType":"String","DefaultValue":"appfooter","Description":"Footer Name","List":""},{"Key":"AllInPgindex","DisplayName":"All In PgIndex","FieldType":"Boolean","DefaultValue":"False","Description":"All In PgIndex","List":""},{"Key":"ApiKey","DisplayName":"Api Key","FieldType":"String","DefaultValue":"","Description":"Api Key","List":""},{"Key":"DatabaseType","DisplayName":"Database Type","FieldType":"String","DefaultValue":"pocketbase","Description":"Database Type","List":"firebase|mysqlrest|other|pocketbase"},{"Key":"HostName","DisplayName":"Host Name","FieldType":"String","DefaultValue":"localhost","Description":"Host Name","List":""},{"Key":"Url","DisplayName":"Url","FieldType":"String","DefaultValue":"http","Description":"Url","List":""},{"Key":"UserName","DisplayName":"User Name","FieldType":"String","DefaultValue":"","Description":"User Name","List":""},{"Key":"Password","DisplayName":"Password","FieldType":"String","DefaultValue":"","Description":"Password","List":""},{"Key":"Port","DisplayName":"Port","FieldType":"String","DefaultValue":"3306","Description":"Port","List":""},{"Key":"MarginAXYTBLR","DisplayName":"Margins","FieldType":"String","DefaultValue":"a=?; x=?; y=?; t=?; b=?; l=?; r=?","Description":"Margins A(all)-X(LR)-Y(TB)-T-B-L-R","List":""},{"Key":"PaddingAXYTBLR","DisplayName":"Paddings","FieldType":"String","DefaultValue":"a=?; x=?; y=?; t=?; b=?; l=?; r=?","Description":"Paddings A(all)-X(LR)-Y(TB)-T-B-L-R","List":""},{"Key":"RawClasses","DisplayName":"Classes (;)","FieldType":"String","DefaultValue":"","Description":"Classes added to the HTML tag.","List":""},{"Key":"RawStyles","DisplayName":"Styles (JSON)","FieldType":"String","DefaultValue":"","Description":"Styles added to the HTML tag. Must be a json String use = and ;","List":""},{"Key":"RawAttributes","DisplayName":"Attributes (JSON)","FieldType":"String","DefaultValue":"","Description":"Attributes added to the HTML tag. Must be a json String use = and ;","List":""}],"events":[{"name":"ConnectionChange (status As Boolean)"},{"name":"Notification_Show"},{"name":"Notification_Close"},{"name":"Notification_Error"},{"name":"Notification_Click (link As String)"},{"name":"TemplateItem_Click (e As BANanoEvent)"},{"name":"DarkTheme (e As BANanoEvent)"}],"methods":[{"name":"getDrawerListName","signature":"getDrawerListName As String"},{"name":"setDrawerListName","signature":"setDrawerListName(s As String)"},{"name":"getMainMenuName","signature":"getMainMenuName As String"},{"name":"setMainMenuName","signature":"setMainMenuName(s As String)"},{"name":"Initialize","signature":"Initialize (Callback As Object, Name As String, EventName As String)"},{"name":"getElement","signature":"getElement() As BANanoElement"},{"name":"DesignerCreateView","signature":"DesignerCreateView (Target As BANanoElement, Props As Map)"},{"name":"setHostName","signature":"setHostName(s As String)"},{"name":"getHostName","signature":"getHostName As String"},{"name":"getUrl","signature":"getUrl As String"},{"name":"getUserName","signature":"getUserName As String"},{"name":"setUrl","signature":"setUrl(s As String)"},{"name":"setUserName","signature":"setUserName(s As String)"},{"name":"getApiKey","signature":"getApiKey As String"},{"name":"getDatabaseType","signature":"getDatabaseType As String"},{"name":"getPassword","signature":"getPassword As String"},{"name":"getPort","signature":"getPort As String"},{"name":"setApiKey","signature":"setApiKey(s As String)"},{"name":"setDatabaseType","signature":"setDatabaseType(s As String)"},{"name":"setPassword","signature":"setPassword(s As String)"},{"name":"setPort","signature":"setPort(s As String)"},{"name":"setStartPage","signature":"setStartPage(s As String)"},{"name":"getStartPage","signature":"getStartPage As String"},{"name":"setFullScreen","signature":"setFullScreen(b As Boolean)"},{"name":"NextID","signature":"NextID As String"},{"name":"setTheme","signature":"setTheme(s As String)"},{"name":"setRTL","signature":"setRTL(b As Boolean)"},{"name":"ShowPage","signature":"ShowPage(pgName As String) As Boolean"},{"name":"ShowPageByName","signature":"ShowPageByName(pgName As String) As Boolean"},{"name":"ShowServerPage","signature":"ShowServerPage(pgName As String) As Boolean"},{"name":"ShowServerPage1","signature":"ShowServerPage1(PageModule As Object)"},{"name":"ShowPage1","signature":"ShowPage1(PageModule As Object)"},{"name":"setPageViewFullWidth","signature":"setPageViewFullWidth(b As Boolean)"},{"name":"setPageViewFullHeight","signature":"setPageViewFullHeight(b As Boolean)"},{"name":"AddPage","signature":"AddPage(mCallBack As BANanoObject)"},{"name":"AddPageByName","signature":"AddPageByName(pgName As String, pgTitle As String)"},{"name":"AddPageView","signature":"AddPageView"},{"name":"DownloadTextFile","signature":"DownloadTextFile(content As String, fileName As String)"},{"name":"UsesDevice","signature":"UsesDevice"},{"name":"UsesPageView","signature":"UsesPageView"},{"name":"ClearPageView","signature":"ClearPageView"},{"name":"setFont","signature":"setFont(f As String)"},{"name":"AddApp","signature":"AddApp(mCallBack As Object, appName As String)"},{"name":"ShowToast","signature":"ShowToast(msg As String)"},{"name":"ShowToastSuccess","signature":"ShowToastSuccess(msg As String)"},{"name":"ShowToastError","signature":"ShowToastError(msg As String)"},{"name":"ShowToastWarning","signature":"ShowToastWarning(msg As String)"},{"name":"ShowToastInfo","signature":"ShowToastInfo(msg As String)"},{"name":"IsDarkMode","signature":"IsDarkMode As Boolean"},{"name":"InitRollDateTime","signature":"InitRollDateTime As RollDateOptions"},{"name":"AddTheme","signature":"AddTheme(themeName As String, classes As List)"},{"name":"ApplyTheme","signature":"ApplyTheme(themeName As String, items As List)"},{"name":"getName","signature":"getName As String"},{"name":"getHere","signature":"getHere As String"},{"name":"CreateList","signature":"CreateList As List"},{"name":"On\t\t'ignore","signature":"On(event As String, mCallBack As Object, MethodName As String, args As List, useCapture As Boolean)\t\t'ignore"},{"name":"CellID","signature":"CellID(xRow As Int, xCol As Int) As String"},{"name":"Row","signature":"Row(xRow As Int) As SDUIDiv"},{"name":"Cell","signature":"Cell(xRow As Int, xCol As Int) As SDUIDiv"},{"name":"setBackgroundImage","signature":"setBackgroundImage(url As String)"},{"name":"getBackgroundImage","signature":"getBackgroundImage As String"},{"name":"BuildGrid","signature":"BuildGrid"},{"name":"AddAppDrawer","signature":"AddAppDrawer(w As String, bHasNavBar1 As Boolean) As SDUIDrawer"},{"name":"AddAppDrawer1","signature":"AddAppDrawer1(w As String, bHasNavBar1 As Boolean, bMobile As Boolean) As SDUIDrawer"},{"name":"AddAppDrawer2","signature":"AddAppDrawer2(w As String, bHasNavBar1 As Boolean, bMobile As Boolean, bClippedLeft As Boolean) As SDUIDrawer"},{"name":"AddAppNavBar","signature":"AddAppNavBar As SDUINavBar"},{"name":"AddAppNavBarInsideDrawer","signature":"AddAppNavBarInsideDrawer As SDUINavBar"},{"name":"CopyToClipboard","signature":"CopyToClipboard(txt As String)"},{"name":"CopyFromClipBoard","signature":"CopyFromClipBoard As String"},{"name":"HideDrawer","signature":"HideDrawer"},{"name":"ShowDrawer","signature":"ShowDrawer"},{"name":"HideBottomNav","signature":"HideBottomNav"},{"name":"ShowBottomNav","signature":"ShowBottomNav"},{"name":"HideFooter","signature":"HideFooter"},{"name":"ShowFooter","signature":"ShowFooter"},{"name":"HideTopNav","signature":"HideTopNav"},{"name":"ShowTopNav","signature":"ShowTopNav"},{"name":"ShowItem","signature":"ShowItem(elID As String)"},{"name":"RemoveItem","signature":"RemoveItem(elID As String)"},{"name":"HideItem","signature":"HideItem(elID As String)"},{"name":"GetHTML","signature":"GetHTML(id As String) As String"},{"name":"Download","signature":"Download(content As String, FileName As String)"},{"name":"DownloadAsZip","signature":"DownloadAsZip(content As String, FileName As String, ZipFileName As String)"},{"name":"AddAppFooter","signature":"AddAppFooter As SDUIFooter"},{"name":"ShowSwal","signature":"ShowSwal(s As String)"},{"name":"ShowSwalError","signature":"ShowSwalError(message As String)"},{"name":"ShowSwalSuccess","signature":"ShowSwalSuccess(message As String)"},{"name":"ShowSwalInfo","signature":"ShowSwalInfo(message As String)"},{"name":"ShowSwalWarning","signature":"ShowSwalWarning(message As String)"},{"name":"ShowSwalSuccessToast","signature":"ShowSwalSuccessToast(message As String, time As Int)"},{"name":"ShowSwalErrorToast","signature":"ShowSwalErrorToast(message As String, time As Int)"},{"name":"ShowSwalWarningToast","signature":"ShowSwalWarningToast(message As String, time As Int)"},{"name":"ShowSwalInfoToast","signature":"ShowSwalInfoToast(message As String, time As Int)"},{"name":"ShowSwalSuccessNotification","signature":"ShowSwalSuccessNotification(message As String, time As Int)"},{"name":"ShowSwalErrorNotification","signature":"ShowSwalErrorNotification(message As String, time As Int)"},{"name":"ShowSwalInfoNotification","signature":"ShowSwalInfoNotification(message As String, time As Int)"},{"name":"ShowSwalWarningNotification","signature":"ShowSwalWarningNotification(message As String, time As Int)"},{"name":"ShowSwalInputWait","signature":"ShowSwalInputWait(title As String, message As String, okText As String, cancelText As String) As String"},{"name":"ShowSwalConfirmWait","signature":"ShowSwalConfirmWait(title As String, message As String, okText As String, cancelText As String) As Boolean"},{"name":"ShowSwalAlertWait","signature":"ShowSwalAlertWait(title As String, message As String, okText As String) As Boolean"},{"name":"ShowSwalSuccessWait","signature":"ShowSwalSuccessWait(title As String, message As String, okText As String) As Boolean"},{"name":"ShowSwalErrorWait","signature":"ShowSwalErrorWait(title As String, message As String, okText As String) As Boolean"},{"name":"ShowSwalWarningWait","signature":"ShowSwalWarningWait(title As String, message As String, okText As String) As Boolean"},{"name":"parseHTML","signature":"parseHTML(sinput As String) As List"},{"name":"ParseTree","signature":"ParseTree(Rootx As Map)"},{"name":"PlaceholderImage","signature":"PlaceholderImage As String"},{"name":"GetIDFromEvent","signature":"GetIDFromEvent(e As BANanoEvent) As String"},{"name":"GetIDText","signature":"GetIDText(id As String) As String"},{"name":"FuzzySearch","signature":"FuzzySearch(lst As List, searchFor As String) As List"},{"name":"LZCompressString","signature":"LZCompressString(source As String) As Object"},{"name":"LZDeCompressString","signature":"LZDeCompressString(source As String) As Object"},{"name":"AddLeftDrawer","signature":"AddLeftDrawer(drName As String, drWidth As String, duration As String) As SDUIModal"},{"name":"AddLeftDrawer1","signature":"AddLeftDrawer1(module As Object, drName As String, drWidth As String, duration As String) As SDUIModal"},{"name":"AddRightDrawer","signature":"AddRightDrawer(drName As String, drWidth As String, duration As String) As SDUIModal"},{"name":"AddRightDrawer1","signature":"AddRightDrawer1(module As Object, drName As String, drWidth As String, duration As String) As SDUIModal"},{"name":"AddTemplateFromLayout","signature":"AddTemplateFromLayout(elid As String, hideIt As Boolean, children As List)"},{"name":"GetTemplate","signature":"GetTemplate(elid As String) As String"},{"name":"ShowHide","signature":"ShowHide(elName As String, Status As Boolean)"},{"name":"SetItemsFromTemplate","signature":"SetItemsFromTemplate(mCallBack As Object, target As String, source As String, prefix As String, items As List)"},{"name":"SetItemsFromTemplateNoClick","signature":"SetItemsFromTemplateNoClick(target As String, source As String, items As List)"},{"name":"SetActionsFromTemplate","signature":"SetActionsFromTemplate(mCallBack As Object, source As String, actions As List, event As String, records As List)"},{"name":"SetSelectItemsFromTemplate","signature":"SetSelectItemsFromTemplate(mCallBack As Object, tmpName As String, source As String, target As String, kvs As Map, items As List)"},{"name":"AddTemplateEvents","signature":"AddTemplateEvents(mCallBack As Object, source As String, prefix As String, items As List, events As List)"},{"name":"SetTimeOut","signature":"SetTimeOut(Module As Object, MethodName As String, delay As Int, args As List) As Int\t\t'ignore"},{"name":"ClearTimeOut","signature":"ClearTimeOut(i As Int)"},{"name":"ClearInterval","signature":"ClearInterval(i As Int)"},{"name":"SetInterval","signature":"SetInterval(Module As Object, MethodName As String, seconds As Int, args As List) As Int\t\t'ignore"},{"name":"ShowBrowserNotification\t\t'ignoreDeadCode","signature":"ShowBrowserNotification(Title As String, Desc As String, Url As String, Icon As String, Image As String, Vibrate As Boolean, Seconds As Int)\t\t'ignoreDeadCode"},{"name":"AddDataModel","signature":"AddDataModel(TableName As String, PrimaryKey As String, AutoIncrement As Boolean)"},{"name":"AddDataModelStrings","signature":"AddDataModelStrings(TableName As String, FieldNames As List)"},{"name":"AddDataModelIntegers","signature":"AddDataModelIntegers(TableName As String, FieldNames As List)"},{"name":"AddDataModelDoubles","signature":"AddDataModelDoubles(TableName As String, FieldNames As List)"},{"name":"AddDataModelBlobs","signature":"AddDataModelBlobs(TableName As String, FieldNames As List)"},{"name":"AddDataModelBooleans","signature":"AddDataModelBooleans(TableName As String, FieldNames As List)"},{"name":"AddDataModelFiles","signature":"AddDataModelFiles(TableName As String, FieldNames As List)"},{"name":"SetValue","signature":"SetValue(item As String, value As String)"},{"name":"GetValue","signature":"GetValue(item As String) As String"},{"name":"UseGMap","signature":"UseGMap(GMapApiKey As String, mCallBack As Object, mapName As String)"},{"name":"InsertCSSRule","signature":"InsertCSSRule(selector As String, styles As Object)"},{"name":"RemoveCSSRule","signature":"RemoveCSSRule(selector As String)"},{"name":"CloseDrawer","signature":"CloseDrawer(item As String)"},{"name":"OpenDrawer","signature":"OpenDrawer(item As String)"},{"name":"PagePause","signature":"PagePause"},{"name":"PageResume","signature":"PageResume"},{"name":"SetText","signature":"SetText(elName As String, text As String)"},{"name":"GetText","signature":"GetText(elName As String) As String"},{"name":"SetAttr","signature":"SetAttr(elName As String, attr As String, text As String)"},{"name":"SetDataAttr","signature":"SetDataAttr(elName As String, attr As String, text As String)"},{"name":"GetDataAttr","signature":"GetDataAttr(elName As String, attr As String) As String"},{"name":"GetAttr","signature":"GetAttr(elName As String, attr As String) As String"},{"name":"AddClass","signature":"AddClass(elName As String, text As String)"},{"name":"RemoveClass","signature":"RemoveClass(elName As String, text As String)"},{"name":"RemoveAttr","signature":"RemoveAttr(elName As String, attr As String)"},{"name":"SetComputedValue","signature":"SetComputedValue(elName As String, text As String)"},{"name":"RemoveStyle","signature":"RemoveStyle(elName As String)"},{"name":"UsesGijgo","signature":"UsesGijgo"},{"name":"UsesEnjoyHint","signature":"UsesEnjoyHint"},{"name":"UsesStories","signature":"UsesStories"},{"name":"UsesSwiper","signature":"UsesSwiper"},{"name":"UsesFlipPage","signature":"UsesFlipPage"},{"name":"UsesTimeLine","signature":"UsesTimeLine"},{"name":"UsesGridNav","signature":"UsesGridNav"},{"name":"LoadAssetsOnDemand","signature":"LoadAssetsOnDemand(Key As String, Items As List)"},{"name":"UsesChartKick","signature":"UsesChartKick"},{"name":"UsesQRCode","signature":"UsesQRCode"},{"name":"UsesBarCodeReader","signature":"UsesBarCodeReader"},{"name":"UsesWebCam","signature":"UsesWebCam"},{"name":"UsesAxios","signature":"UsesAxios"},{"name":"UsesFlatPickDateTime","signature":"UsesFlatPickDateTime"},{"name":"UsesLottiePlayer","signature":"UsesLottiePlayer"},{"name":"UsesDocxTemplator","signature":"UsesDocxTemplator"},{"name":"UsesRollDate","signature":"UsesRollDate"},{"name":"UsesLZCompressString","signature":"UsesLZCompressString"},{"name":"UsesPocketBase","signature":"UsesPocketBase"},{"name":"UsesCouchDB","signature":"UsesCouchDB"},{"name":"UsesFullCalendar","signature":"UsesFullCalendar"},{"name":"UsesCSV","signature":"UsesCSV"},{"name":"UsesKanBan","signature":"UsesKanBan"},{"name":"UsesAES","signature":"UsesAES"},{"name":"UsesGMaps","signature":"UsesGMaps"},{"name":"UsesAES4PHP","signature":"UsesAES4PHP"},{"name":"UsesToastChart","signature":"UsesToastChart"},{"name":"UsesMockupCode","signature":"UsesMockupCode"},{"name":"UsesPDF","signature":"UsesPDF"},{"name":"UsesExcel","signature":"UsesExcel"},{"name":"UsesFireBase","signature":"UsesFireBase"},{"name":"UsesSupaBase","signature":"UsesSupaBase"},{"name":"UsesRelax","signature":"UsesRelax"},{"name":"UsesJustGage","signature":"UsesJustGage"},{"name":"UsesFluidMeter","signature":"UsesFluidMeter"},{"name":"UsesFrappeGantt","signature":"UsesFrappeGantt"},{"name":"UsesEvoCalendar","signature":"UsesEvoCalendar"},{"name":"UsesDropZone","signature":"UsesDropZone"},{"name":"UsesCollectJS","signature":"UsesCollectJS"},{"name":"AddUses","signature":"AddUses"},{"name":"GetFormData","signature":"GetFormData(frmName As String) As Map"},{"name":"SetFormData","signature":"SetFormData(frmName As String, dataJSON As Map)"},{"name":"AddAsForm","signature":"AddAsForm(Module As Object, elID As String)"},{"name":"AddDynamicCode","signature":"AddDynamicCode(codeLink As String, codeJS As String)"},{"name":"RunDynamicCode","signature":"RunDynamicCode(codelink As String)"},{"name":"ClearDynamicEvents","signature":"ClearDynamicEvents"},{"name":"AddMyLayoutFile","signature":"AddMyLayoutFile(tempID As String, fileName As String)"},{"name":"AddMyLayout","signature":"AddMyLayout(tempID As String, tempHTML As String)"},{"name":"ClearMyLayout","signature":"ClearMyLayout(tempID As String)"},{"name":"LoadMyLayout","signature":"LoadMyLayout(targetID As String, tempID As String, content As Map) As Int"},{"name":"GetMyViews","signature":"GetMyViews(tempID As String, pos As Int, content As Map) As Object"},{"name":"GetMyViewsOnly","signature":"GetMyViewsOnly(tempID As String, pos As Int) As Object"},{"name":"SetMyTag","signature":"SetMyTag(be As BANanoElement, xtag As Object)"},{"name":"GetMyTag","signature":"GetMyTag(elID As String) As Object"},{"name":"GetMyPos","signature":"GetMyPos(elID As String) As String"},{"name":"ListToTree","signature":"ListToTree(tdata As List, idField As String, parentField As String, childname As String) As List"},{"name":"TreeToList","signature":"TreeToList(sourceList As List) As List"},{"name":"Confirm","signature":"Confirm(Module As Object, xProcess As String, Title As String, Message As String, YesLabel As String, NoLabel As String, sWidth As String)"},{"name":"HideModal","signature":"HideModal"},{"name":"Alert","signature":"Alert(Module As Object, xProcess As String, Title As String, Message As String, YesLabel As String, sWidth As String)"},{"name":"Clear","signature":"Clear"},{"name":"Append","signature":"Append(tmp As Object)"},{"name":"SetHTML","signature":"SetHTML(sHTML As String)"},{"name":"LinkExisting","signature":"LinkExisting"},{"name":"TriggerEvent","signature":"TriggerEvent(event As String, params() As String)"},{"name":"getAttributes","signature":"getAttributes As String"},{"name":"getStyles","signature":"getStyles As String"},{"name":"getClasses","signature":"getClasses As String"},{"name":"getPaddingAXYTBLR","signature":"getPaddingAXYTBLR As String"},{"name":"getMarginAXYTBLR","signature":"getMarginAXYTBLR As String"},{"name":"setAllInPgindex","signature":"setAllInPgindex(b As Boolean)"},{"name":"setBottomNavName","signature":"setBottomNavName(s As String)"},{"name":"setDrawerName","signature":"setDrawerName(s As String)"},{"name":"setFooterName","signature":"setFooterName(s As String)"},{"name":"setHasBottomNav","signature":"setHasBottomNav(b As Boolean)"},{"name":"setHasDrawer","signature":"setHasDrawer(b As Boolean)"},{"name":"setHasFooter","signature":"setHasFooter(b As Boolean)"},{"name":"setHasNavBar","signature":"setHasNavBar(b As Boolean)"},{"name":"setNavbarName","signature":"setNavbarName(s As String)"},{"name":"setProjectName","signature":"setProjectName(s As String)"},{"name":"setProjectTitle","signature":"setProjectTitle(s As String)"},{"name":"getAllInPgindex","signature":"getAllInPgindex As Boolean"},{"name":"getBottomNavName","signature":"getBottomNavName As String"},{"name":"getDrawerName","signature":"getDrawerName As String"},{"name":"getFooterName","signature":"getFooterName As String"},{"name":"getHasBottomNav","signature":"getHasBottomNav As Boolean"},{"name":"getHasDrawer","signature":"getHasDrawer As Boolean"},{"name":"getHasFooter","signature":"getHasFooter As Boolean"},{"name":"getHasNavBar","signature":"getHasNavBar As Boolean"},{"name":"getNavbarName","signature":"getNavbarName As String"},{"name":"getProjectName","signature":"getProjectName As String"},{"name":"getProjectTitle","signature":"getProjectTitle As String"},{"name":"setBeginYear","signature":"setBeginYear(i As Int)"},{"name":"setDateTimeFormat","signature":"setDateTimeFormat(s As String)"},{"name":"setEndYear","signature":"setEndYear(i As Int)"},{"name":"setGoogleMapKey","signature":"setGoogleMapKey(s As String)"},{"name":"setPageViewer","signature":"setPageViewer(s As String)"},{"name":"setSwalPosition","signature":"setSwalPosition(s As String)"},{"name":"setSwalTimer","signature":"setSwalTimer(i As Int)"},{"name":"setToastDuration","signature":"setToastDuration(i As Int)"},{"name":"setToastPosition","signature":"setToastPosition(s As String)"},{"name":"getBeginYear","signature":"getBeginYear As Int"},{"name":"getDateTimeFormat","signature":"getDateTimeFormat As String"},{"name":"getEndYear","signature":"getEndYear As Int"},{"name":"getFullScreen","signature":"getFullScreen As Boolean"},{"name":"getGoogleMapKey","signature":"getGoogleMapKey As String"},{"name":"getPageViewFullHeight","signature":"getPageViewFullHeight As Boolean"},{"name":"getPageViewFullWidth","signature":"getPageViewFullWidth As Boolean"},{"name":"getPageViewer","signature":"getPageViewer As String"},{"name":"getRTL","signature":"getRTL As Boolean"},{"name":"getSwalPosition","signature":"getSwalPosition As String"},{"name":"getSwalTimer","signature":"getSwalTimer As Int"},{"name":"getTheme","signature":"getTheme As String"},{"name":"getToastDuration","signature":"getToastDuration As Int"},{"name":"getToastPosition","signature":"getToastPosition As String"},{"name":"GetInnerHTML","signature":"GetInnerHTML(id As String) As String"},{"name":"GetTextFile","signature":"GetTextFile(fileName As String) As String"},{"name":"ResetValidation","signature":"ResetValidation"},{"name":"Validate","signature":"Validate(response As Boolean)"},{"name":"IsValid","signature":"IsValid As Boolean"}]}