{"properties":[{"Key":"TypeOf","DisplayName":"Type Of","FieldType":"String","DefaultValue":"default","Description":"Type Of","List":"default|error|info|success|warning"},{"Key":"Text","DisplayName":"Text","FieldType":"String","DefaultValue":"","Description":"Text","List":""},{"Key":"Position","DisplayName":"Position","FieldType":"String","DefaultValue":"bottom_left","Description":"Position","List":"bottom_center|bottom_left|bottom_right|top_center|top_left|top_right"},{"Key":"ActionText","DisplayName":"Action Text","FieldType":"String","DefaultValue":"OK","Description":"Action Text","List":""},{"Key":"Duration","DisplayName":"Duration","FieldType":"Int","DefaultValue":"5000","Description":"Duration","List":""},{"Key":"Interaction","DisplayName":"Interaction","FieldType":"Boolean","DefaultValue":"False","Description":"Interaction","List":""},{"Key":"InteractionTimeout","DisplayName":"Interaction Timeout","FieldType":"String","DefaultValue":"","Description":"Interaction Timeout","List":""},{"Key":"Modal","DisplayName":"Modal","FieldType":"Boolean","DefaultValue":"False","Description":"Modal","List":""}],"events":[{"name":"Action (e As BANanoEvent)"}],"methods":[{"name":"Class_Globals","signature":"Class_Globals"},{"name":"Initialize","signature":"Initialize (Callback As Object, Name As String, EventName As String)"},{"name":"LoadComponentJson","signature":"LoadComponentJson(designName As String)"},{"name":"AddToParent","signature":"AddToParent(targetID As String, props As Map)"},{"name":"DesignerCreateView","signature":"DesignerCreateView (Target As BANanoElement, Props As Map)"},{"name":"Show","signature":"Show"},{"name":"Hide","signature":"Hide"},{"name":"setActionText","signature":"setActionText(s As String)"},{"name":"setDuration","signature":"setDuration(i As Int)"},{"name":"setInteraction","signature":"setInteraction(b As Boolean)"},{"name":"setInteractionTimeout","signature":"setInteractionTimeout(s As String)"},{"name":"setModal","signature":"setModal(b As Boolean)"},{"name":"setPosition","signature":"setPosition(s As String)"},{"name":"setText","signature":"setText(s As String)"},{"name":"setTypeOf","signature":"setTypeOf(s As String)"},{"name":"getActionText","signature":"getActionText As String"},{"name":"getDuration","signature":"getDuration As Int"},{"name":"getInteraction","signature":"getInteraction As Boolean"},{"name":"getInteractionTimeout","signature":"getInteractionTimeout As String"},{"name":"getModal","signature":"getModal As Boolean"},{"name":"getPosition","signature":"getPosition As String"},{"name":"getText","signature":"getText As String"},{"name":"getTypeOf","signature":"getTypeOf As String"},{"name":"ShowInfo","signature":"ShowInfo(smessage As String)"},{"name":"ShowError","signature":"ShowError(smessage As String)"},{"name":"ShowSuccess","signature":"ShowSuccess(smessage As String)"},{"name":"ShowWarning","signature":"ShowWarning(smessage As String)"}]}