{"properties":[{"Key":"ParentID","DisplayName":"ParentID","FieldType":"String","DefaultValue":"","Description":"The ParentID of this div","List":""},{"Key":"Src","DisplayName":"Image URL","FieldType":"String","DefaultValue":"./assets/daisywoman1.jpg","Description":"The image source.","List":""},{"Key":"Shape","DisplayName":"Shape","FieldType":"String","DefaultValue":"none","Description":"Shape","List":"none|circle|rounded|squircle|heart|hexagon|hexagon-2|decagon|pentagon|diamond|square|parallelogram|parallelogram-2|parallelogram-3|parallelogram-4|star|star-2|triangle|triangle-2|triangle-3|triangle-4|half-1|half-2"},{"Key":"Alt","DisplayName":"Alt text","FieldType":"String","DefaultValue":"","Description":"Text shown if the image is not available.","List":""},{"Key":"ObjectResize","DisplayName":"Object Resize","FieldType":"String","DefaultValue":"cover","Description":"Object Resize","List":"contain|cover|fill|scale-down|none"},{"Key":"Width","DisplayName":"Width","FieldType":"String","DefaultValue":"12","Description":"Width of image","List":""},{"Key":"Height","DisplayName":"Height","FieldType":"String","DefaultValue":"12","Description":"Height of image","List":""},{"Key":"MaxWidth","DisplayName":"Max Width","FieldType":"String","DefaultValue":"","Description":"Max Width","List":""},{"Key":"MinWidth","DisplayName":"Min Width","FieldType":"String","DefaultValue":"","Description":"Min Width","List":""},{"Key":"MinHeight","DisplayName":"Min Height","FieldType":"String","DefaultValue":"","Description":"Min Height","List":""},{"Key":"MaxHeight","DisplayName":"Max Height","FieldType":"String","DefaultValue":"","Description":"Max Height","List":""},{"Key":"Rounded","DisplayName":"Rounded","FieldType":"String","DefaultValue":"","Description":"Rounded","List":""},{"Key":"LazyLoad","DisplayName":"Lazy Load","FieldType":"Boolean","DefaultValue":"False","Description":"Lazy Load","List":""},{"Key":"Shadow","DisplayName":"Shadow","FieldType":"Boolean","DefaultValue":"False","Description":"Shadow","List":""},{"Key":"Visible","DisplayName":"Visible","FieldType":"Boolean","DefaultValue":"True","Description":"If visible.","List":""},{"Key":"MarginAXYTBLR","DisplayName":"Margins","FieldType":"String","DefaultValue":"a=?; x=?; y=?; t=?; b=?; l=?; r=?","Description":"Margins A-X-Y-T-B-L-R","List":""},{"Key":"PaddingAXYTBLR","DisplayName":"Paddings","FieldType":"String","DefaultValue":"a=?; x=?; y=?; t=?; b=?; l=?; r=?","Description":"Paddings A-X-Y-T-B-L-R","List":""},{"Key":"RawClasses","DisplayName":"Classes","FieldType":"String","DefaultValue":"","Description":"Classes added to the HTML tag.","List":""},{"Key":"RawStyles","DisplayName":"Styles","FieldType":"String","DefaultValue":"","Description":"Styles added to the HTML tag. Must be a json String- use =","List":""},{"Key":"RawAttributes","DisplayName":"Attributes","FieldType":"String","DefaultValue":"","Description":"Attributes added to the HTML tag. Must be a json String- use =","List":""}],"events":[{"name":"Click (e As BANanoEvent)"}],"methods":[{"name":"LinkExisting","signature":"LinkExisting"},{"name":"Initialize","signature":"Initialize (CallBack As Object, pName As String, EventName As String)"},{"name":"setClasses","signature":"setClasses(s As String)"},{"name":"setLazyLoad","signature":"setLazyLoad(b As Boolean)"},{"name":"RemoveAttr","signature":"RemoveAttr(attr As String)"},{"name":"AddAttr","signature":"AddAttr(attr As String, text As Object)"},{"name":"setStyles","signature":"setStyles(s As String)"},{"name":"setAttributes","signature":"setAttributes(s As String)"},{"name":"setObjectResize","signature":"setObjectResize(s As String)"},{"name":"Circle","signature":"Circle"},{"name":"isRounded","signature":"isRounded"},{"name":"maxW","signature":"maxW(s As String)"},{"name":"maxH","signature":"maxH(s As String)"},{"name":"minW","signature":"minW(s As String)"},{"name":"minH","signature":"minH(s As String)"},{"name":"AddImage","signature":"AddImage(mCallback As Object, ParentID As String, ID As String, URL As String, Alt As String, width As String, height As String)"},{"name":"AssignElement","signature":"AssignElement(mCallBack As Object, ID As String)"},{"name":"ObjectContain","signature":"ObjectContain As SDUIImage"},{"name":"ObjectCover","signature":"ObjectCover As SDUIImage"},{"name":"ObjectFill","signature":"ObjectFill As SDUIImage"},{"name":"ObjectScaleDown","signature":"ObjectScaleDown As SDUIImage"},{"name":"Enable","signature":"Enable"},{"name":"Disable","signature":"Disable"},{"name":"Show","signature":"Show"},{"name":"Hide","signature":"Hide"},{"name":"setAlt","signature":"setAlt(s As String)"},{"name":"On","signature":"On(event As String, CallBack As Object, MethodName As String)"},{"name":"OnEvent\t\t\t'ignore","signature":"OnEvent(event As String, Module As Object, methodName As String, args As List)\t\t\t'ignore"},{"name":"getHere","signature":"getHere As String"},{"name":"getName","signature":"getName As String"},{"name":"setSrc","signature":"setSrc(URL As String)"},{"name":"getSrc","signature":"getSrc As String"},{"name":"setValue","signature":"setValue(URL As String)"},{"name":"getValue","signature":"getValue As String"},{"name":"setW","signature":"setW(s As String)"},{"name":"setH","signature":"setH(s As String)"},{"name":"SrcFromFile","signature":"SrcFromFile(fi As SDUIFileInput)"},{"name":"Rounded","signature":"Rounded(s As String) As SDUIImage"},{"name":"RoundedFull","signature":"RoundedFull As SDUIImage"},{"name":"hFull","signature":"hFull As SDUIImage"},{"name":"wFull","signature":"wFull As SDUIImage"},{"name":"shadow","signature":"shadow(s As String)"},{"name":"RoundedBox","signature":"RoundedBox"},{"name":"LoadComponentJson","signature":"LoadComponentJson(designName As String)"},{"name":"AddToParent","signature":"AddToParent(targetID As String, props As Map)"},{"name":"setShape","signature":"setShape(xShape As String)"},{"name":"AddToolTip","signature":"AddToolTip(tooltip As String, color As String, position As String, normalcase As Boolean)"},{"name":"CursorPointer","signature":"CursorPointer"},{"name":"HideOnSmall","signature":"HideOnSmall"},{"name":"HideOnMedium","signature":"HideOnMedium"},{"name":"HideOnLarge","signature":"HideOnLarge"},{"name":"setParentID","signature":"setParentID(s As String)"},{"name":"setWidth","signature":"setWidth(s As String)"},{"name":"setHeight","signature":"setHeight(s As String)"},{"name":"setMaxWidth","signature":"setMaxWidth(s As String)"},{"name":"setMinWidth","signature":"setMinWidth(s As String)"},{"name":"setMinHeight","signature":"setMinHeight(s As String)"},{"name":"setMaxHeight","signature":"setMaxHeight(s As String)"},{"name":"setVisible","signature":"setVisible(b As Boolean)"},{"name":"setMarginAXYTBLR","signature":"setMarginAXYTBLR(s As String)"},{"name":"setPaddingAXYTBLR","signature":"setPaddingAXYTBLR(s As String)"},{"name":"getParentID","signature":"getParentID As String"},{"name":"getShape","signature":"getShape As String"},{"name":"getAlt","signature":"getAlt As String"},{"name":"getObjectResize","signature":"getObjectResize As String"},{"name":"getWidth","signature":"getWidth As String"},{"name":"getHeight","signature":"getHeight As String"},{"name":"getMaxWidth","signature":"getMaxWidth As String"},{"name":"getMinWidth","signature":"getMinWidth As String"},{"name":"getMinHeight","signature":"getMinHeight As String"},{"name":"getMaxHeight","signature":"getMaxHeight As String"},{"name":"getLazyLoad","signature":"getLazyLoad As Boolean"},{"name":"getVisible","signature":"getVisible As Boolean"},{"name":"getMarginAXYTBLR","signature":"getMarginAXYTBLR As String"},{"name":"getPaddingAXYTBLR","signature":"getPaddingAXYTBLR As String"},{"name":"getClasses","signature":"getClasses As String"},{"name":"getStyles","signature":"getStyles As String"},{"name":"getAttributes","signature":"getAttributes As String"},{"name":"AddClass","signature":"AddClass(text As String)"},{"name":"RemoveStyle","signature":"RemoveStyle(s As String)"},{"name":"ToggleClass","signature":"ToggleClass(s As String)"}]}