{"properties":[{"Key":"ParentID","DisplayName":"ParentID","FieldType":"String","DefaultValue":"","Description":"The ParentID of this div","List":""},{"Key":"Title","DisplayName":"Title","FieldType":"String","DefaultValue":"NavBar","Description":"Title","List":""},{"Key":"TitleSize","DisplayName":"Title Size","FieldType":"String","DefaultValue":"2xl","Description":"Title Size","List":""},{"Key":"TitleVisible","DisplayName":"Title Visible","FieldType":"Boolean","DefaultValue":"True","Description":"Title Visible","List":""},{"Key":"HasHamburger","DisplayName":"Has Hamburger","FieldType":"Boolean","DefaultValue":"True","Description":"Has Hamburger Button","List":""},{"Key":"HasHamburgerOnSmallOnly","DisplayName":"Hamburger On Small Only","FieldType":"Boolean","DefaultValue":"True","Description":"Show hamburger on small devices only","List":""},{"Key":"HasHamburgerToggles","DisplayName":"Hamburger Drawer","FieldType":"String","DefaultValue":"appdrawer","Description":"The name of the component the hamburger toggles","List":""},{"Key":"HasLogo","DisplayName":"Has Logo","FieldType":"Boolean","DefaultValue":"True","Description":"Has Logo","List":""},{"Key":"Glass","DisplayName":"Glass","FieldType":"Boolean","DefaultValue":"False","Description":"Glass","List":""},{"Key":"LogoLazy","DisplayName":"Logo Lazy Load","FieldType":"Boolean","DefaultValue":"False","Description":"Logo Lazy","List":""},{"Key":"LogoURL","DisplayName":"Logo URL","FieldType":"String","DefaultValue":"./assets/daisywoman3.png","Description":"Logo URL","List":""},{"Key":"LogoIsAvatar","DisplayName":"Avatar Logo","FieldType":"Boolean","DefaultValue":"True","Description":"Logo is Avatar","List":""},{"Key":"AvatarSize","DisplayName":"Avatar Size","FieldType":"String","DefaultValue":"12","Description":"Avatar Size","List":""},{"Key":"LogoShape","DisplayName":"Logo Shape","FieldType":"String","DefaultValue":"rounded","Description":"Shape","List":"none|circle|rounded|squircle|heart|hexagon|hexagon-2|decagon|pentagon|diamond|square|parallelogram|parallelogram-2|parallelogram-3|parallelogram-4|star|star-2|triangle|triangle-2|triangle-3|triangle-4|half-1|half-2"},{"Key":"LogoWidth","DisplayName":"Logo Width","FieldType":"String","DefaultValue":"75px","Description":"Logo Width","List":""},{"Key":"LogoHeight","DisplayName":"Logo Height","FieldType":"String","DefaultValue":"46px","Description":"Logo Height","List":""},{"Key":"HasSpacer","DisplayName":"Has Spacer","FieldType":"Boolean","DefaultValue":"True","Description":"Has A Spacer","List":""},{"Key":"HasMenuButton","DisplayName":"Has Menu Button","FieldType":"Boolean","DefaultValue":"True","Description":"Has a Menu Button","List":""},{"Key":"Fixed","DisplayName":"Fixed","FieldType":"Boolean","DefaultValue":"False","Description":"Is Fixed","List":""},{"Key":"BgColor","DisplayName":"Bg Color","FieldType":"String","DefaultValue":"base","Description":"Background Color","List":""},{"Key":"BgColorIntensity","DisplayName":"Bg Color Intensity","FieldType":"String","DefaultValue":"100","Description":"Background Color Intensity","List":""},{"Key":"BgOpacity","DisplayName":"Background Opacity","FieldType":"String","DefaultValue":"","Description":"Background Opacity","List":""},{"Key":"BackdropBlur","DisplayName":"Backdrop Blur","FieldType":"Boolean","DefaultValue":"False","Description":"Backdrop Blur","List":""},{"Key":"TextColor","DisplayName":"Text Color","FieldType":"String","DefaultValue":"","Description":"Text Color","List":""},{"Key":"TextColorIntensity","DisplayName":"Text Color Intensity","FieldType":"String","DefaultValue":"","Description":"Text Color Intensity","List":""},{"Key":"Shadow","DisplayName":"Shadow","FieldType":"Boolean","DefaultValue":"True","Description":"Shadow","List":""},{"Key":"RoundedBox","DisplayName":"Rounded Box","FieldType":"Boolean","DefaultValue":"False","Description":"Rounded Box","List":""},{"Key":"Visible","DisplayName":"Visible","FieldType":"Boolean","DefaultValue":"True","Description":"If visible.","List":""},{"Key":"MarginAXYTBLR","DisplayName":"Margins","FieldType":"String","DefaultValue":"a=?; x=?; y=?; t=?; b=?; l=?; r=?","Description":"Margins A-X-Y-T-B-L-R","List":""},{"Key":"PaddingAXYTBLR","DisplayName":"Paddings","FieldType":"String","DefaultValue":"a=?; x=?; y=?; t=?; b=?; l=?; r=?","Description":"Paddings A-X-Y-T-B-L-R","List":""},{"Key":"RawClasses","DisplayName":"Classes","FieldType":"String","DefaultValue":"","Description":"Classes added to the HTML tag.","List":""},{"Key":"RawStyles","DisplayName":"Styles","FieldType":"String","DefaultValue":"","Description":"Styles added to the HTML tag. Must be a json String- use =","List":""},{"Key":"RawAttributes","DisplayName":"Attributes","FieldType":"String","DefaultValue":"","Description":"Attributes added to the HTML tag. Must be a json String- use =","List":""}],"events":[{"name":"Hamburger_Click (e As BANanoEvent)"},{"name":"Menu_Click (e As BANanoEvent)"},{"name":"Title_Click (e As BANanoEvent)"}],"methods":[{"name":"AddNavBar","signature":"AddNavBar(mCallback As Object, ParentID As String, ID As String)"},{"name":"AddLeftPart","signature":"AddLeftPart"},{"name":"AddCenterPart","signature":"AddCenterPart"},{"name":"AddRightPart","signature":"AddRightPart"},{"name":"setTitleSize","signature":"setTitleSize(s As String)"},{"name":"setTitleVisible","signature":"setTitleVisible(b As Boolean)"},{"name":"getTitleSize","signature":"getTitleSize As String"},{"name":"getTitleVisible","signature":"getTitleVisible As Boolean"},{"name":"AddClass","signature":"AddClass(xText As String)"},{"name":"RemoveStyle","signature":"RemoveStyle(s As String)"},{"name":"ToggleClass","signature":"ToggleClass(s As String)"},{"name":"setGlass","signature":"setGlass(b As Boolean)"},{"name":"RemoveClass","signature":"RemoveClass(xText As String)"},{"name":"setBGOpacity","signature":"setBGOpacity(s As String)"},{"name":"setBackdropBlur","signature":"setBackdropBlur(b As Boolean)"},{"name":"Initialize","signature":"Initialize (CallBack As Object, cName As String, EventName As String)"},{"name":"shadow","signature":"shadow(s As String)"},{"name":"RoundedBox","signature":"RoundedBox"},{"name":"TextColorIntensity","signature":"TextColorIntensity(hcolor As String, intensity As String)"},{"name":"BGColorIntensity","signature":"BGColorIntensity(c As String, s As String)"},{"name":"AssignElement","signature":"AssignElement(mCallBack As Object, ID As String)"},{"name":"On","signature":"On(event As String, CallBack As Object, MethodName As String)"},{"name":"Enable","signature":"Enable"},{"name":"setFixed","signature":"setFixed(b As Boolean)"},{"name":"Disable","signature":"Disable"},{"name":"Show","signature":"Show"},{"name":"Hide","signature":"Hide"},{"name":"getName","signature":"getName As String"},{"name":"getHere","signature":"getHere As String"},{"name":"getStart","signature":"getStart As String"},{"name":"getCenter","signature":"getCenter As String"},{"name":"getEnd","signature":"getEnd As String"},{"name":"getTitleID","signature":"getTitleID As String"},{"name":"getTitleParentID","signature":"getTitleParentID As String"},{"name":"AddTitle","signature":"AddTitle(label As String)"},{"name":"setTitleCaption","signature":"setTitleCaption(s As String)"},{"name":"setLogoSrc","signature":"setLogoSrc(s As String)"},{"name":"AddHamburgerButton","signature":"AddHamburgerButton(toggle As String)"},{"name":"setHamburgerButtonVisible","signature":"setHamburgerButtonVisible(b As Boolean)"},{"name":"getHamburgerButtonID","signature":"getHamburgerButtonID As String"},{"name":"getHamburgerButtonParentID","signature":"getHamburgerButtonParentID As String"},{"name":"AddLogoAvatar","signature":"AddLogoAvatar(url As String, lsize As String)"},{"name":"AddLogoImage","signature":"AddLogoImage(url As String, lWidth As String, lHeight As String)"},{"name":"setLogoVisible","signature":"setLogoVisible(b As Boolean)"},{"name":"getLogoID","signature":"getLogoID As String"},{"name":"getLogoParentID","signature":"getLogoParentID As String"},{"name":"AddFlexNoneDiv","signature":"AddFlexNoneDiv(num As Int) As SDUIDiv"},{"name":"AddMenuButton","signature":"AddMenuButton"},{"name":"setMenuButton","signature":"setMenuButton(b As Boolean)"},{"name":"getMenuButtonID","signature":"getMenuButtonID As String"},{"name":"getMenuButtonParentID","signature":"getMenuButtonParentID As String"},{"name":"setBGColor","signature":"setBGColor(s As String)"},{"name":"setTextColor","signature":"setTextColor(s As String)"},{"name":"AddSpacer","signature":"AddSpacer(id As String) As SDUIDiv"},{"name":"AddToParent","signature":"AddToParent(targetID As String, props As Map)"},{"name":"HideOnSmall","signature":"HideOnSmall"},{"name":"HideOnMedium","signature":"HideOnMedium"},{"name":"HideOnLarge","signature":"HideOnLarge"},{"name":"LinkExisting","signature":"LinkExisting"},{"name":"setParentID","signature":"setParentID(s As String)"},{"name":"setTitle","signature":"setTitle(s As String)"},{"name":"setHasHamburger","signature":"setHasHamburger(b As Boolean)"},{"name":"setHasHamburgerOnSmallOnly","signature":"setHasHamburgerOnSmallOnly(b As Boolean)"},{"name":"setHasHamburgerToggles","signature":"setHasHamburgerToggles(s As String)"},{"name":"setHasLogo","signature":"setHasLogo(b As Boolean)"},{"name":"setLogoLazy","signature":"setLogoLazy(b As Boolean)"},{"name":"setLogoURL","signature":"setLogoURL(s As String)"},{"name":"setLogoIsAvatar","signature":"setLogoIsAvatar(b As Boolean)"},{"name":"setAvatarSize","signature":"setAvatarSize(s As String)"},{"name":"setLogoShape","signature":"setLogoShape(s As String)"},{"name":"setLogoWidth","signature":"setLogoWidth(s As String)"},{"name":"setLogoHeight","signature":"setLogoHeight(s As String)"},{"name":"setHasSpacer","signature":"setHasSpacer(b As Boolean)"},{"name":"setHasMenuButton","signature":"setHasMenuButton(b As Boolean)"},{"name":"setVisible","signature":"setVisible(b As Boolean)"},{"name":"setMarginAXYTBLR","signature":"setMarginAXYTBLR(s As String)"},{"name":"setPaddingAXYTBLR","signature":"setPaddingAXYTBLR(s As String)"},{"name":"setClasses","signature":"setClasses(s As String)"},{"name":"setStyles","signature":"setStyles(s As String)"},{"name":"setAttributes","signature":"setAttributes(s As String)"},{"name":"getParentID","signature":"getParentID As String"},{"name":"getTitle","signature":"getTitle As String"},{"name":"getHasHamburger","signature":"getHasHamburger As Boolean"},{"name":"getHasHamburgerOnSmallOnly","signature":"getHasHamburgerOnSmallOnly As Boolean"},{"name":"getHasHamburgerToggles","signature":"getHasHamburgerToggles As String"},{"name":"getHasLogo","signature":"getHasLogo As Boolean"},{"name":"getGlass","signature":"getGlass As Boolean"},{"name":"getLogoLazy","signature":"getLogoLazy As Boolean"},{"name":"getLogoURL","signature":"getLogoURL As String"},{"name":"getLogoIsAvatar","signature":"getLogoIsAvatar As Boolean"},{"name":"getAvatarSize","signature":"getAvatarSize As String"},{"name":"getLogoShape","signature":"getLogoShape As String"},{"name":"getLogoWidth","signature":"getLogoWidth As String"},{"name":"getLogoHeight","signature":"getLogoHeight As String"},{"name":"getHasSpacer","signature":"getHasSpacer As Boolean"},{"name":"getHasMenuButton","signature":"getHasMenuButton As Boolean"},{"name":"getBgColor","signature":"getBgColor As String"},{"name":"getBgOpacity","signature":"getBgOpacity As String"},{"name":"getBackdropBlur","signature":"getBackdropBlur As Boolean"},{"name":"getFixed","signature":"getFixed As Boolean"},{"name":"getTextColor","signature":"getTextColor As String"},{"name":"getVisible","signature":"getVisible As Boolean"},{"name":"getMarginAXYTBLR","signature":"getMarginAXYTBLR As String"},{"name":"getPaddingAXYTBLR","signature":"getPaddingAXYTBLR As String"},{"name":"getClasses","signature":"getClasses As String"},{"name":"getStyles","signature":"getStyles As String"},{"name":"getAttributes","signature":"getAttributes As String"}]}