{"properties":[{"Key":"ParentID","DisplayName":"ParentID","FieldType":"String","DefaultValue":"","Description":"The ParentID of this div","List":""},{"Key":"InputType","DisplayName":"Type","FieldType":"String","DefaultValue":"default","Description":"","List":"default|card"},{"Key":"BadgeColor","DisplayName":"Color","FieldType":"String","DefaultValue":"","Description":"Color","List":""},{"Key":"BadgeValue","DisplayName":"Caption","FieldType":"String","DefaultValue":"","Description":"Caption","List":""},{"Key":"BadgeSize","DisplayName":"Size","FieldType":"String","DefaultValue":"none","Description":"Size","List":"lg|md|sm|xs|none"},{"Key":"ButtonColor","DisplayName":"Button Color","FieldType":"String","DefaultValue":"neutral","Description":"Button Color","List":""},{"Key":"ButtonCaption","DisplayName":"Button Caption","FieldType":"String","DefaultValue":"Apply","Description":"Button Caption","List":""},{"Key":"PositionStart","DisplayName":"Start","FieldType":"Boolean","DefaultValue":"False","Description":"Start","List":""},{"Key":"PositionEnd","DisplayName":"End","FieldType":"Boolean","DefaultValue":"False","Description":"End","List":""},{"Key":"PositionTop","DisplayName":"Top","FieldType":"Boolean","DefaultValue":"False","Description":"Top","List":""},{"Key":"PositionBottom","DisplayName":"Bottom","FieldType":"Boolean","DefaultValue":"False","Description":"Bottom","List":""},{"Key":"PositionCenter","DisplayName":"Center","FieldType":"Boolean","DefaultValue":"False","Description":"Center","List":""},{"Key":"PositionMiddle","DisplayName":"Middle","FieldType":"Boolean","DefaultValue":"False","Description":"Middle","List":""},{"Key":"Visible","DisplayName":"Visible","FieldType":"Boolean","DefaultValue":"True","Description":"If visible.","List":""},{"Key":"MarginAXYTBLR","DisplayName":"Margins","FieldType":"String","DefaultValue":"a=?; x=?; y=?; t=?; b=?; l=?; r=?","Description":"Margins A-X-Y-T-B-L-R","List":""},{"Key":"PaddingAXYTBLR","DisplayName":"Paddings","FieldType":"String","DefaultValue":"a=?; x=?; y=?; t=?; b=?; l=?; r=?","Description":"Paddings A-X-Y-T-B-L-R","List":""},{"Key":"RawClasses","DisplayName":"Classes","FieldType":"String","DefaultValue":"","Description":"Classes added to the HTML tag.","List":""},{"Key":"RawStyles","DisplayName":"Styles","FieldType":"String","DefaultValue":"","Description":"Styles added to the HTML tag. Must be a json String- use =","List":""},{"Key":"RawAttributes","DisplayName":"Attributes","FieldType":"String","DefaultValue":"","Description":"Attributes added to the HTML tag. Must be a json String- use =","List":""}],"events":[{"name":"Click (e As BANanoEvent)"}],"methods":[{"name":"Initialize","signature":"Initialize (CallBack As Object, cName As String, EventName As String)"},{"name":"AddIndicator","signature":"AddIndicator(mCallback As Object, ParentID As String, ID As String)"},{"name":"AddIndicatorCard","signature":"AddIndicatorCard(mCallback As Object, ParentID As String, ID As String, xButtonColor As String, xButtonCaption As String)"},{"name":"AddDiv","signature":"AddDiv(id As String, w As String, h As String) As SDUIDiv"},{"name":"On","signature":"On(event As String, CallBack As Object, MethodName As String)"},{"name":"AssignElement","signature":"AssignElement(mCallback As Object, ID As String)"},{"name":"setCaption","signature":"setCaption(value As String)"},{"name":"setColor","signature":"setColor(value As String)"},{"name":"setOutline","signature":"setOutline(b As Boolean)"},{"name":"setVisible","signature":"setVisible(b As Boolean)"},{"name":"getHere","signature":"getHere As String"},{"name":"getName","signature":"getName As String"},{"name":"Show","signature":"Show"},{"name":"Hide","signature":"Hide"},{"name":"Enable","signature":"Enable"},{"name":"Disable","signature":"Disable"},{"name":"AtStart","signature":"AtStart"},{"name":"AtCenter","signature":"AtCenter"},{"name":"AtEnd","signature":"AtEnd"},{"name":"AtTop","signature":"AtTop"},{"name":"AtMiddle","signature":"AtMiddle"},{"name":"AtBottom","signature":"AtBottom"},{"name":"StartResponsive","signature":"StartResponsive(xs As Boolean, sm As Boolean, md As Boolean, lg As Boolean)"},{"name":"CenterResponsive","signature":"CenterResponsive(xs As Boolean, sm As Boolean, md As Boolean, lg As Boolean)"},{"name":"EndResponsive","signature":"EndResponsive(xs As Boolean, sm As Boolean, md As Boolean, lg As Boolean)"},{"name":"TopResponsive","signature":"TopResponsive(xs As Boolean, sm As Boolean, md As Boolean, lg As Boolean)"},{"name":"MiddleResponsive","signature":"MiddleResponsive(xs As Boolean, sm As Boolean, md As Boolean, lg As Boolean)"},{"name":"BottomResponsive","signature":"BottomResponsive(xs As Boolean, sm As Boolean, md As Boolean, lg As Boolean)"},{"name":"setSize","signature":"setSize(s As String)"},{"name":"SizeLG","signature":"SizeLG"},{"name":"SizeSM","signature":"SizeSM"},{"name":"SizeMD","signature":"SizeMD"},{"name":"SizeXS","signature":"SizeXS"},{"name":"AddToParent","signature":"AddToParent(targetID As String, props As Map)"},{"name":"HideOnSmall","signature":"HideOnSmall"},{"name":"HideOnMedium","signature":"HideOnMedium"},{"name":"HideOnLarge","signature":"HideOnLarge"},{"name":"LinkExisting","signature":"LinkExisting"},{"name":"LinkExisting1","signature":"LinkExisting1(s As String)"},{"name":"setParentID","signature":"setParentID(s As String)"},{"name":"setInputType","signature":"setInputType(s As String)"},{"name":"setBadgeColor","signature":"setBadgeColor(s As String)"},{"name":"setBadgeValue","signature":"setBadgeValue(s As String)"},{"name":"setBadgeSize","signature":"setBadgeSize(s As String)"},{"name":"setButtonColor","signature":"setButtonColor(s As String)"},{"name":"setButtonCaption","signature":"setButtonCaption(s As String)"},{"name":"setPositionStart","signature":"setPositionStart(b As Boolean)"},{"name":"setPositionEnd","signature":"setPositionEnd(b As Boolean)"},{"name":"setPositionTop","signature":"setPositionTop(b As Boolean)"},{"name":"setPositionBottom","signature":"setPositionBottom(b As Boolean)"},{"name":"setPositionCenter","signature":"setPositionCenter(b As Boolean)"},{"name":"setPositionMiddle","signature":"setPositionMiddle(b As Boolean)"},{"name":"setMarginAXYTBLR","signature":"setMarginAXYTBLR(s As String)"},{"name":"setPaddingAXYTBLR","signature":"setPaddingAXYTBLR(s As String)"},{"name":"setClasses","signature":"setClasses(s As String)"},{"name":"setStyles","signature":"setStyles(s As String)"},{"name":"setAttributes","signature":"setAttributes(s As String)"},{"name":"getParentID","signature":"getParentID As String"},{"name":"getInputType","signature":"getInputType As String"},{"name":"getBadgeColor","signature":"getBadgeColor As String"},{"name":"getBadgeValue","signature":"getBadgeValue As String"},{"name":"getBadgeSize","signature":"getBadgeSize As String"},{"name":"getButtonColor","signature":"getButtonColor As String"},{"name":"getButtonCaption","signature":"getButtonCaption As String"},{"name":"getPositionStart","signature":"getPositionStart As Boolean"},{"name":"getPositionEnd","signature":"getPositionEnd As Boolean"},{"name":"getPositionTop","signature":"getPositionTop As Boolean"},{"name":"getPositionBottom","signature":"getPositionBottom As Boolean"},{"name":"getPositionCenter","signature":"getPositionCenter As Boolean"},{"name":"getPositionMiddle","signature":"getPositionMiddle As Boolean"},{"name":"getVisible","signature":"getVisible As Boolean"},{"name":"getMarginAXYTBLR","signature":"getMarginAXYTBLR As String"},{"name":"getPaddingAXYTBLR","signature":"getPaddingAXYTBLR As String"},{"name":"getClasses","signature":"getClasses As String"},{"name":"getStyles","signature":"getStyles As String"},{"name":"getAttributes","signature":"getAttributes As String"}]}