{"properties":[{"Key":"ParentID","DisplayName":"ParentID","FieldType":"String","DefaultValue":"","Description":"The ParentID of this div","List":""},{"Key":"TableType","DisplayName":"Table Type","FieldType":"String","DefaultValue":"card","Description":"Table Type","List":"card|default|property|listview"},{"Key":"Title","DisplayName":"Title","FieldType":"String","DefaultValue":"","Description":"Title","List":""},{"Key":"TitleVisible","DisplayName":"Title Visible","FieldType":"Boolean","DefaultValue":"True","Description":"Title Visible","List":""},{"Key":"ExcelTitle","DisplayName":"Export Title","FieldType":"String","DefaultValue":"Table","Description":"Title for Excel Reports","List":""},{"Key":"PageSize","DisplayName":"PDF Page Size","FieldType":"String","DefaultValue":"a4","Description":"Page Size for pdf printing","List":"a0|a1|a10|a10|a2|a3|a4|a5|a6|a7|a8|a9|b0|b1|b10|b10|b2|b3|b4|b5|b6|b7|b8|b9|c0|c1|c10|c10|c2|c3|c4|c5|c6|c7|c8|c9|credit-card|dl|government-letter|junior-legal|ledger|legal|letter|tabloid"},{"Key":"FontSize","DisplayName":"PDF Font Size","FieldType":"String","DefaultValue":"11","Description":"Font Size for pdf printing","List":""},{"Key":"Unit","DisplayName":"PDF Unit","FieldType":"String","DefaultValue":"pt","Description":"Unit for pdf reporting","List":"cm|in|m|mm|pt|px"},{"Key":"Orientation","DisplayName":"PDF Orientation","FieldType":"String","DefaultValue":"landscape","Description":"Orientation for pdf reporting","List":"landscape|potrait"},{"Key":"PageBreakRepeat","DisplayName":"PDF PageBreakRepeat","FieldType":"String","DefaultValue":"","Description":"Field For Page Break Repeat","List":""},{"Key":"PdfTheme","DisplayName":"PDF Theme","FieldType":"String","DefaultValue":"striped","Description":"Pdf theme","List":"css|grid|none|plain|striped"},{"Key":"Pagination","DisplayName":"Pagination","FieldType":"Boolean","DefaultValue":"True","Description":"Pagination","List":""},{"Key":"ItemsPerPage","DisplayName":"Items Per Page","FieldType":"String","DefaultValue":"5","Description":"Items Per Page","List":""},{"Key":"PropertyPadding","DisplayName":"Property Padding","FieldType":"String","DefaultValue":"py-2","Description":"Property Padding","List":""},{"Key":"IsCompact","DisplayName":"Is Compact","FieldType":"Boolean","DefaultValue":"False","Description":"Is Compact","List":""},{"Key":"NormalCase","DisplayName":"Normal Case Titles","FieldType":"Boolean","DefaultValue":"False","Description":"Columns Titles Is Normal Case","List":""},{"Key":"LowerCase","DisplayName":"Lower Case Keys","FieldType":"Boolean","DefaultValue":"False","Description":"Lower Case Keys","List":""},{"Key":"IsNormal","DisplayName":"Is Normal","FieldType":"Boolean","DefaultValue":"False","Description":"Is Normal","List":""},{"Key":"IsZebra","DisplayName":"Is Zebra","FieldType":"Boolean","DefaultValue":"False","Description":"Is Zebra","List":""},{"Key":"BadgesOutlined","DisplayName":"Badges Outlined","FieldType":"Boolean","DefaultValue":"False","Description":"Badges Outlined","List":""},{"Key":"BadgesSize","DisplayName":"Badges Size","FieldType":"String","DefaultValue":"md","Description":"Badges Size","List":"lg|md|sm|xs|none"},{"Key":"ButtonSize","DisplayName":"Button Size","FieldType":"String","DefaultValue":"md","Description":"Button Size","List":"lg|md|sm|xs|none"},{"Key":"ComponentSize","DisplayName":"Component Size","FieldType":"String","DefaultValue":"sm","Description":"Button Size","List":"lg|md|sm|xs|none"},{"Key":"ButtonsOutlined","DisplayName":"Buttons Outlined","FieldType":"Boolean","DefaultValue":"False","Description":"Buttons Outlined","List":""},{"Key":"TooltipColor","DisplayName":"Tooltip Color","FieldType":"String","DefaultValue":"primary","Description":"Tooltip Color","List":""},{"Key":"Hover","DisplayName":"Hover","FieldType":"Boolean","DefaultValue":"False","Description":"Hover","List":""},{"Key":"SelectAll","DisplayName":"Select All","FieldType":"Boolean","DefaultValue":"False","Description":"Select All","List":""},{"Key":"HasSearch","DisplayName":"Has Search","FieldType":"Boolean","DefaultValue":"False","Description":"Has Search","List":""},{"Key":"SearchSize","DisplayName":"Search Size","FieldType":"String","DefaultValue":"md","Description":"Search Size","List":"lg|md|sm|xs|none"},{"Key":"HasAddnew","DisplayName":"Has AddNew","FieldType":"Boolean","DefaultValue":"True","Description":"Has Addnew","List":""},{"Key":"AddNewTooltip","DisplayName":"AddNew Tooltip","FieldType":"String","DefaultValue":"","Description":"Add New Tooltip","List":""},{"Key":"HasSaveSingle","DisplayName":"Has Save Single","FieldType":"Boolean","DefaultValue":"False","Description":"Has Save on ToolBar","List":""},{"Key":"SaveSingleTooltip","DisplayName":"Save Single Tooltip","FieldType":"String","DefaultValue":"","Description":"Save Single Tooltip","List":""},{"Key":"HasDeleteSingle","DisplayName":"Has Delete Single","FieldType":"Boolean","DefaultValue":"False","Description":"Has Delete on ToolBar","List":""},{"Key":"DeleteSingleTooltip","DisplayName":"Delete Single Tooltip","FieldType":"String","DefaultValue":"","Description":"Delete Single Tooltip","List":""},{"Key":"HasRefresh","DisplayName":"Has Refresh","FieldType":"Boolean","DefaultValue":"True","Description":"Has Refresh","List":""},{"Key":"RefreshTooltip","DisplayName":"Refresh Tooltip","FieldType":"String","DefaultValue":"","Description":"Refresh Tooltip","List":""},{"Key":"HasDeleteAll","DisplayName":"Has Delete All","FieldType":"Boolean","DefaultValue":"False","Description":"Has Delete All","List":""},{"Key":"DeleteAllTooltip","DisplayName":"Delete All Tooltip","FieldType":"String","DefaultValue":"","Description":"Delete All Tooltip","List":""},{"Key":"HasToolbarUpload","DisplayName":"Has Toolbar Upload","FieldType":"Boolean","DefaultValue":"False","Description":"Has Toolbar Upload","List":""},{"Key":"UploadToolbarTooltip","DisplayName":"Upload Toolbar Tooltip","FieldType":"String","DefaultValue":"","Description":"Upload Toolbar Tooltip","List":""},{"Key":"MultipleFiles","DisplayName":"Allow Multiple Files","FieldType":"Boolean","DefaultValue":"False","Description":"Allow Multiple Files to be Uploaded","List":""},{"Key":"HasExportMenu","DisplayName":"Has Export Menu","FieldType":"Boolean","DefaultValue":"False","Description":"Has Export Menu","List":""},{"Key":"ExportToCsv","DisplayName":"Export To Csv","FieldType":"Boolean","DefaultValue":"False","Description":"Has Export To Csv","List":""},{"Key":"ExportToCsvTooltip","DisplayName":"Export To Csv Tooltip","FieldType":"String","DefaultValue":"","Description":"Export To Csv Tooltip","List":""},{"Key":"ExportToPdf","DisplayName":"Export To Pdf","FieldType":"Boolean","DefaultValue":"False","Description":"Has Export To Pdf","List":""},{"Key":"ExportToPdfTooltip","DisplayName":"Export To Pdf Tooltip","FieldType":"String","DefaultValue":"","Description":"Export To Pdf Tooltip","List":""},{"Key":"ExportToXls","DisplayName":"Export To Xls","FieldType":"Boolean","DefaultValue":"False","Description":"Has Export To Xls","List":""},{"Key":"ExportToXlsTooltip","DisplayName":"Export To Xls Tooltip","FieldType":"String","DefaultValue":"","Description":"Export To Xls Tooltip","List":""},{"Key":"HasBack","DisplayName":"Has Back","FieldType":"Boolean","DefaultValue":"True","Description":"Has Back","List":""},{"Key":"BackTooltip","DisplayName":"Back Tooltip","FieldType":"String","DefaultValue":"","Description":"Back Tooltip","List":""},{"Key":"HasGrid","DisplayName":"Has Grid","FieldType":"Boolean","DefaultValue":"False","Description":"Has Grid","List":""},{"Key":"GridTooltip","DisplayName":"Grid Tooltip","FieldType":"String","DefaultValue":"","Description":"Grid Tooltip","List":""},{"Key":"HasEdit","DisplayName":"Has Edit","FieldType":"Boolean","DefaultValue":"False","Description":"Has Edit","List":""},{"Key":"EditTooltip","DisplayName":"Edit Tooltip","FieldType":"String","DefaultValue":"","Description":"Edit Tooltip","List":""},{"Key":"HasClone","DisplayName":"Has Clone","FieldType":"Boolean","DefaultValue":"False","Description":"Has Clone","List":""},{"Key":"CloneTooltip","DisplayName":"Clone Tooltip","FieldType":"String","DefaultValue":"","Description":"Clone Tooltip","List":""},{"Key":"HasDelete","DisplayName":"Has Delete","FieldType":"Boolean","DefaultValue":"False","Description":"Has Delete","List":""},{"Key":"DeleteTooltip","DisplayName":"Delete Tooltip","FieldType":"String","DefaultValue":"","Description":"Delete Tooltip","List":""},{"Key":"HasUpload","DisplayName":"Has Upload","FieldType":"Boolean","DefaultValue":"False","Description":"Has Upload","List":""},{"Key":"UploadTooltip","DisplayName":"Upload Tooltip","FieldType":"String","DefaultValue":"","Description":"Upload Tooltip","List":""},{"Key":"HasDownload","DisplayName":"Has Download","FieldType":"Boolean","DefaultValue":"False","Description":"Has Download","List":""},{"Key":"DownloadTooltip","DisplayName":"Download Tooltip","FieldType":"String","DefaultValue":"","Description":"Download Tooltip","List":""},{"Key":"HasMenu","DisplayName":"Has Menu","FieldType":"Boolean","DefaultValue":"False","Description":"Has Menu","List":""},{"Key":"MenuTooltip","DisplayName":"Menu Tooltip","FieldType":"String","DefaultValue":"","Description":"Menu Tooltip","List":""},{"Key":"Visible","DisplayName":"Visible","FieldType":"Boolean","DefaultValue":"True","Description":"If visible.","List":""},{"Key":"MarginAXYTBLR","DisplayName":"Margins","FieldType":"String","DefaultValue":"a=?; x=?; y=?; t=?; b=?; l=?; r=?","Description":"Margins A-X-Y-T-B-L-R","List":""},{"Key":"PaddingAXYTBLR","DisplayName":"Paddings","FieldType":"String","DefaultValue":"a=?; x=?; y=?; t=?; b=?; l=?; r=?","Description":"Paddings A-X-Y-T-B-L-R","List":""},{"Key":"RawClasses","DisplayName":"Classes","FieldType":"String","DefaultValue":"","Description":"Classes added to the HTML tag.","List":""},{"Key":"RawStyles","DisplayName":"Styles","FieldType":"String","DefaultValue":"","Description":"Styles added to the HTML tag. Must be a json String- use =","List":""},{"Key":"RawAttributes","DisplayName":"Attributes","FieldType":"String","DefaultValue":"","Description":"Attributes added to the HTML tag. Must be a json String- use =","List":""}],"events":[{"name":"AlphaClick (item As String)"},{"name":"RowClick (Row As Int, item As Map)"},{"name":"HeaderClick (HeaderName As String, Status As Boolean)"},{"name":"ExportToCsv (e As BANanoEvent)"},{"name":"ExportToPdf (e As BANanoEvent)"},{"name":"ExportToXls (e As BANanoEvent)"},{"name":"FileChange (e As BANanoEvent)"},{"name":"Custom_FileChange (e As BANanoEvent)"},{"name":"UploadToolbar (e As BANanoEvent)"},{"name":"CustomColumn (item As Map)"},{"name":"CustomColumnRow (Row As Int, item As Map)"},{"name":"CustomButton (e As BANanoEvent)"},{"name":"SelectAll (Checked As Boolean)"},{"name":"Edit (item As Map)"},{"name":"EditRow (Row As Int, item As Map)"},{"name":"Clone (item As Map)"},{"name":"CloneRow (Row As Int, item As Map)"},{"name":"Menu (item As Map)"},{"name":"MenuRow (Row As Int, item As Map)"},{"name":"Download (item As Map)"},{"name":"DownloadRow (Row As Int, item As Map)"},{"name":"Upload (item As Map)"},{"name":"UploadRow (Row As Int, item As Map)"},{"name":"Delete (item As Map)"},{"name":"DeleteRow (Row As Int, item As Map)"},{"name":"Change (Value As Object, Column As String, item As Map)"},{"name":"ChangeRow (Row As Int, Value As Object, Column As String, item As Map)"},{"name":"SelectRow (Status as boolean, Row As Int, item As Map)"},{"name":"MenuItemRow (Row As Int, Action As String, item As Map)"},{"name":"Add (e As BANanoEvent)"},{"name":"SaveSingle (e As BANanoEvent)"},{"name":"DeleteSingle (e As BANanoEvent)"},{"name":"Refresh (e As BANanoEvent)"},{"name":"Back (e As BANanoEvent)"},{"name":"DeleteAll (e As BANanoEvent)"},{"name":"PrevPage (e As BANanoEvent)"},{"name":"NextPage (e As BANanoEvent)"},{"name":"GridView (e As BANanoEvent)"},{"name":"ChangeProperties (item As Map)"},{"name":"ChangePropertyBag (item As Map)"},{"name":"ChangePage (data As List, Pagination As Object)"},{"name":"Custom_Prepend_Click (event As BANanoEvent)"},{"name":"Custom_Append_Click (event As BANanoEvent)"},{"name":"Custom_Toggle (b As Boolean)"},{"name":"PrependClick (Row As Int, Column As String, item As Map)"},{"name":"AppendClick (Row As Int, Column As String, item As Map)"},{"name":"Decrement (Row As Int, Column As String, item As Map)"},{"name":"Increment (Row As Int, Column As String, item As Map)"},{"name":"PasswordPrependClick (Row As Int, Column As String, item As Map)"},{"name":"PasswordAppendClick (Row As Int, Column As String, item As Map)"},{"name":"Select_Change (item As String)"},{"name":"Select_Prepend_Click (event As BANanoEvent)"},{"name":"Select_Append_Click (event As BANanoEvent)"},{"name":"DDown_Click (item As String)"},{"name":"PropertySearchClick (e As BANanoEvent)"},{"name":"PropertySearchKeyUp (e As BANanoEvent)"},{"name":"PropertySearchClear (e As BANanoEvent)"}],"methods":[{"name":"DesignerCreateView","signature":"DesignerCreateView (Target As BANanoElement, Props As Map)"},{"name":"setAddNewTooltip1","signature":"setAddNewTooltip1(s As String)"},{"name":"setBackTooltip1","signature":"setBackTooltip1(s As String)"},{"name":"setCloneTooltip","signature":"setCloneTooltip(s As String)"},{"name":"setDeleteAllTooltip1","signature":"setDeleteAllTooltip1(s As String)"},{"name":"setDeleteSingleTooltip1","signature":"setDeleteSingleTooltip1(s As String)"},{"name":"setDeleteTooltip","signature":"setDeleteTooltip(s As String)"},{"name":"setDownloadTooltip","signature":"setDownloadTooltip(s As String)"},{"name":"setEditTooltip","signature":"setEditTooltip(s As String)"},{"name":"setExportToCsvTooltip1","signature":"setExportToCsvTooltip1(s As String)"},{"name":"setExportToPdfTooltip1","signature":"setExportToPdfTooltip1(s As String)"},{"name":"setExportToXlsTooltip1","signature":"setExportToXlsTooltip1(s As String)"},{"name":"setMenuTooltip","signature":"setMenuTooltip(s As String)"},{"name":"setPropertyPadding1","signature":"setPropertyPadding1(s As String)"},{"name":"setRefreshTooltip1","signature":"setRefreshTooltip1(s As String)"},{"name":"setSaveSingleTooltip1","signature":"setSaveSingleTooltip1(s As String)"},{"name":"setTooltipColor","signature":"setTooltipColor(s As String)"},{"name":"setUploadToolbarTooltip1","signature":"setUploadToolbarTooltip1(s As String)"},{"name":"setUploadTooltip","signature":"setUploadTooltip(s As String)"},{"name":"getAddNewTooltip","signature":"getAddNewTooltip As String"},{"name":"getBackTooltip","signature":"getBackTooltip As String"},{"name":"getCloneTooltip","signature":"getCloneTooltip As String"},{"name":"getDeleteAllTooltip","signature":"getDeleteAllTooltip As String"},{"name":"getDeleteSingleTooltip","signature":"getDeleteSingleTooltip As String"},{"name":"getDeleteTooltip","signature":"getDeleteTooltip As String"},{"name":"getDownloadTooltip","signature":"getDownloadTooltip As String"},{"name":"getEditTooltip","signature":"getEditTooltip As String"},{"name":"getExportToCsvTooltip","signature":"getExportToCsvTooltip As String"},{"name":"getExportToPdfTooltip","signature":"getExportToPdfTooltip As String"},{"name":"getExportToXlsTooltip","signature":"getExportToXlsTooltip As String"},{"name":"getMenuTooltip","signature":"getMenuTooltip As String"},{"name":"getPropertyPadding","signature":"getPropertyPadding As String"},{"name":"getRefreshTooltip","signature":"getRefreshTooltip As String"},{"name":"getSaveSingleTooltip","signature":"getSaveSingleTooltip As String"},{"name":"getTooltipColor","signature":"getTooltipColor As String"},{"name":"getUploadToolbarTooltip","signature":"getUploadToolbarTooltip As String"},{"name":"getUploadTooltip","signature":"getUploadTooltip As String"},{"name":"setTableType","signature":"setTableType(s As String)"},{"name":"getPageBreakRepeat","signature":"getPageBreakRepeat As String"},{"name":"getExcelTitle","signature":"getExcelTitle As String"},{"name":"getPdfTheme","signature":"getPdfTheme As String"},{"name":"getFontSize","signature":"getFontSize As String"},{"name":"getUnit","signature":"getUnit As String"},{"name":"getPageSize","signature":"getPageSize As String"},{"name":"getOrientation","signature":"getOrientation As String"},{"name":"setExcelTitle","signature":"setExcelTitle(s As String)"},{"name":"setButtonsOutlined","signature":"setButtonsOutlined(b As Boolean)"},{"name":"getButtonsOutlined","signature":"getButtonsOutlined As Boolean"},{"name":"setBadgesOutlined","signature":"setBadgesOutlined(b As Boolean)"},{"name":"getBadgesOutlined","signature":"getBadgesOutlined As Boolean"},{"name":"setTitleVisible","signature":"setTitleVisible(b As Boolean)"},{"name":"PropertyConfig","signature":"PropertyConfig"},{"name":"PropertyBagFromAsset","signature":"PropertyBagFromAsset(fileURL As String)"},{"name":"PropertyBagFromJSON","signature":"PropertyBagFromJSON(fContents As String)"},{"name":"RefreshPropertyBag","signature":"RefreshPropertyBag"},{"name":"PropertyBagFromList","signature":"PropertyBagFromList(fContents As List)"},{"name":"PropertyBuilderMap","signature":"PropertyBuilderMap(sb As StringBuilder, spropName As String, m As Map)"},{"name":"OptionsToMap","signature":"OptionsToMap(opt As String) As Map"},{"name":"SetPropertyRequired","signature":"SetPropertyRequired(Key As String, status As Boolean)"},{"name":"ShowPropOnCondition","signature":"ShowPropOnCondition"},{"name":"SetMenuItemColorIntensity","signature":"SetMenuItemColorIntensity(c As String, i As String)"},{"name":"SetMenuItemHoverColorIntensity","signature":"SetMenuItemHoverColorIntensity(c As String, i As String)"},{"name":"SetMenuItemFocusColorIntensity","signature":"SetMenuItemFocusColorIntensity(c As String, i As String)"},{"name":"SetMenuItemActiveColorIntensity","signature":"SetMenuItemActiveColorIntensity(c As String, i As String)"},{"name":"setNormalCase","signature":"setNormalCase(b As Boolean)"},{"name":"AddDesignerColums","signature":"AddDesignerColums"},{"name":"Initialize","signature":"Initialize (CallBack As Object, cName As String, EventName As String)"},{"name":"AddProperty","signature":"AddProperty(options As Map)"},{"name":"getHeadingID","signature":"getHeadingID As String"},{"name":"getBodyID","signature":"getBodyID As String"},{"name":"getFooterID","signature":"getFooterID As String"},{"name":"AddTable","signature":"AddTable(mCallback As Object, ParentID As String, ID As String)"},{"name":"AddHeaderRow","signature":"AddHeaderRow(rowNumber As Int)"},{"name":"AddHeaderRowTitle","signature":"AddHeaderRowTitle(rowNumber As Int, name As String, title As String)"},{"name":"setPaginationVisible","signature":"setPaginationVisible(Status As Boolean)"},{"name":"setRoundedBox","signature":"setRoundedBox(Status As Boolean)"},{"name":"setBorder","signature":"setBorder(Status As Boolean)"},{"name":"setBottomBorder","signature":"setBottomBorder(Status As Boolean)"},{"name":"getColumnChooserID","signature":"getColumnChooserID As String"},{"name":"getAlphabetsID","signature":"getAlphabetsID As String"},{"name":"SetColumnChooser","signature":"SetColumnChooser(Status As Boolean, Height As String, Color As String)"},{"name":"SetAlphaChooser","signature":"SetAlphaChooser(Status As Boolean, Height As String, ColumnName As String)"},{"name":"RemoveSearch","signature":"RemoveSearch"},{"name":"RemoveToolBar","signature":"RemoveToolBar"},{"name":"RemoveColumnChooser","signature":"RemoveColumnChooser"},{"name":"RemoveHeadings","signature":"RemoveHeadings"},{"name":"RemoveFooter","signature":"RemoveFooter"},{"name":"RemoveFooterPagination","signature":"RemoveFooterPagination"},{"name":"AddTableCard","signature":"AddTableCard(mCallback As Object, ParentID As String, ID As String)"},{"name":"setBodyVisible","signature":"setBodyVisible(Status As Boolean)"},{"name":"setHeaderVisible","signature":"setHeaderVisible(Status As Boolean)"},{"name":"setFooterVisible","signature":"setFooterVisible(Status As Boolean)"},{"name":"AddPropertyTable","signature":"AddPropertyTable(mCallback As Object, ParentID As String, ID As String)"},{"name":"getPropertySearchValue","signature":"getPropertySearchValue As String"},{"name":"setPropertySearchValue","signature":"setPropertySearchValue(s As String)"},{"name":"setPropertySearchVisible","signature":"setPropertySearchVisible(b As Boolean)"},{"name":"setSearchVisible","signature":"setSearchVisible(b As Boolean)"},{"name":"setActionsVisible","signature":"setActionsVisible(b As Boolean)"},{"name":"setToolbarVisible","signature":"setToolbarVisible(b As Boolean)"},{"name":"SetSearchPlaceholder","signature":"SetSearchPlaceholder(s As String)"},{"name":"getSearchID","signature":"getSearchID As String"},{"name":"AddPropertyActionButton","signature":"AddPropertyActionButton(btnID As String, btnCaption As String, btnColor As String) As SDUIButton"},{"name":"SetPropertyActionButtonLoading","signature":"SetPropertyActionButtonLoading(btnID As String, bLoading As Boolean)"},{"name":"getToolBarButtonID","signature":"getToolBarButtonID(btnID As String) As String"},{"name":"AddPropertyActionButtonIcon","signature":"AddPropertyActionButtonIcon(btnID As String, sIcon As String, btnColor As String) As SDUIButton"},{"name":"AddPropertyActionButtonIconTextColor","signature":"AddPropertyActionButtonIconTextColor(btnID As String, sIcon As String, btnColor As String, btnTextColor As String) As SDUIButton"},{"name":"AddToolbarButton","signature":"AddToolbarButton(btnID As String, btnCaption As String, btnColor As String) As SDUIButton"},{"name":"AddToolbarActionButton","signature":"AddToolbarActionButton(btnID As String, btnCaption As String, btnColor As String) As SDUIButton"},{"name":"SetToolbarButtonToolTip","signature":"SetToolbarButtonToolTip(btnID As String, tooltip As String, color As String, position As String, normalcase As Boolean)"},{"name":"AddToolbarButtonIcon","signature":"AddToolbarButtonIcon(btnID As String, sIcon As String, btnColor As String) As SDUIButton"},{"name":"AddToolbarFileUpload","signature":"AddToolbarFileUpload(btnID As String, sIcon As String, btnColor As String) As SDUIButton"},{"name":"AddToolbarFileUpload1","signature":"AddToolbarFileUpload1(btnID As String, sIcon As String, btnColor As String, bMultiple As Boolean) As SDUIButton"},{"name":"AddToolbarActionButtonIconTextColor","signature":"AddToolbarActionButtonIconTextColor(btnID As String, sIcon As String, btnColor As String, btnTextColor As String) As SDUIButton"},{"name":"AddToolbarButtonTextColor","signature":"AddToolbarButtonTextColor(btnID As String, btnCaption As String, btnColor As String, btnTextColor As String) As SDUIButton"},{"name":"AddToolbarActionButtonIcon","signature":"AddToolbarActionButtonIcon(btnID As String, sIcon As String, btnColor As String) As SDUIButton"},{"name":"AddToolbarDropDownIconTextColor","signature":"AddToolbarDropDownIconTextColor(btnID As String, sIcon As String, btnColor As String, btnTextColor As String) As SDUIDropDown"},{"name":"AddToolbarDropDownIcon","signature":"AddToolbarDropDownIcon(btnID As String, sIcon As String, btnColor As String) As SDUIDropDown"},{"name":"AddToolbarDropDown","signature":"AddToolbarDropDown(btnID As String, btnColor As String, btnLabel As String) As SDUIDropDown"},{"name":"AddToolbarDropDownAvatar","signature":"AddToolbarDropDownAvatar(btnID As Object, sSize As String, ImgURL As String) As SDUIDropDown"},{"name":"AddToolbarSelect","signature":"AddToolbarSelect(id As String, prependIcon As String, appendIcon As String, options As Map) As SDUISelect"},{"name":"AddToolbarSelectNormal","signature":"AddToolbarSelectNormal(id As String, options As Map) As SDUISelect"},{"name":"AddToolbarTextBox","signature":"AddToolbarTextBox(id As String, prependIcon As String, appendIcon As String) As SDUITextBox"},{"name":"AddToolbarTextBoxNormal","signature":"AddToolbarTextBoxNormal(id As String) As SDUITextBox"},{"name":"SetExportToCSVTooltip","signature":"SetExportToCSVTooltip(tooltip As String, color As String, position As String, normalcase As Boolean)"},{"name":"setHasExportToCsv","signature":"setHasExportToCsv(b As Boolean)"},{"name":"SetExportToPDFTooltip","signature":"SetExportToPDFTooltip(tooltip As String, color As String, position As String, normalcase As Boolean)"},{"name":"setHasExportToPdf","signature":"setHasExportToPdf(b As Boolean)"},{"name":"SetExportToXLSTooltip","signature":"SetExportToXLSTooltip(tooltip As String, color As String, position As String, normalcase As Boolean)"},{"name":"setHasExportToXls","signature":"setHasExportToXls(b As Boolean)"},{"name":"SetAddNewTooltip","signature":"SetAddNewTooltip(tooltip As String, color As String, position As String, normalcase As Boolean)"},{"name":"setHasAddNew","signature":"setHasAddNew(b As Boolean)"},{"name":"setGridTooltip","signature":"setGridTooltip(s As String)"},{"name":"setHasGrid","signature":"setHasGrid(b As Boolean)"},{"name":"getGridTooltip","signature":"getGridTooltip As String"},{"name":"getHasGrid","signature":"getHasGrid As Boolean"},{"name":"SetSaveSingleTooltip","signature":"SetSaveSingleTooltip(tooltip As String, color As String, position As String, normalcase As Boolean)"},{"name":"setHasSaveSingle","signature":"setHasSaveSingle(b As Boolean)"},{"name":"SetDeleteSingleTooltip","signature":"SetDeleteSingleTooltip(tooltip As String, color As String, position As String, normalcase As Boolean)"},{"name":"setHasDeleteSingle","signature":"setHasDeleteSingle(b As Boolean)"},{"name":"SetDeleteAllTooltip","signature":"SetDeleteAllTooltip(tooltip As String, color As String, position As String, normalcase As Boolean)"},{"name":"setHasDeleteAll","signature":"setHasDeleteAll(b As Boolean)"},{"name":"SetUploadToolBarTooltip","signature":"SetUploadToolBarTooltip(tooltip As String, color As String, position As String, normalcase As Boolean)"},{"name":"setHasToolbarUpload","signature":"setHasToolbarUpload(b As Boolean)"},{"name":"SetBackTooltip","signature":"SetBackTooltip(tooltip As String, color As String, position As String, normalcase As Boolean)"},{"name":"setHasBack","signature":"setHasBack(b As Boolean)"},{"name":"SetRefreshTooltip","signature":"SetRefreshTooltip(tooltip As String, color As String, position As String, normalcase As Boolean)"},{"name":"setHasRefresh","signature":"setHasRefresh(b As Boolean)"},{"name":"setExportToCsvLoading","signature":"setExportToCsvLoading(b As Boolean)"},{"name":"setExportToPdfLoading","signature":"setExportToPdfLoading(b As Boolean)"},{"name":"setExportToXlsLoading","signature":"setExportToXlsLoading(b As Boolean)"},{"name":"setRefreshLoading","signature":"setRefreshLoading(b As Boolean)"},{"name":"setRefreshDisabled","signature":"setRefreshDisabled(b As Boolean)"},{"name":"setExportToCsvDisabled","signature":"setExportToCsvDisabled(b As Boolean)"},{"name":"setExportToPdfDisabled","signature":"setExportToPdfDisabled(b As Boolean)"},{"name":"setExportToXlsDisabled","signature":"setExportToXlsDisabled(b As Boolean)"},{"name":"setPrevPageDisabled","signature":"setPrevPageDisabled(b As Boolean)"},{"name":"setNextPageDisabled","signature":"setNextPageDisabled(b As Boolean)"},{"name":"SetToolbarButtonDisabled","signature":"SetToolbarButtonDisabled(btn As String, b As Boolean)"},{"name":"SetToolbarButtonEnable","signature":"SetToolbarButtonEnable(btn As String, b As Boolean)"},{"name":"SetToolbarButtonLoading","signature":"SetToolbarButtonLoading(btn As String, b As Boolean)"},{"name":"ToolbarButtonLoading","signature":"ToolbarButtonLoading(btn As String, b As Boolean)"},{"name":"SetToolbarSelectAllChecked","signature":"SetToolbarSelectAllChecked(value As Boolean)"},{"name":"SetRowSelectChecked","signature":"SetRowSelectChecked(rowPos As Int, value As Boolean)"},{"name":"SetToolbarButtonBadge","signature":"SetToolbarButtonBadge(btn As String, value As String)"},{"name":"SetToolbarButtonBadgeColor","signature":"SetToolbarButtonBadgeColor(btn As String, value As String)"},{"name":"SetToolbarButtonBadgeSize","signature":"SetToolbarButtonBadgeSize(btn As String, value As String)"},{"name":"SetToolbarButtonBadgeRound","signature":"SetToolbarButtonBadgeRound(btn As String)"},{"name":"SetToolbarButtonBadgeTextColor","signature":"SetToolbarButtonBadgeTextColor(btn As String, value As String)"},{"name":"SetToolbarButtonTextColor","signature":"SetToolbarButtonTextColor(btn As String, value As String)"},{"name":"SetToolbarButtonVisible","signature":"SetToolbarButtonVisible(btn As String, value As Boolean)"},{"name":"SetToolbarButtonColor","signature":"SetToolbarButtonColor(btn As String, value As String)"},{"name":"setAddDisabled","signature":"setAddDisabled(b As Boolean)"},{"name":"setAddLoading","signature":"setAddLoading(b As Boolean)"},{"name":"setDeleteAllLoading","signature":"setDeleteAllLoading(b As Boolean)"},{"name":"setSaveSingleLoading","signature":"setSaveSingleLoading(b As Boolean)"},{"name":"setToolbarUploadLoading","signature":"setToolbarUploadLoading(b As Boolean)"},{"name":"setToolbarUploadDisabled","signature":"setToolbarUploadDisabled(b As Boolean)"},{"name":"setDeleteSingleLoading","signature":"setDeleteSingleLoading(b As Boolean)"},{"name":"setDeleteAllDisabled","signature":"setDeleteAllDisabled(b As Boolean)"},{"name":"setSaveSingleDisabled","signature":"setSaveSingleDisabled(b As Boolean)"},{"name":"setDeleteSingleDisabled","signature":"setDeleteSingleDisabled(b As Boolean)"},{"name":"setToolbarActions","signature":"setToolbarActions(b As Boolean)"},{"name":"ClearToolbarActions","signature":"ClearToolbarActions"},{"name":"setItemsPerPage","signature":"setItemsPerPage(i As String)"},{"name":"setTitle","signature":"setTitle(t As String)"},{"name":"setSearch","signature":"setSearch(b As Boolean)"},{"name":"SetPrevPageTooltip","signature":"SetPrevPageTooltip(tooltip As String, color As String, position As String, normalcase As Boolean)"},{"name":"SetNextPageTooltip","signature":"SetNextPageTooltip(tooltip As String, color As String, position As String, normalcase As Boolean)"},{"name":"setPagination","signature":"setPagination(b As Boolean)"},{"name":"getToolBarNextPageID","signature":"getToolBarNextPageID As String"},{"name":"getToolBarPrevPageID","signature":"getToolBarPrevPageID As String"},{"name":"AssignElement","signature":"AssignElement(mCallBack As Object, ID As String)"},{"name":"ClearHeadings","signature":"ClearHeadings"},{"name":"ClearFooter","signature":"ClearFooter"},{"name":"ClearRows","signature":"ClearRows"},{"name":"ClearPropertyBag","signature":"ClearPropertyBag"},{"name":"ClearOverwrites","signature":"ClearOverwrites"},{"name":"ClearDesigns","signature":"ClearDesigns"},{"name":"ClearProperties","signature":"ClearProperties"},{"name":"AddColumnSelectAll","signature":"AddColumnSelectAll"},{"name":"getSelectAllID","signature":"getSelectAllID As String"},{"name":"setSingleRowSelect","signature":"setSingleRowSelect(b As Boolean)"},{"name":"GetAllChecked","signature":"GetAllChecked(Status As Boolean) As List"},{"name":"GetColumnPosition","signature":"GetColumnPosition(colName As String) As Int"},{"name":"SetColumnAlignMultiple","signature":"SetColumnAlignMultiple(salign As String, colNames As List)"},{"name":"SetColumnAlign","signature":"SetColumnAlign(colName As String, salign As String)"},{"name":"getColumnID","signature":"getColumnID(colName As String) As String"},{"name":"getFooterColumnID","signature":"getFooterColumnID(colName As String) As String"},{"name":"getTitleID","signature":"getTitleID As String"},{"name":"RightAlignColumns","signature":"RightAlignColumns(colNames As List)"},{"name":"CenterAlignColumns","signature":"CenterAlignColumns(colNames As List)"},{"name":"AddColumn","signature":"AddColumn(name As String, title As String)"},{"name":"FirstColumnName","signature":"FirstColumnName As String"},{"name":"AddColumnPlaceHolder","signature":"AddColumnPlaceHolder(name As String, title As String)"},{"name":"SetColumnVisibleMultiple","signature":"SetColumnVisibleMultiple(Status As Boolean, colNames As List)"},{"name":"SetColumnVisible","signature":"SetColumnVisible(colName As String, Status As Boolean)"},{"name":"SetColumnTitle","signature":"SetColumnTitle(colName As String, title As String)"},{"name":"SetColumnFileSize","signature":"SetColumnFileSize(colName As String)"},{"name":"AddColumnFileSize","signature":"AddColumnFileSize(name As String, title As String)"},{"name":"SetColumnMoney","signature":"SetColumnMoney(colName As String)"},{"name":"AddColumnMoney","signature":"AddColumnMoney(name As String, title As String)"},{"name":"SetColumnDate","signature":"SetColumnDate(colName As String)"},{"name":"AddColumnDate","signature":"AddColumnDate(name As String, title As String)"},{"name":"AddColumnDateTime","signature":"AddColumnDateTime(name As String, title As String)"},{"name":"SetColumnDateTime","signature":"SetColumnDateTime(colName As String)"},{"name":"SetColumnThousand","signature":"SetColumnThousand(colName As String)"},{"name":"AddColumnThousand","signature":"AddColumnThousand(name As String, title As String)"},{"name":"SetColumnAction","signature":"SetColumnAction(colName As String, iconName As String, iconColor As String)"},{"name":"SetColumnMenu","signature":"SetColumnMenu(colName As String, iconName As String, iconColor As String)"},{"name":"AddColumnAction","signature":"AddColumnAction(name As String, title As String, icon As String, color As String)"},{"name":"AddColumnDropDown","signature":"AddColumnDropDown(name As String, title As String, icon As String, color As String, options As Map)"},{"name":"AddColumnDropDownIcon","signature":"AddColumnDropDownIcon(name As String, title As String, icon As String, color As String, options As Map, OptionIcons As Map)"},{"name":"SetColumnMinMaxWidth","signature":"SetColumnMinMaxWidth(colName As String, minwidth As String, maxwidth As String)"},{"name":"SetColumnComputeValue","signature":"SetColumnComputeValue(colName As String, subName As String)"},{"name":"SetColumnComputeRing","signature":"SetColumnComputeRing(colName As String, subName As String)"},{"name":"SetColumnComputeBackgroundColor","signature":"SetColumnComputeBackgroundColor(colName As String, subName As String)"},{"name":"SetColumnComputeColor","signature":"SetColumnComputeColor(colName As String, subName As String)"},{"name":"SetColumnComputeTextColor","signature":"SetColumnComputeTextColor(colName As String, subName As String)"},{"name":"SetColumnComputeClass","signature":"SetColumnComputeClass(colName As String, subName As String)"},{"name":"SetColumnClass","signature":"SetColumnClass(colName As String, className As String)"},{"name":"SetColumnWrap","signature":"SetColumnWrap(colName As String)"},{"name":"SetColumnWrapText","signature":"SetColumnWrapText(cols As List)"},{"name":"AddColumnClass","signature":"AddColumnClass(colName As String, classes As List)"},{"name":"SetColumnLink","signature":"SetColumnLink(colName As String, subtitle As String, color As String)"},{"name":"AddColumnLink","signature":"AddColumnLink(name As String, title As String, subtitle As String, color As String)"},{"name":"SetColumnClickLink","signature":"SetColumnClickLink(colName As String, subtitle As String, color As String)"},{"name":"AddColumnClickLink","signature":"AddColumnClickLink(name As String, title As String, subtitle As String, color As String)"},{"name":"SetColumnEmail","signature":"SetColumnEmail(colName As String, subtitle As String, color As String)"},{"name":"SetColumnWebsite","signature":"SetColumnWebsite(colName As String, subtitle As String, color As String)"},{"name":"AddColumnEmail","signature":"AddColumnEmail(name As String, title As String, subtitle As String, color As String)"},{"name":"AddColumnWebsite","signature":"AddColumnWebsite(name As String, title As String, subtitle As String, color As String)"},{"name":"SetColumnIcon","signature":"SetColumnIcon(colName As String, ssize As String, color As String)"},{"name":"AddColumnIcon","signature":"AddColumnIcon(name As String, title As String, ssize As String, color As String)"},{"name":"SetColumnButton","signature":"SetColumnButton(colName As String, color As String)"},{"name":"AddColumnButton","signature":"AddColumnButton(name As String, title As String, color As String)"},{"name":"SetColumnBadge","signature":"SetColumnBadge(colName As String, color As String)"},{"name":"SetColumnBackgroundColor","signature":"SetColumnBackgroundColor(colName As String, color As String)"},{"name":"AddColumnBadge","signature":"AddColumnBadge(name As String, title As String, color As String)"},{"name":"SetColumnRating","signature":"SetColumnRating(colName As String, ssize As Int, color As String)"},{"name":"AddColumnRating","signature":"AddColumnRating(name As String, title As String, ssize As Int, color As String)"},{"name":"SetColumnRadialProgress","signature":"SetColumnRadialProgress(colName As String, ssize As String, color As String, suffix As String)"},{"name":"AddColumnRadialProgress","signature":"AddColumnRadialProgress(name As String, title As String, ssize As String, color As String, suffix As String)"},{"name":"SetColumnProgress","signature":"SetColumnProgress(colName As String, width As Int, maxvalue As Int, color As String)"},{"name":"AddColumnProgress","signature":"AddColumnProgress(name As String, title As String, width As Int, maxvalue As Int, color As String)"},{"name":"SetColumnRange","signature":"SetColumnRange(colName As String, maxvalue As Int, color As String)"},{"name":"AddColumnRange","signature":"AddColumnRange(name As String, title As String, maxvalue As Int, color As String)"},{"name":"SetColumnCheckBox","signature":"SetColumnCheckBox(colName As String, color As String)"},{"name":"SetColumnSelect","signature":"SetColumnSelect(colName As String)"},{"name":"SetColumnOptions","signature":"SetColumnOptions(colname As String, options As Map)"},{"name":"SetColumnRadioGroup","signature":"SetColumnRadioGroup(colName As String)"},{"name":"SetColumnReadOnly","signature":"SetColumnReadOnly(colName As String)"},{"name":"AddColumnCheckBox","signature":"AddColumnCheckBox(name As String, title As String, color As String, readOnly As Boolean)"},{"name":"AddColumnSelect","signature":"AddColumnSelect(name As String, title As String, readOnly As Boolean, bAddNothingSelected As Boolean, options As Map)"},{"name":"AddColumnSelectFromList","signature":"AddColumnSelectFromList(name As String, title As String, readOnly As Boolean, bAddNothingSelected As Boolean, options As List)"},{"name":"SetColumnOptionsFromList","signature":"SetColumnOptionsFromList(colname As String, options As List)"},{"name":"SetColumnOptionsFromListSort","signature":"SetColumnOptionsFromListSort(colname As String, options As List)"},{"name":"AddColumnSelectFromListSort","signature":"AddColumnSelectFromListSort(name As String, title As String, readOnly As Boolean, bAddNothingSelected As Boolean, options As List)"},{"name":"AddColumnRadioGroupFromList","signature":"AddColumnRadioGroupFromList(name As String, title As String, readOnly As Boolean, color As String, options As List)"},{"name":"AddColumnRadioGroup","signature":"AddColumnRadioGroup(name As String, title As String, readOnly As Boolean, color As String, options As Map)"},{"name":"SetColumnTextColor","signature":"SetColumnTextColor(colName As String, color As String)"},{"name":"SetColumnTextBox","signature":"SetColumnTextBox(colName As String)"},{"name":"SetColumnTelephone","signature":"SetColumnTelephone(colName As String)"},{"name":"AddColumnTextBox","signature":"AddColumnTextBox(name As String, title As String, readOnly As Boolean)"},{"name":"AddColumnTelephone","signature":"AddColumnTelephone(name As String, title As String, readOnly As Boolean)"},{"name":"SetColumnTextBoxGroup","signature":"SetColumnTextBoxGroup(colName As String, Prefix As String, PrependIcon As String, Suffix As String, AppendIcon As String)"},{"name":"SetColumnSelectGroup","signature":"SetColumnSelectGroup(colName As String, Prefix As String, PrependIcon As String, Suffix As String, AppendIcon As String)"},{"name":"SetColumnPasswordGroup","signature":"SetColumnPasswordGroup(colName As String)"},{"name":"AddColumnTextBoxGroup","signature":"AddColumnTextBoxGroup(name As String, title As String, readOnly As Boolean, Prefix As String, PrependIcon As String, Suffix As String, AppendIcon As String)"},{"name":"AddColumnSelectGroup","signature":"AddColumnSelectGroup(name As String, title As String, readOnly As Boolean, bAddNothingSelected As Boolean, options As Map, Prefix As String, PrependIcon As String, Suffix As String, AppendIcon As String)"},{"name":"AddColumnPasswordGroup","signature":"AddColumnPasswordGroup(name As String, title As String, readOnly As Boolean)"},{"name":"AddColumnDialer","signature":"AddColumnDialer(name As String, title As String, readOnly As Boolean, minValue As Int, stepValue As Int, maxValue As Int)"},{"name":"SetColumnTextDialer","signature":"SetColumnTextDialer(colName As String, minValue As Int, stepValue As Int, maxValue As Int)"},{"name":"AddColumnPassword","signature":"AddColumnPassword(name As String, title As String, readOnly As Boolean)"},{"name":"SetColumnPassword","signature":"SetColumnPassword(colName As String)"},{"name":"SetColumnNumber","signature":"SetColumnNumber(colName As String)"},{"name":"AddColumnNumber","signature":"AddColumnNumber(name As String, title As String, readOnly As Boolean)"},{"name":"SetColumnFileInput","signature":"SetColumnFileInput(colName As String)"},{"name":"AddColumnFileInput","signature":"AddColumnFileInput(name As String, title As String)"},{"name":"AddColumnFileInputProgressCamCorder","signature":"AddColumnFileInputProgressCamCorder(name As String, title As String, xButtonSize As String, xProgressSize As String, xColor As String)"},{"name":"AddColumnFileInputProgressCamera","signature":"AddColumnFileInputProgressCamera(name As String, title As String, xButtonSize As String, xProgressSize As String, xColor As String)"},{"name":"AddColumnFileInputProgressMicrophone","signature":"AddColumnFileInputProgressMicrophone(name As String, title As String, xButtonSize As String, xProgressSize As String, xColor As String)"},{"name":"AddColumnFileInputProgress","signature":"AddColumnFileInputProgress(name As String, title As String, xButtonSize As String, xProgressSize As String, xIcon As String, xColor As String)"},{"name":"SetColumnDatePicker","signature":"SetColumnDatePicker(colName As String, dateFormat As String, altFormat As String, brange As Boolean, bmultiple As Boolean, bNoCalendar As Boolean)"},{"name":"SetColumnDateTimePicker","signature":"SetColumnDateTimePicker(colName As String, dateFormat As String, altFormat As String, slocale As String)"},{"name":"AddColumnDatePicker","signature":"AddColumnDatePicker(name As String, title As String, readOnly As Boolean, dateFormat As String, altFormat As String, brange As Boolean, bmultiple As Boolean, bNoCalendar As Boolean)"},{"name":"AddColumnDatePicker1","signature":"AddColumnDatePicker1(name As String, title As String, readOnly As Boolean, dateFormat As String, altFormat As String, brange As Boolean, bmultiple As Boolean, bNoCalendar As Boolean, locale As String)"},{"name":"SetColumnTimePicker","signature":"SetColumnTimePicker(colName As String, dateFormat As String, bNoCalendar As Boolean)"},{"name":"AddColumnDateTimePicker","signature":"AddColumnDateTimePicker(name As String, title As String, readOnly As Boolean, dateFormat As String, altFormat As String, locale As String)"},{"name":"AddColumnDateTimePicker1","signature":"AddColumnDateTimePicker1(name As String, title As String, readOnly As Boolean, dateFormat As String, altFormat As String, brange As Boolean, bmultiple As Boolean, bNoCalendar As Boolean, locale As String)"},{"name":"AddColumnTimePicker","signature":"AddColumnTimePicker(name As String, title As String, readOnly As Boolean, dateFormat As String, bNoCalendar As Boolean)"},{"name":"SetColumnTextArea","signature":"SetColumnTextArea(colName As String, tRows As String)"},{"name":"AddColumnTextArea","signature":"AddColumnTextArea(name As String, title As String, readOnly As Boolean, tRows As Int)"},{"name":"AddColumnToggle","signature":"AddColumnToggle(name As String, title As String, color As String, readOnly As Boolean)"},{"name":"SetColumnToggle","signature":"SetColumnToggle(colName As String, color As String)"},{"name":"SetColumnEditTitle","signature":"SetColumnEditTitle(s As String)"},{"name":"SetColumnCloneTitle","signature":"SetColumnCloneTitle(s As String)"},{"name":"SetColumnMenuTitle","signature":"SetColumnMenuTitle(s As String)"},{"name":"SetColumnDownloadTitle","signature":"SetColumnDownloadTitle(s As String)"},{"name":"SetColumnUploadTitle","signature":"SetColumnUploadTitle(s As String)"},{"name":"SetColumnDeleteTitle","signature":"SetColumnDeleteTitle(s As String)"},{"name":"SetRowEditEnabled","signature":"SetRowEditEnabled(rowPos As Int, b As Boolean)"},{"name":"SetRowCloneEnabled","signature":"SetRowCloneEnabled(rowPos As Int, b As Boolean)"},{"name":"SetRowMenuEnabled","signature":"SetRowMenuEnabled(rowPos As Int, b As Boolean)"},{"name":"SetRowDownloadEnabled","signature":"SetRowDownloadEnabled(rowPos As Int, b As Boolean)"},{"name":"SetRowUploadEnabled","signature":"SetRowUploadEnabled(rowPos As Int, b As Boolean)"},{"name":"SetRowDeleteEnabled","signature":"SetRowDeleteEnabled(rowPos As Int, b As Boolean)"},{"name":"SetRowEditLoading","signature":"SetRowEditLoading(rowPos As Int, b As Boolean)"},{"name":"SetRowCloneLoading","signature":"SetRowCloneLoading(rowPos As Int, b As Boolean)"},{"name":"SetRowMenuLoading","signature":"SetRowMenuLoading(rowPos As Int, b As Boolean)"},{"name":"SetRowDownloadLoading","signature":"SetRowDownloadLoading(rowPos As Int, b As Boolean)"},{"name":"SetRowUploadLoading","signature":"SetRowUploadLoading(rowPos As Int, b As Boolean)"},{"name":"SetRowDeleteLoading","signature":"SetRowDeleteLoading(rowPos As Int, b As Boolean)"},{"name":"AddColumnEdit","signature":"AddColumnEdit(color As String)"},{"name":"AddColumnClone","signature":"AddColumnClone(color As String)"},{"name":"AddColumnMenu","signature":"AddColumnMenu(color As String)"},{"name":"AddColumnDownload","signature":"AddColumnDownload(color As String)"},{"name":"AddColumnUpload","signature":"AddColumnUpload(color As String)"},{"name":"AddColumnDelete","signature":"AddColumnDelete(color As String)"},{"name":"SetColumnColor","signature":"SetColumnColor(colName As String, subtitle As String)"},{"name":"SetColumnLocale","signature":"SetColumnLocale(colName As String, slocale As String)"},{"name":"SetColumnMaxLength","signature":"SetColumnMaxLength(colName As String, smaxlen As String)"},{"name":"AddColumnColor","signature":"AddColumnColor(name As String, title As String, subtitle As String)"},{"name":"SetColumnAvatar","signature":"SetColumnAvatar(colName As String, ssize As String, mask As String)"},{"name":"SetColumnAvatarPlaceholder","signature":"SetColumnAvatarPlaceholder(colName As String, ssize As String, mask As String, color As String)"},{"name":"SetColumnAvatarGroup","signature":"SetColumnAvatarGroup(colName As String, ssize As String, mask As String)"},{"name":"SetColumnBadgeGroup","signature":"SetColumnBadgeGroup(colName As String, sheight As String)"},{"name":"SetColumnAvatarRing","signature":"SetColumnAvatarRing(colName As String, HasRing As Boolean, Color As String)"},{"name":"SetColumnAvatarOnline","signature":"SetColumnAvatarOnline(colName As String, OnlineField As String)"},{"name":"SetColumnImage","signature":"SetColumnImage(colName As String, width As Int, height As Int, mask As String)"},{"name":"SetColumnHeightMultiple","signature":"SetColumnHeightMultiple(height As String, colNames As List)"},{"name":"SetColumnHeight","signature":"SetColumnHeight(colName As String, height As String)"},{"name":"SetColumnWidthMultiple","signature":"SetColumnWidthMultiple(width As String, colNames As List)"},{"name":"SetColumnWidth","signature":"SetColumnWidth(colName As String, width As String)"},{"name":"SetTableColumnHeight","signature":"SetTableColumnHeight(colName As String, height As String)"},{"name":"SetTableColumnWidth","signature":"SetTableColumnWidth(colName As String, width As String)"},{"name":"AddColumnAvatar","signature":"AddColumnAvatar(name As String, title As String, ssize As String, mask As String)"},{"name":"AddColumnAvatarPlaceholder","signature":"AddColumnAvatarPlaceholder(name As String, title As String, ssize As String, mask As String, Color As String)"},{"name":"AddColumnImage","signature":"AddColumnImage(name As String, title As String, width As Int, height As Int, mask As String)"},{"name":"SetColumnAvatarTitle","signature":"SetColumnAvatarTitle(colName As String, ssize As String, subtitle As String, mask As String)"},{"name":"SetColumnIconTitle","signature":"SetColumnIconTitle(colName As String, ssize As String, subtitle As String, color As String)"},{"name":"SetColumnTitleIcon","signature":"SetColumnTitleIcon(colName As String, ssize As String, subtitle As String, color As String)"},{"name":"AddColumnAvatarTitle","signature":"AddColumnAvatarTitle(name As String, title As String, ssize As String, subtitle As String, mask As String)"},{"name":"AddColumnIconTitle","signature":"AddColumnIconTitle(name As String, title As String, ssize As String, subtitle As String, color As String)"},{"name":"AddColumnTitleIcon","signature":"AddColumnTitleIcon(name As String, title As String, ssize As String, subtitle As String, color As String)"},{"name":"AddColumnBadgeAvatarTitle","signature":"AddColumnBadgeAvatarTitle(name As String, title As String, ssize As String, subtitle As String, color As String)"},{"name":"SetColumnBadgeAvatarTitle","signature":"SetColumnBadgeAvatarTitle(colName As String, ssize As String, subtitle As String, color As String)"},{"name":"SetColumnAvatarTitleSubTitle","signature":"SetColumnAvatarTitleSubTitle(colName As String, ssize As String, subtitle As String, subtitle1 As String, mask As String)"},{"name":"AddColumnAvatarTitleSubTitle","signature":"AddColumnAvatarTitleSubTitle(name As String, title As String, ssize As String, subtitle As String, subtitle1 As String, mask As String)"},{"name":"SetColumnTitleSubTitle","signature":"SetColumnTitleSubTitle(colName As String, subtitle As String)"},{"name":"AddColumnTitleSubTitle","signature":"AddColumnTitleSubTitle(name As String, title As String, subtitle As String)"},{"name":"SetItemsPaginate","signature":"SetItemsPaginate(xItems As List)"},{"name":"SetItemsPaginate1","signature":"SetItemsPaginate1(xItems As List)"},{"name":"ShowPreviousPage","signature":"ShowPreviousPage(event As BANanoEvent)"},{"name":"ShowNextPage","signature":"ShowNextPage(event As BANanoEvent)"},{"name":"getCurrentPage","signature":"getCurrentPage As Int"},{"name":"ShowPage","signature":"ShowPage(pgNumber As Int)"},{"name":"setLowerCase","signature":"setLowerCase(b As Boolean)"},{"name":"SetItems","signature":"SetItems(xitems As List)"},{"name":"GetColorFromField","signature":"GetColorFromField(prefix As String, bColor As String, rowData As Map) As String"},{"name":"AddRow","signature":"AddRow(rowdata As Map)"},{"name":"SetRowColumnAppendIcon","signature":"SetRowColumnAppendIcon(colName As String, rowCnt As Int, iconName As String)"},{"name":"SetRowColumnPrependIcon","signature":"SetRowColumnPrependIcon(colName As String, rowCnt As Int, iconName As String)"},{"name":"SetRowColumnAppendLoading","signature":"SetRowColumnAppendLoading(colName As String, rowCnt As Int, b As Boolean)"},{"name":"SetRowColumnPrependLoading","signature":"SetRowColumnPrependLoading(colName As String, rowCnt As Int, b As Boolean)"},{"name":"SetRowColumnBadgeAvatarTitle","signature":"SetRowColumnBadgeAvatarTitle(fldName As String, rowCnt As Int, avatar As String, subtitle As String, badgeSize As String, badgeColor As String)"},{"name":"On","signature":"On(event As String, CallBack As Object, MethodName As String)"},{"name":"getHere","signature":"getHere As String"},{"name":"getName","signature":"getName As String"},{"name":"Show","signature":"Show"},{"name":"Hide","signature":"Hide"},{"name":"Enable","signature":"Enable"},{"name":"Disable","signature":"Disable"},{"name":"Zebra","signature":"Zebra As SDUITable"},{"name":"Normal","signature":"Normal As SDUITable"},{"name":"Compact","signature":"Compact As SDUITable"},{"name":"setHover","signature":"setHover(b As Boolean)"},{"name":"DeleteRow","signature":"DeleteRow(rowPos As Int)"},{"name":"NormalResponsive","signature":"NormalResponsive(xs As Boolean, sm As Boolean, md As Boolean, lg As Boolean)"},{"name":"CompactResponsive","signature":"CompactResponsive(xs As Boolean, sm As Boolean, md As Boolean, lg As Boolean)"},{"name":"SaveLastAccessedPage","signature":"SaveLastAccessedPage"},{"name":"setComponentSize","signature":"setComponentSize(s As String)"},{"name":"setButtonSize","signature":"setButtonSize(s As String)"},{"name":"getButtonSize","signature":"getButtonSize As String"},{"name":"setBadgesSize","signature":"setBadgesSize(s As String)"},{"name":"getBadgesSize","signature":"getBadgesSize As String"},{"name":"ShowLastAccessedPage","signature":"ShowLastAccessedPage"},{"name":"AddPropertyDialer","signature":"AddPropertyDialer(Key As String, Title As String, DefaultValue As String, Description As String, Required As Boolean, TooltipPos As String, iMinValue As Int, iStepValue As Int, iMaxValue As Int)"},{"name":"SetPropertyDialerIncrement","signature":"SetPropertyDialerIncrement(Key As String)"},{"name":"SetPropertyDialerDecrement","signature":"SetPropertyDialerDecrement(Key As String)"},{"name":"PropertyAppendButton","signature":"PropertyAppendButton(key As String) As SDUIButton"},{"name":"PropertyPrependButton","signature":"PropertyPrependButton(key As String) As SDUIButton"},{"name":"AddPropertyTextBox","signature":"AddPropertyTextBox(Key As String, Title As String, DefaultValue As String, Description As String, Required As Boolean, TooltipPos As String)"},{"name":"AddPropertyTextBoxGroup","signature":"AddPropertyTextBoxGroup(Key As String, Title As String, DefaultValue As String, Description As String, Required As Boolean, TooltipPos As String)"},{"name":"AddPropertySelectGroup","signature":"AddPropertySelectGroup(Key As String, Title As String, DefaultValue As String, Description As String, Required As Boolean, TooltipPos As String, Options As Map)"},{"name":"AddPropertyPasswordGroup","signature":"AddPropertyPasswordGroup(Key As String, Title As String, DefaultValue As String, Description As String, Required As Boolean, TooltipPos As String)"},{"name":"SetPropertyPrependIcon","signature":"SetPropertyPrependIcon(Key As String, picon As String)"},{"name":"SetPropertyPrependIconLoading","signature":"SetPropertyPrependIconLoading(Key As String, bLoading As Boolean)"},{"name":"SetPropertyAppendIconLoading","signature":"SetPropertyAppendIconLoading(Key As String, bLoading As Boolean)"},{"name":"SetPropertyAppendIcon","signature":"SetPropertyAppendIcon(Key As String, picon As String)"},{"name":"SetPropertyPrefix","signature":"SetPropertyPrefix(Key As String,l As String)"},{"name":"SetPropertySuffix","signature":"SetPropertySuffix(Key As String,l As String)"},{"name":"SetPropertyShowEyes","signature":"SetPropertyShowEyes(Key As String, b As Boolean)"},{"name":"SetPropertyToggleEyes","signature":"SetPropertyToggleEyes(Key As String)"},{"name":"AddPropertyDatePicker","signature":"AddPropertyDatePicker(Key As String, Title As String, DefaultValue As String, Description As String, Required As Boolean, TooltipPos As String, _"},{"name":"AddPropertyRollDateTime","signature":"AddPropertyRollDateTime(Key As String, Title As String, Description As String, Required As Boolean, TooltipPos As String, doptions As RollDateOptions)"},{"name":"AddPropertySignaturePad","signature":"AddPropertySignaturePad(Key As String, Title As String, Description As String, Required As Boolean, TooltipPos As String, Width As String, Height As String, ImageType As String)"},{"name":"AddPropertyDatePicker1","signature":"AddPropertyDatePicker1(Key As String, Title As String, DefaultValue As String, Description As String, Required As Boolean, TooltipPos As String, _"},{"name":"AddPropertyDateTimePicker","signature":"AddPropertyDateTimePicker(Key As String, Title As String, DefaultValue As String, Description As String, Required As Boolean, TooltipPos As String, _"},{"name":"AddPropertyDateTimePicker1","signature":"AddPropertyDateTimePicker1(Key As String, Title As String, DefaultValue As String, Description As String, Required As Boolean, TooltipPos As String, _"},{"name":"AddPropertyTimePicker","signature":"AddPropertyTimePicker(Key As String, Title As String, DefaultValue As String, Description As String, Required As Boolean, TooltipPos As String, _"},{"name":"AddPropertyPassword","signature":"AddPropertyPassword(Key As String, Title As String, DefaultValue As String, Description As String, Required As Boolean, TooltipPos As String)"},{"name":"AddPropertyColor","signature":"AddPropertyColor(Key As String, Title As String, DefaultValue As String, Description As String, Required As Boolean, TooltipPos As String)"},{"name":"AddPropertyNumber","signature":"AddPropertyNumber(Key As String, Title As String, DefaultValue As String, Description As String, Required As Boolean, TooltipPos As String)"},{"name":"AddPropertyTelephone","signature":"AddPropertyTelephone(Key As String, Title As String, DefaultValue As String, Description As String, Required As Boolean, TooltipPos As String)"},{"name":"AddPropertyEmail","signature":"AddPropertyEmail(Key As String, Title As String, DefaultValue As String, Color As String)"},{"name":"AddPropertyLabel","signature":"AddPropertyLabel(Key As String, Title As String, DefaultValue As String, Color As String)"},{"name":"AddPropertyLink","signature":"AddPropertyLink(Key As String, Title As String, DefaultValue As String, Color As String)"},{"name":"AddPropertyPlaceHolder","signature":"AddPropertyPlaceHolder(Key As String, Title As String, DefaultValue As String)"},{"name":"SetPropertyHTML","signature":"SetPropertyHTML(Key As String, value As String)"},{"name":"SetPropertyTypePassword","signature":"SetPropertyTypePassword(Key As String, b As Boolean)"},{"name":"SetPropertyType","signature":"SetPropertyType(Key As String, typeOf As String)"},{"name":"SetPropertyNoArrows","signature":"SetPropertyNoArrows(Key As String)"},{"name":"SetPropertyEnabled","signature":"SetPropertyEnabled(Key As String, bEnabled As Boolean)"},{"name":"SetPropertyAutoFocus","signature":"SetPropertyAutoFocus(Key As String, p As Boolean)"},{"name":"SetPropertyFocus","signature":"SetPropertyFocus(Key As String)"},{"name":"PropertiesAreValid","signature":"PropertiesAreValid(props As List) As Boolean"},{"name":"PropertyBagIsValid","signature":"PropertyBagIsValid As Boolean"},{"name":"PropertyIsMatch","signature":"PropertyIsMatch(fld1 As String, fld2 As String) As Boolean"},{"name":"AddPropertyTextArea","signature":"AddPropertyTextArea(Key As String, Title As String, DefaultValue As String, Description As String, Required As Boolean, TooltipPos As String)"},{"name":"SetPropertyRangeText","signature":"SetPropertyRangeText(Key As String, value As String)"},{"name":"SetPropertyProgressText","signature":"SetPropertyProgressText(Key As String, value As String)"},{"name":"SetPropertyCaption","signature":"SetPropertyCaption(Key As String, value As String)"},{"name":"SetPropertyCaptionHTML","signature":"SetPropertyCaptionHTML(Key As String, value As String)"},{"name":"SetPropertyAlignment","signature":"SetPropertyAlignment(Key As String, value As String)"},{"name":"SetPropertyValue","signature":"SetPropertyValue(Key As String, value As String)"},{"name":"GetPropertyHintID","signature":"GetPropertyHintID(Key As String) As String"},{"name":"GetPropertyValue","signature":"GetPropertyValue(Key As String) As String"},{"name":"GetPropertyFiles","signature":"GetPropertyFiles(Key As String) As List"},{"name":"GetPropertyFile","signature":"GetPropertyFile(Key As String) As Map"},{"name":"GetPropertyImage","signature":"GetPropertyImage(Key As String) As String"},{"name":"SetPropertyBadge","signature":"SetPropertyBadge(Key As String, value As Object)"},{"name":"AddPropertySelect","signature":"AddPropertySelect(Key As String, Title As String, DefaultValue As String, Description As String, Required As Boolean, TooltipPos As String, Options As Map)"},{"name":"SetPropertySelectMap","signature":"SetPropertySelectMap(Key As String, Options As Map)"},{"name":"SetPropertySelectMap1","signature":"SetPropertySelectMap1(Key As String, bAddNothingSelected As Boolean, Options As Map)"},{"name":"SetPropertyItemsMap","signature":"SetPropertyItemsMap(Key As String, Options As Map)"},{"name":"SetPropertyItemsMap1","signature":"SetPropertyItemsMap1(Key As String,  bAddNothingSelected As Boolean, Options As Map)"},{"name":"SetPropertySelectClear","signature":"SetPropertySelectClear(Key As String)"},{"name":"SetPropertySelectAddItem","signature":"SetPropertySelectAddItem(Key As String, itemValue As String, itemText As String)"},{"name":"SetPropertySelectList","signature":"SetPropertySelectList(Key As String, Options As List)"},{"name":"SetPropertyItemsList","signature":"SetPropertyItemsList(Key As String, Options As List)"},{"name":"SetPropertyAvatarGroupItems","signature":"SetPropertyAvatarGroupItems(Key As String, Images As List)"},{"name":"SetPropertySelectListSort","signature":"SetPropertySelectListSort(Key As String, Options As List)"},{"name":"SetPropertyItemsListSort","signature":"SetPropertyItemsListSort(Key As String, Options As List)"},{"name":"SetPropertySelectOptions","signature":"SetPropertySelectOptions(Key As String, delim As String, bSort As Boolean, bAddNothingSelected As Boolean, sOptions As String)"},{"name":"SetPropertyItemsOptions","signature":"SetPropertyItemsOptions(Key As String, delim As String, bSort As Boolean, bAddNothingSelected As Boolean, sOptions As String)"},{"name":"SetPropertySelectList1","signature":"SetPropertySelectList1(Key As String, bAddNothingSelected As Boolean, options As List)"},{"name":"SetPropertyItemsList1","signature":"SetPropertyItemsList1(Key As String, bAddNothingSelected As Boolean, Options As List)"},{"name":"AddPropertyFileInput","signature":"AddPropertyFileInput(Key As String, Title As String, Description As String, TooltipPos As String)"},{"name":"AddPropertyFileInputProgress","signature":"AddPropertyFileInputProgress(Key As String, Title As String, Description As String, TooltipPos As String, xSize As String, xIcon As String, xColor As String)"},{"name":"AddPropertyCamCorder","signature":"AddPropertyCamCorder(Key As String, Title As String, Description As String, TooltipPos As String, xSize As String, xColor As String)"},{"name":"AddPropertyCamera","signature":"AddPropertyCamera(Key As String, Title As String, Description As String, TooltipPos As String, xSize As String, xColor As String)"},{"name":"AddPropertyMicrophone","signature":"AddPropertyMicrophone(Key As String, Title As String, Description As String, TooltipPos As String, xSize As String, xColor As String)"},{"name":"SetPropertyFileInputProgressCamCorder","signature":"SetPropertyFileInputProgressCamCorder(key As String)"},{"name":"SetPropertyFileInputProgressCamera","signature":"SetPropertyFileInputProgressCamera(key As String)"},{"name":"SetPropertyFileInputAccept","signature":"SetPropertyFileInputAccept(key As String, saccept As String)"},{"name":"SetPropertyFileInputProgressMicrophone","signature":"SetPropertyFileInputProgressMicrophone(key As String)"},{"name":"SetPropertyFileInputMultiple","signature":"SetPropertyFileInputMultiple(key As String, b As Boolean)"},{"name":"SetPropertyFileInputProgressLoading","signature":"SetPropertyFileInputProgressLoading(key As String, Value As Int, Status As Boolean)"},{"name":"AddColumnAvatarGroup","signature":"AddColumnAvatarGroup(name As String, title As String, ssize As String, mask As String)"},{"name":"AddColumnBadgeGroup","signature":"AddColumnBadgeGroup(name As String, title As String, sheight As String)"},{"name":"AddColumnBadgeGroupColor","signature":"AddColumnBadgeGroupColor(name As String, title As String, sheight As String, scolor As String)"},{"name":"SetPropertyPadding","signature":"SetPropertyPadding(pClass As String)"},{"name":"AddPropertyAvatar","signature":"AddPropertyAvatar(Key As String, Title As String, Description As String, sSize As String, Shape As String, Url As String)"},{"name":"AddPropertyAvatarPlaceholder","signature":"AddPropertyAvatarPlaceholder(Key As String, Title As String, DefaultValue As String, Description As String, sSize As String, Shape As String, Color As String)"},{"name":"AddPropertyAvatarGroup","signature":"AddPropertyAvatarGroup(Key As String, Title As String, Description As String, sSize As String, Shape As String, Images As List)"},{"name":"SetPropertyAvatarOnline","signature":"SetPropertyAvatarOnline(Key As String, Status As Boolean, IsVisible As Boolean)"},{"name":"SetPropertyAvatarRing","signature":"SetPropertyAvatarRing(Key As String, Status As Boolean, Color As String)"},{"name":"SetPropertyAvatarMask","signature":"SetPropertyAvatarMask(Key As String, Shape As String)"},{"name":"SetPropertyImageMask","signature":"SetPropertyImageMask(Key As String, Shape As String)"},{"name":"SetPropertyDescription","signature":"SetPropertyDescription(Key As String, Description As String)"},{"name":"AddPropertyImage","signature":"AddPropertyImage(Key As String, Title As String, Description As String, Width As String, Height As String, Shape As String, Url As String)"},{"name":"SetPropertyImage","signature":"SetPropertyImage(Key As String, imgUrl As String)"},{"name":"AddPropertyProgress","signature":"AddPropertyProgress(Key As String, Title As String, DefaultValue As String, Color As String, StartValue As String, StepValue As String, MaxValue As String, Description As String, TooltipPos As String)"},{"name":"AddPropertyRange","signature":"AddPropertyRange(Key As String, Title As String, DefaultValue As String, Color As String, StartValue As String, StepValue As String, MaxValue As String, Description As String, TooltipPos As String)"},{"name":"AddPropertyCheckBox","signature":"AddPropertyCheckBox(Key As String, Title As String, DefaultValue As Boolean, Color As String, Description As String)"},{"name":"IsPropertyBlank","signature":"IsPropertyBlank(Key As String) As Boolean"},{"name":"PropertyOneIfBlankElseZero","signature":"PropertyOneIfBlankElseZero(Key As String) As Int"},{"name":"SetPropertyColor","signature":"SetPropertyColor(Key As String, s As String)"},{"name":"SetPropertyChecked","signature":"SetPropertyChecked(Key As String, b As Boolean)"},{"name":"SetPropertyReadOnly","signature":"SetPropertyReadOnly(Key As String, b As Boolean)"},{"name":"SetPropertyAddClass","signature":"SetPropertyAddClass(Key As String, className As String)"},{"name":"SetPropertyRemoveClass","signature":"SetPropertyRemoveClass(Key As String, className As String)"},{"name":"SetPropertyStepValue","signature":"SetPropertyStepValue(Key As String, v As Object)"},{"name":"SetPropertyMinValue","signature":"SetPropertyMinValue(Key As String, v As Object)"},{"name":"SetPropertyMaxValue","signature":"SetPropertyMaxValue(Key As String, v As Object)"},{"name":"SetPropertyMaxLength","signature":"SetPropertyMaxLength(Key As String, v As String)"},{"name":"SetPropertyRows","signature":"SetPropertyRows(Key As String, v As String)"},{"name":"AddPropertyToggle","signature":"AddPropertyToggle(Key As String, Title As String, DefaultValue As Boolean, Color As String, Description As String)"},{"name":"AddPropertyRadialProgress","signature":"AddPropertyRadialProgress(Key As String, Title As String, DefaultValue As Boolean, Color As String, Description As String)"},{"name":"SetPropertyRadialProgress","signature":"SetPropertyRadialProgress(Key As String, Value As Object)"},{"name":"AddPropertyRating","signature":"AddPropertyRating(Key As String, Title As String, DefaultValue As String, Color As String, Description As String)"},{"name":"SetPropertyRating","signature":"SetPropertyRating(Key As String, Value As Object)"},{"name":"SetPropertyRadioGroup","signature":"SetPropertyRadioGroup(Key As String, Value As Object)"},{"name":"HideProperty","signature":"HideProperty(Keys As List)"},{"name":"ShowProperty","signature":"ShowProperty(Keys As List)"},{"name":"SetPropertyVisible","signature":"SetPropertyVisible(Key As String, bStatus As Boolean)"},{"name":"AddPropertyRadioGroup","signature":"AddPropertyRadioGroup(Key As String, Title As String, DefaultValue As String, Color As String, Description As String, TooltipPos As String, Options As Map)"},{"name":"GetPropertyFileInput","signature":"GetPropertyFileInput (e As BANanoEvent) As Map"},{"name":"GetPropertyFilesInput","signature":"GetPropertyFilesInput (e As BANanoEvent) As List"},{"name":"GetFileFromEvent","signature":"GetFileFromEvent (e As BANanoEvent) As Map"},{"name":"GetFilesFromEvent","signature":"GetFilesFromEvent (e As BANanoEvent) As List"},{"name":"GetData","signature":"GetData As Map"},{"name":"SetData","signature":"SetData(dataJSON As Map)"},{"name":"SetPropetyBagDefaults","signature":"SetPropetyBagDefaults"},{"name":"SetPropertyBagDefaults","signature":"SetPropertyBagDefaults"},{"name":"SetPropetyBag","signature":"SetPropetyBag(item As Map)"},{"name":"ResetPropetyBag","signature":"ResetPropetyBag"},{"name":"SetPropertyBag","signature":"SetPropertyBag(values As Map)"},{"name":"SetProperties","signature":"SetProperties(m As Map)"},{"name":"GetProperties","signature":"GetProperties As Map"},{"name":"GetPropertyBag","signature":"GetPropertyBag As Map"},{"name":"LoadJSON","signature":"LoadJSON(jsonFile As String)"},{"name":"LoadDesignWait","signature":"LoadDesignWait(designName As String) As Boolean"},{"name":"LoadPropertyBagFromJSON","signature":"LoadPropertyBagFromJSON(fileURL As String)"},{"name":"SetPropertyOverwrite","signature":"SetPropertyOverwrite(Key As String, NewType As String)"},{"name":"GetDesign","signature":"GetDesign(designName As String, compName As String) As Map"},{"name":"Size","signature":"Size As Int"},{"name":"ShowDesign","signature":"ShowDesign(designName As String, compName As String)"},{"name":"AddToParent","signature":"AddToParent(targetID As String, props As Map)"},{"name":"setSearchSize","signature":"setSearchSize(s As String)"},{"name":"IsPropertyBagValid","signature":"IsPropertyBagValid As Boolean"},{"name":"SetSelectListItems","signature":"SetSelectListItems(colName As String, options As List)"},{"name":"SetColumnItemsFromList","signature":"SetColumnItemsFromList(colName As String, options As List)"},{"name":"RowCount","signature":"RowCount As Int"},{"name":"RowsData","signature":"RowsData As List"},{"name":"SetDropDownMapItems","signature":"SetDropDownMapItems(colName As String, options As Map)"},{"name":"SetColumnItems","signature":"SetColumnItems(colName As String, options As Map)"},{"name":"SetSelectMapItems","signature":"SetSelectMapItems(colName As String, options As Map)"},{"name":"SetSelectListItemsOfRow","signature":"SetSelectListItemsOfRow(colName As String, rowPos As Int, options As List)"},{"name":"SetSelectListItemsOfRowSort","signature":"SetSelectListItemsOfRowSort(colName As String, rowPos As Int, options As List)"},{"name":"SetSelectMapItemsOfRow","signature":"SetSelectMapItemsOfRow(colName As String, rowPos As Int, options As Map)"},{"name":"GetRow","signature":"GetRow(rowCnt As Int) As Map"},{"name":"SetRowColumnButtonLoading","signature":"SetRowColumnButtonLoading(colName As String, rowCnt As Int, b As Boolean)"},{"name":"SetRowColumnButtonEnabled","signature":"SetRowColumnButtonEnabled(colName As String, rowCnt As Int, b As Boolean)"},{"name":"AddRowColumnClass","signature":"AddRowColumnClass(colName As String, rowCnt As Int, className As String)"},{"name":"AddRowClass","signature":"AddRowClass(rowCnt As Int, className As String)"},{"name":"AddHeaderClass","signature":"AddHeaderClass(colName As String, className As String)"},{"name":"SetColumnHeaderVerticalLR","signature":"SetColumnHeaderVerticalLR(cols As List)"},{"name":"SetColumnHeaderVerticalRL","signature":"SetColumnHeaderVerticalRL(cols As List)"},{"name":"SetColumnHeaderSideWaysLR","signature":"SetColumnHeaderSideWaysLR(cols As List)"},{"name":"SetColumnHeaderSideWaysRL","signature":"SetColumnHeaderSideWaysRL(cols As List)"},{"name":"SetHeaderSideWaysLR","signature":"SetHeaderSideWaysLR(colName As String)"},{"name":"SetHeaderSideWaysRL","signature":"SetHeaderSideWaysRL(colName As String)"},{"name":"SetHeaderVerticalLR","signature":"SetHeaderVerticalLR(colName As String)"},{"name":"SetHeaderVerticalRL","signature":"SetHeaderVerticalRL(colName As String)"},{"name":"SetRowColumnItems","signature":"SetRowColumnItems(colName As String, rowCnt As Int, options As Map)"},{"name":"SetRowColumnItemsFromList","signature":"SetRowColumnItemsFromList(colName As String, rowPos As Int, options As List)"},{"name":"SetRowColumnBy","signature":"SetRowColumnBy(rowKey As String, rowID As String, colName As String, fldVal As Object)"},{"name":"SetRowBy","signature":"SetRowBy(rowKey As String, rowID As String,rowData As Map)"},{"name":"SetRowColumnFileInput","signature":"SetRowColumnFileInput(colName As String, rowCnt As Int, fldVal As Object)"},{"name":"GetRowColumnFileInput","signature":"GetRowColumnFileInput(colName As String, rowCnt As Int) As Object"},{"name":"SetRowColumn","signature":"SetRowColumn(colName As String, rowCnt As Int, fldVal As Object)"},{"name":"GetRowColumn","signature":"GetRowColumn(colName As String, rowCnt As Int) As String"},{"name":"FindRowByColumn","signature":"FindRowByColumn(colName As String, value As String) As Int"},{"name":"SetRow","signature":"SetRow(rowCnt As Int, rowdata As Map)"},{"name":"ExportToCSV","signature":"ExportToCSV(quotes As Boolean, delimiter As String, hasHeader As Boolean) As String"},{"name":"GetFieldNames","signature":"GetFieldNames As List"},{"name":"GetTitleNames","signature":"GetTitleNames As List"},{"name":"UpdateRow","signature":"UpdateRow(rowCnt As Int, rowdata As Map)"},{"name":"PositionOf","signature":"PositionOf(prop As String, value As String) As Int"},{"name":"SetRowBackgroundColor","signature":"SetRowBackgroundColor(rowCnt As Int, color As String)"},{"name":"SetHeaderBackgroundColor","signature":"SetHeaderBackgroundColor(color As String)"},{"name":"SetHeaderAddClass","signature":"SetHeaderAddClass(className As String)"},{"name":"SetHeaderStyle","signature":"SetHeaderStyle(styles As Map)"},{"name":"SetHeaderTextColor","signature":"SetHeaderTextColor(color As String)"},{"name":"SetHeaderColumnAddClass","signature":"SetHeaderColumnAddClass(colName As String, className As String)"},{"name":"SetHeaderColumnStyle","signature":"SetHeaderColumnStyle(colName As String, styles As Map)"},{"name":"SetHeaderColumnTextColor","signature":"SetHeaderColumnTextColor(colName As String, color As String)"},{"name":"SetHeaderColumnBackgroundColor","signature":"SetHeaderColumnBackgroundColor(colName As String, color As String)"},{"name":"SetRowAddClass","signature":"SetRowAddClass(rowCnt As Int, className As String)"},{"name":"SetRowColumnAddClass","signature":"SetRowColumnAddClass(colName As String, rowCnt As Int, className As String)"},{"name":"SetRowStyle","signature":"SetRowStyle(rowCnt As Int, styles As Map)"},{"name":"SetEvenRowStyle","signature":"SetEvenRowStyle(styles As Map)"},{"name":"SetOddRowStyle","signature":"SetOddRowStyle(styles As Map)"},{"name":"SetColumnStyle","signature":"SetColumnStyle(colName As String, styles As Map)"},{"name":"SetColumnAddClass","signature":"SetColumnAddClass(colName As String, className As String)"},{"name":"SetRowColumnStyle","signature":"SetRowColumnStyle(colName As String, rowCnt As Int, styles As Map)"},{"name":"SetRowTextColor","signature":"SetRowTextColor(rowCnt As Int, color As String)"},{"name":"SetRowColumnTextColor","signature":"SetRowColumnTextColor(colName As String, rowCnt As Int, color As String)"},{"name":"SetRowColumnBackgroundColor","signature":"SetRowColumnBackgroundColor(colName As String, rowCnt As Int, color As String)"},{"name":"SetFooterColumn","signature":"SetFooterColumn(colName As String, value As Object)"},{"name":"SetFooterColumnsMerge","signature":"SetFooterColumnsMerge(cols As List)"},{"name":"SetFooterRemoveColumns","signature":"SetFooterRemoveColumns(cols As List)"},{"name":"SetFooterTotalSumCountColumns","signature":"SetFooterTotalSumCountColumns(cols As List) As Map"},{"name":"SetFooterTotalSumCountColumnsOf","signature":"SetFooterTotalSumCountColumnsOf(recs As List, cols As List) As Map"},{"name":"FileChangeEvent","signature":"FileChangeEvent"},{"name":"ShowColumns","signature":"ShowColumns(cols As List)"},{"name":"HideColumns","signature":"HideColumns(cols As List)"},{"name":"SetRowColumnsMerge","signature":"SetRowColumnsMerge(rowPos As Int, cols As List)"},{"name":"HideOnSmall","signature":"HideOnSmall"},{"name":"HideOnMedium","signature":"HideOnMedium"},{"name":"HideOnLarge","signature":"HideOnLarge"},{"name":"setGridLines","signature":"setGridLines(b As Boolean)"},{"name":"setNoHeaderRadius","signature":"setNoHeaderRadius(b As Boolean)"},{"name":"setNoFooterRadius","signature":"setNoFooterRadius(b As Boolean)"},{"name":"SetCellPadding","signature":"SetCellPadding(T As String, R As String, B As String, L As String)"},{"name":"SetFooterBackgroundColor","signature":"SetFooterBackgroundColor(color As String)"},{"name":"SetFooterAddClass","signature":"SetFooterAddClass(className As String)"},{"name":"SetFooterStyle","signature":"SetFooterStyle(styles As Map)"},{"name":"SetFooterTextColor","signature":"SetFooterTextColor(color As String)"},{"name":"SetFooterColumnAddClass","signature":"SetFooterColumnAddClass(colName As String, className As String)"},{"name":"SetFooterColumnStyle","signature":"SetFooterColumnStyle(colName As String, styles As Map)"},{"name":"SetFooterColumnTextColor","signature":"SetFooterColumnTextColor(colName As String, color As String)"},{"name":"SetFooterColumnBackgroundColor","signature":"SetFooterColumnBackgroundColor(colName As String, color As String)"},{"name":"setBodyFontSize","signature":"setBodyFontSize(s As String)"},{"name":"setHeaderFontSize","signature":"setHeaderFontSize(s As String)"},{"name":"setFooterFontSize","signature":"setFooterFontSize(s As String)"},{"name":"setBodyFontFamily","signature":"setBodyFontFamily(s As String)"},{"name":"setHeaderFontFamily","signature":"setHeaderFontFamily(s As String)"},{"name":"setFooterFontFamily","signature":"setFooterFontFamily(s As String)"},{"name":"LinkExisting","signature":"LinkExisting"},{"name":"SetComputeRowTextColor","signature":"SetComputeRowTextColor(s As String)"},{"name":"SetComputeRowBackgroundColor","signature":"SetComputeRowBackgroundColor(s As String)"},{"name":"setParentID","signature":"setParentID(s As String)"},{"name":"setPageSize","signature":"setPageSize(s As String)"},{"name":"setFontSize","signature":"setFontSize(s As String)"},{"name":"setUnit","signature":"setUnit(s As String)"},{"name":"setOrientation","signature":"setOrientation(s As String)"},{"name":"setPageBreakRepeat","signature":"setPageBreakRepeat(s As String)"},{"name":"setPdfTheme","signature":"setPdfTheme(s As String)"},{"name":"setIsCompact","signature":"setIsCompact(b As Boolean)"},{"name":"setIsNormal","signature":"setIsNormal(b As Boolean)"},{"name":"setIsZebra","signature":"setIsZebra(b As Boolean)"},{"name":"setSelectAll","signature":"setSelectAll(b As Boolean)"},{"name":"setHasSearch","signature":"setHasSearch(b As Boolean)"},{"name":"setMultipleFiles","signature":"setMultipleFiles(b As Boolean)"},{"name":"setHasExportMenu","signature":"setHasExportMenu(b As Boolean)"},{"name":"setExportToXls","signature":"setExportToXls(b As Boolean)"},{"name":"setHasEdit","signature":"setHasEdit(b As Boolean)"},{"name":"setHasClone","signature":"setHasClone(b As Boolean)"},{"name":"setHasDelete","signature":"setHasDelete(b As Boolean)"},{"name":"setHasUpload","signature":"setHasUpload(b As Boolean)"},{"name":"setHasDownload","signature":"setHasDownload(b As Boolean)"},{"name":"setHasMenu","signature":"setHasMenu(b As Boolean)"},{"name":"setVisible","signature":"setVisible(b As Boolean)"},{"name":"setMarginAXYTBLR","signature":"setMarginAXYTBLR(s As String)"},{"name":"setPaddingAXYTBLR","signature":"setPaddingAXYTBLR(s As String)"},{"name":"setClasses","signature":"setClasses(s As String)"},{"name":"setStyles","signature":"setStyles(s As String)"},{"name":"setAttributes","signature":"setAttributes(s As String)"},{"name":"getParentID","signature":"getParentID As String"},{"name":"getTableType","signature":"getTableType As String"},{"name":"getTitle","signature":"getTitle As String"},{"name":"getTitleVisible","signature":"getTitleVisible As Boolean"},{"name":"getPagination","signature":"getPagination As Boolean"},{"name":"getItemsPerPage","signature":"getItemsPerPage As String"},{"name":"getIsCompact","signature":"getIsCompact As Boolean"},{"name":"getNormalCase","signature":"getNormalCase As Boolean"},{"name":"getLowerCase","signature":"getLowerCase As Boolean"},{"name":"getIsNormal","signature":"getIsNormal As Boolean"},{"name":"getIsZebra","signature":"getIsZebra As Boolean"},{"name":"getComponentSize","signature":"getComponentSize As String"},{"name":"getHover","signature":"getHover As Boolean"},{"name":"getSelectAll","signature":"getSelectAll As Boolean"},{"name":"getHasSearch","signature":"getHasSearch As Boolean"},{"name":"getSearchSize","signature":"getSearchSize As String"},{"name":"getHasAddnew","signature":"getHasAddnew As Boolean"},{"name":"getHasSaveSingle","signature":"getHasSaveSingle As Boolean"},{"name":"getHasDeleteSingle","signature":"getHasDeleteSingle As Boolean"},{"name":"getHasRefresh","signature":"getHasRefresh As Boolean"},{"name":"getHasDeleteAll","signature":"getHasDeleteAll As Boolean"},{"name":"getHasToolbarUpload","signature":"getHasToolbarUpload As Boolean"},{"name":"getMultipleFiles","signature":"getMultipleFiles As Boolean"},{"name":"getHasExportMenu","signature":"getHasExportMenu As Boolean"},{"name":"getExportToPdf","signature":"getExportToPdf As Boolean"},{"name":"getExportToXls","signature":"getExportToXls As Boolean"},{"name":"getHasBack","signature":"getHasBack As Boolean"},{"name":"getHasEdit","signature":"getHasEdit As Boolean"},{"name":"getHasClone","signature":"getHasClone As Boolean"},{"name":"getHasDelete","signature":"getHasDelete As Boolean"},{"name":"getHasUpload","signature":"getHasUpload As Boolean"},{"name":"getHasDownload","signature":"getHasDownload As Boolean"},{"name":"getHasMenu","signature":"getHasMenu As Boolean"},{"name":"getVisible","signature":"getVisible As Boolean"},{"name":"getMarginAXYTBLR","signature":"getMarginAXYTBLR As String"},{"name":"getPaddingAXYTBLR","signature":"getPaddingAXYTBLR As String"},{"name":"getClasses","signature":"getClasses As String"},{"name":"getStyles","signature":"getStyles As String"},{"name":"getAttributes","signature":"getAttributes As String"},{"name":"SearchByAlphabet","signature":"SearchByAlphabet(item As String, columnName As String) As List"},{"name":"SetPropertiesDefaultValues","signature":"SetPropertiesDefaultValues(props As List)"},{"name":"ExtractProperties","signature":"ExtractProperties(props As List) As Map"},{"name":"ExtractEvents","signature":"ExtractEvents(props As List) As Map"},{"name":"ExtractPropertyBag","signature":"ExtractPropertyBag(props As List) As Map"},{"name":"SetPropertyComponentName","signature":"SetPropertyComponentName(value As String)"},{"name":"SetPropertyComponentType","signature":"SetPropertyComponentType(value As String)"},{"name":"SetPropertyComponentID","signature":"SetPropertyComponentID(value As String)"},{"name":"SetPropertyParentComponent","signature":"SetPropertyParentComponent(value As String)"},{"name":"SetPropertyParentDevice","signature":"SetPropertyParentDevice(value As Boolean)"},{"name":"SetPropertyComponentActive","signature":"SetPropertyComponentActive(b As Boolean)"},{"name":"SetPropertyComponentIndex","signature":"SetPropertyComponentIndex(b As Boolean)"},{"name":"SetPropertyComponentTemplate","signature":"SetPropertyComponentTemplate(b As Boolean)"},{"name":"SetPropertyCreateB4xLayout","signature":"SetPropertyCreateB4xLayout(b As Boolean)"},{"name":"HideComponentProperties","signature":"HideComponentProperties"},{"name":"ShowComponentProperties","signature":"ShowComponentProperties"},{"name":"ShowCustomView","signature":"ShowCustomView(compID As String, compName As String, compType As String, props As List, isComponent As Boolean)"},{"name":"setExportToPdf","signature":"setExportToPdf(b As Boolean)"}]}