{"properties":[{"Key":"ParentID","DisplayName":"ParentID","FieldType":"String","DefaultValue":"","Description":"The id of the element to place this into","List":""},{"Key":"Label","DisplayName":"Title","FieldType":"String","DefaultValue":"My Chart","Description":"Title","List":""},{"Key":"XTitle","DisplayName":"XTitle","FieldType":"String","DefaultValue":"X","Description":"XTitle","List":""},{"Key":"YTitle","DisplayName":"YTitle","FieldType":"String","DefaultValue":"Y","Description":"YTitle","List":""},{"Key":"Hidden","DisplayName":"Hidden","FieldType":"Boolean","DefaultValue":"False","Description":"Hidden","List":""},{"Key":"BorderDash","DisplayName":"BorderDash","FieldType":"String","DefaultValue":"0","Description":"Border Dash","List":""},{"Key":"BorderWidth","DisplayName":"BorderWidth","FieldType":"String","DefaultValue":"0","Description":"Border Width","List":""},{"Key":"Bytes1","DisplayName":"Bytes","FieldType":"Boolean","DefaultValue":"False","Description":"Friendly bytes sizes","List":""},{"Key":"ChartType","DisplayName":"ChartType","FieldType":"String","DefaultValue":"LineChart","Description":"ChartType","List":"AreaChart|BarChart|BubbleChart|ColumnChart|LineChart|PieChart|ScatterChart"},{"Key":"DownloadBackgroundColor","DisplayName":"DownloadBackgroundColor","FieldType":"String","DefaultValue":"","Description":"DownloadBackgroundColor","List":"accent|amber|black|blue|blue-grey|brown|cyan|deep-orange|deep-purple|error|green|grey|indigo|info|light-blue|light-green|lime|none|orange|pink|primary|purple|red|secondary|success|teal|transparent|warning|white|yellow"},{"Key":"Curve","DisplayName":"Curve","FieldType":"Boolean","DefaultValue":"False","Description":"Curve","List":""},{"Key":"Decimal","DisplayName":"Decimals","FieldType":"String","DefaultValue":"","Description":"Decimals","List":""},{"Key":"Discrete","DisplayName":"Discrete","FieldType":"Boolean","DefaultValue":"False","Description":"Discrete","List":""},{"Key":"Donut","DisplayName":"Donut","FieldType":"Boolean","DefaultValue":"False","Description":"Donut","List":""},{"Key":"EmptyLabel","DisplayName":"EmptyLabel","FieldType":"String","DefaultValue":"No Data","Description":"EmptyLabel","List":""},{"Key":"FileName","DisplayName":"FileName","FieldType":"String","DefaultValue":"chart","Description":"FileName","List":""},{"Key":"Download","DisplayName":"Download","FieldType":"Boolean","DefaultValue":"True","Description":"Download","List":""},{"Key":"Height","DisplayName":"Height","FieldType":"String","DefaultValue":"25rem","Description":"Height","List":""},{"Key":"Width","DisplayName":"Width","FieldType":"String","DefaultValue":"25rem","Description":"Width","List":""},{"Key":"LegendPosition","DisplayName":"LegendPosition","FieldType":"String","DefaultValue":"","Description":"LegendPosition","List":"bottom|none|right|top"},{"Key":"LibraryBackgroundColor","DisplayName":"LibraryBackgroundColor","FieldType":"String","DefaultValue":"","Description":"LibraryBackgroundColor","List":"accent|amber|black|blue|blue-grey|brown|cyan|deep-orange|deep-purple|error|green|grey|indigo|info|light-blue|light-green|lime|none|orange|pink|primary|purple|red|secondary|success|teal|transparent|warning|white|yellow"},{"Key":"LoadingLabel","DisplayName":"LoadingLabel","FieldType":"String","DefaultValue":"Loading...","Description":"LoadingLabel","List":""},{"Key":"Max","DisplayName":"Max","FieldType":"String","DefaultValue":"","Description":"Max","List":""},{"Key":"Min","DisplayName":"Min","FieldType":"String","DefaultValue":"","Description":"Min","List":""},{"Key":"SetMinMax","DisplayName":"SetMinMax","FieldType":"Boolean","DefaultValue":"False","Description":"SetMinMax","List":""},{"Key":"Points","DisplayName":"Points","FieldType":"Boolean","DefaultValue":"False","Description":"Points","List":""},{"Key":"SetPrecision","DisplayName":"SetPrecision","FieldType":"Boolean","DefaultValue":"False","Description":"SetPrecision","List":""},{"Key":"Precision","DisplayName":"Precision","FieldType":"String","DefaultValue":"","Description":"Precision","List":""},{"Key":"SetRound","DisplayName":"SetRound","FieldType":"Boolean","DefaultValue":"False","Description":"SetRound","List":""},{"Key":"Round","DisplayName":"Round","FieldType":"String","DefaultValue":"","Description":"Round","List":""},{"Key":"Prefix","DisplayName":"Prefix","FieldType":"String","DefaultValue":"","Description":"Prefix","List":""},{"Key":"RefreshInterval","DisplayName":"Refresh","FieldType":"String","DefaultValue":"0","Description":"Refresh","List":""},{"Key":"Stacked","DisplayName":"Stacked","FieldType":"Boolean","DefaultValue":"False","Description":"Stacked","List":""},{"Key":"Suffix","DisplayName":"Suffix","FieldType":"String","DefaultValue":"","Description":"Suffix","List":""},{"Key":"Thousands","DisplayName":"Thousands","FieldType":"String","DefaultValue":"","Description":"Thousands","List":""},{"Key":"XMax","DisplayName":"XMax","FieldType":"String","DefaultValue":"","Description":"XMax","List":""},{"Key":"XMin","DisplayName":"XMin","FieldType":"String","DefaultValue":"","Description":"XMin","List":""},{"Key":"SetXMinXMax","DisplayName":"SetXMinXMax","FieldType":"Boolean","DefaultValue":"False","Description":"SetXMinXMax","List":""},{"Key":"ShowLine","DisplayName":"ShowLine","FieldType":"Boolean","DefaultValue":"True","Description":"ShowLine","List":""},{"Key":"Zeros","DisplayName":"Zeros","FieldType":"Boolean","DefaultValue":"False","Description":"Zeros","List":""},{"Key":"RawClasses","DisplayName":"Classes","FieldType":"String","DefaultValue":"","Description":"Classes added to the HTML tag.","List":""},{"Key":"RawStyles","DisplayName":"Styles","FieldType":"String","DefaultValue":"","Description":"Styles added to the HTML tag. Must be a json String- use =","List":""},{"Key":"RawAttributes","DisplayName":"Attributes","FieldType":"String","DefaultValue":"","Description":"Attributes added to the HTML tag. Must be a json String- use =","List":""},{"Key":"Disabled","DisplayName":"Disabled","FieldType":"Boolean","DefaultValue":"False","Description":"Disabled","List":""},{"Key":"MarginAXYTBLR","DisplayName":"Margins AXYTBLR","FieldType":"String","DefaultValue":"a=?; x=?; y=?; t=?; b=?; l=?; r=?","Description":"Margins A-X-Y-T-B-L-R","List":""},{"Key":"PaddingAXYTBLR","DisplayName":"Paddings AXYTBLR","FieldType":"String","DefaultValue":"a=?; x=?; y=?; t=?; b=?; l=?; r=?","Description":"Paddings A-X-Y-T-B-L-R","List":""}],"events":[{"name":"Click (e As BANanoEvent)"}],"methods":[{"name":"Initialize","signature":"Initialize (CallBack As Object, Name As String, EventName As String)"},{"name":"Remove","signature":"Remove()"},{"name":"getID","signature":"getID As String"},{"name":"getHere","signature":"getHere As String"},{"name":"setBorderDash","signature":"setBorderDash(vBorderDash As String)"},{"name":"setBorderWidth","signature":"setBorderWidth(vBorderWidth As String)"},{"name":"setBytes1","signature":"setBytes1(vBytes As Boolean)"},{"name":"setChartType","signature":"setChartType(vChartType As String)"},{"name":"setCurve","signature":"setCurve(vCurve As Boolean)"},{"name":"setDecimal","signature":"setDecimal(vDecimals As String)"},{"name":"setDiscrete","signature":"setDiscrete(vDiscrete As Boolean)"},{"name":"setDonut","signature":"setDonut(vDonut As Boolean)"},{"name":"setDownload","signature":"setDownload(vDownload As Boolean)"},{"name":"setDownloadBackground","signature":"setDownloadBackground(vDownloadBackgroundColor As String)"},{"name":"setEmptyLabel","signature":"setEmptyLabel(vEmptyLabel As String)"},{"name":"getFileName","signature":"getFileName As String"},{"name":"setFileName","signature":"setFileName(vFileName As String)"},{"name":"setH","signature":"setH(vHeight As String)"},{"name":"setTitle","signature":"setTitle(xLabel As String)"},{"name":"setLegendPosition","signature":"setLegendPosition(vLegendPosition As String)"},{"name":"setLibraryBackgroundColor","signature":"setLibraryBackgroundColor(vLibraryBackgroundColor As String)"},{"name":"setLoadingLabel","signature":"setLoadingLabel(vLoadingLabel As String)"},{"name":"setMax","signature":"setMax(vMax As String)"},{"name":"setMin","signature":"setMin(vMin As String)"},{"name":"setPoints","signature":"setPoints(vPoints As Boolean)"},{"name":"setPrecision","signature":"setPrecision(vPrecision As String)"},{"name":"setPrefix","signature":"setPrefix(vPrefix As String)"},{"name":"setRefresh","signature":"setRefresh(vRefresh As String)"},{"name":"setRound","signature":"setRound(vRound As String)"},{"name":"setStacked","signature":"setStacked(vStacked As Boolean)"},{"name":"setSuffix","signature":"setSuffix(vSuffix As String)"},{"name":"setThousands","signature":"setThousands(vThousands As String)"},{"name":"setW","signature":"setW(vWidth As String)"},{"name":"setXMax","signature":"setXMax(vXMax As String)"},{"name":"setXMin","signature":"setXMin(vXMin As String)"},{"name":"setXTitle","signature":"setXTitle(vXTitle As String)"},{"name":"setYTitle","signature":"setYTitle(vYTitle As String)"},{"name":"setZeros","signature":"setZeros(vZeros As Boolean)"},{"name":"Clear","signature":"Clear"},{"name":"AddXYMap","signature":"AddXYMap(values As Map)"},{"name":"AddBubble","signature":"AddBubble(X As String, y As String, size As Double)"},{"name":"AddSeries1","signature":"AddSeries1(seriesCaption As String, seriesColor As String, seriesCurve As Boolean)"},{"name":"AddSeries","signature":"AddSeries(seriesCaption As String, seriesColor As String, seriesCurve As Boolean, seriesData As Map)"},{"name":"AddSeriesXY","signature":"AddSeriesXY(seriesCaption As String, X As String, Y As String)"},{"name":"AddSeriesXYMap","signature":"AddSeriesXYMap(seriesName As String, values As Map)"},{"name":"AddXY","signature":"AddXY(X As String, y As String)"},{"name":"AddXYColor","signature":"AddXYColor(X As String, y As String, color As String)"},{"name":"Refresh","signature":"Refresh"},{"name":"getHTML","signature":"getHTML As String"},{"name":"HiddenIndices","signature":"HiddenIndices As Map"},{"name":"ChartObject","signature":"ChartObject As BANanoObject"},{"name":"AddToParent","signature":"AddToParent(targetID As String, props As Map)"},{"name":"setParentID","signature":"setParentID(s As String)"},{"name":"setLabel","signature":"setLabel(s As String)"},{"name":"setHidden","signature":"setHidden(b As Boolean)"},{"name":"setDownloadBackgroundColor","signature":"setDownloadBackgroundColor(s As String)"},{"name":"setHeight","signature":"setHeight(s As String)"},{"name":"setWidth","signature":"setWidth(s As String)"},{"name":"setSetMinMax","signature":"setSetMinMax(b As Boolean)"},{"name":"setRefreshInterval","signature":"setRefreshInterval(s As String)"},{"name":"setSetXMinXMax","signature":"setSetXMinXMax(b As Boolean)"},{"name":"setShowLine","signature":"setShowLine(b As Boolean)"},{"name":"setClasses","signature":"setClasses(s As String)"},{"name":"setStyles","signature":"setStyles(s As String)"},{"name":"setAttributes","signature":"setAttributes(s As String)"},{"name":"setDisabled","signature":"setDisabled(b As Boolean)"},{"name":"setMarginAXYTBLR","signature":"setMarginAXYTBLR(s As String)"},{"name":"setPaddingAXYTBLR","signature":"setPaddingAXYTBLR(s As String)"},{"name":"getParentID","signature":"getParentID As String"},{"name":"getLabel","signature":"getLabel As String"},{"name":"getXTitle","signature":"getXTitle As String"},{"name":"getYTitle","signature":"getYTitle As String"},{"name":"getHidden","signature":"getHidden As Boolean"},{"name":"getBorderDash","signature":"getBorderDash As String"},{"name":"getBorderWidth","signature":"getBorderWidth As String"},{"name":"getBytes1","signature":"getBytes1 As Boolean"},{"name":"getChartType","signature":"getChartType As String"},{"name":"getDownloadBackgroundColor","signature":"getDownloadBackgroundColor As String"},{"name":"getCurve","signature":"getCurve As Boolean"},{"name":"getDecimal","signature":"getDecimal As String"},{"name":"getDiscrete","signature":"getDiscrete As Boolean"},{"name":"getDonut","signature":"getDonut As Boolean"},{"name":"getEmptyLabel","signature":"getEmptyLabel As String"},{"name":"getDownload","signature":"getDownload As Boolean"},{"name":"getHeight","signature":"getHeight As String"},{"name":"getWidth","signature":"getWidth As String"},{"name":"getLegendPosition","signature":"getLegendPosition As String"},{"name":"getLibraryBackgroundColor","signature":"getLibraryBackgroundColor As String"},{"name":"getLoadingLabel","signature":"getLoadingLabel As String"},{"name":"getMax","signature":"getMax As String"},{"name":"getMin","signature":"getMin As String"},{"name":"getSetMinMax","signature":"getSetMinMax As Boolean"},{"name":"getPoints","signature":"getPoints As Boolean"},{"name":"getPrecision","signature":"getPrecision As String"},{"name":"getRound","signature":"getRound As String"},{"name":"getPrefix","signature":"getPrefix As String"},{"name":"getRefreshInterval","signature":"getRefreshInterval As String"},{"name":"getStacked","signature":"getStacked As Boolean"},{"name":"getSuffix","signature":"getSuffix As String"},{"name":"getThousands","signature":"getThousands As String"},{"name":"getXMax","signature":"getXMax As String"},{"name":"getXMin","signature":"getXMin As String"},{"name":"getSetXMinXMax","signature":"getSetXMinXMax As Boolean"},{"name":"getShowLine","signature":"getShowLine As Boolean"},{"name":"getZeros","signature":"getZeros As Boolean"},{"name":"getClasses","signature":"getClasses As String"},{"name":"getStyles","signature":"getStyles As String"},{"name":"getAttributes","signature":"getAttributes As String"},{"name":"getDisabled","signature":"getDisabled As Boolean"},{"name":"getMarginAXYTBLR","signature":"getMarginAXYTBLR As String"},{"name":"getPaddingAXYTBLR","signature":"getPaddingAXYTBLR As String"}]}