{"properties":[{"Key":"ParentID","DisplayName":"ParentID","FieldType":"String","DefaultValue":"","Description":"The ParentID of this component","List":""},{"Key":"CardBordered","DisplayName":"Bordered","FieldType":"Boolean","DefaultValue":"False","Description":"Card Bordered","List":""},{"Key":"CardCompact","DisplayName":"Compact","FieldType":"Boolean","DefaultValue":"False","Description":"Card Compact","List":""},{"Key":"CardNormal","DisplayName":"Normal","FieldType":"Boolean","DefaultValue":"False","Description":"Card Normal","List":""},{"Key":"Glass","DisplayName":"Glass","FieldType":"Boolean","DefaultValue":"False","Description":"Glass","List":""},{"Key":"Height","DisplayName":"Height","FieldType":"String","DefaultValue":"","Description":"Height","List":""},{"Key":"Width","DisplayName":"Width","FieldType":"String","DefaultValue":"96","Description":"Width","List":""},{"Key":"ImageFull","DisplayName":"Image Full","FieldType":"Boolean","DefaultValue":"False","Description":"Image Full","List":""},{"Key":"CardSide","DisplayName":"Card Side","FieldType":"Boolean","DefaultValue":"False","Description":"Card Side","List":""},{"Key":"LgCardSide","DisplayName":"Lg Card Side","FieldType":"Boolean","DefaultValue":"False","Description":"Lg Card Side","List":""},{"Key":"MdCardSide","DisplayName":"Md Card Side","FieldType":"Boolean","DefaultValue":"False","Description":"Md Card Side","List":""},{"Key":"Shadow","DisplayName":"Shadow","FieldType":"String","DefaultValue":"none","Description":"Shadow","List":"2xl|default|inner|lg|md|none|sm|xl"},{"Key":"BgColor","DisplayName":"Bg Color","FieldType":"String","DefaultValue":"base","Description":"Bg Color","List":""},{"Key":"BgColorIntensity","DisplayName":"Bg Color Intensity","FieldType":"String","DefaultValue":"100","Description":"Bg Color Intensity","List":""},{"Key":"BorderColor","DisplayName":"Border Color","FieldType":"String","DefaultValue":"","Description":"Border Color","List":""},{"Key":"BorderRadius","DisplayName":"Border Radius","FieldType":"String","DefaultValue":"","Description":"Border Radius","List":""},{"Key":"BorderStyle","DisplayName":"Border Style","FieldType":"String","DefaultValue":"none","Description":"Border Style","List":"dashed|dotted|double|hidden|none|solid"},{"Key":"BorderWidth","DisplayName":"Border Width","FieldType":"String","DefaultValue":"","Description":"Border Width","List":""},{"Key":"TextColor","DisplayName":"Text Color","FieldType":"String","DefaultValue":"","Description":"Text Color","List":""},{"Key":"TextColorIntensity","DisplayName":"Text Color Intensity","FieldType":"String","DefaultValue":"","Description":"Text Color Intensity","List":""},{"Key":"Visible","DisplayName":"Visible","FieldType":"Boolean","DefaultValue":"True","Description":"If visible.","List":""},{"Key":"MarginAXYTBLR","DisplayName":"Margins","FieldType":"String","DefaultValue":"a=?; x=?; y=?; t=?; b=?; l=?; r=?","Description":"Margins A(all)-X(LR)-Y(TB)-T-B-L-R","List":""},{"Key":"PaddingAXYTBLR","DisplayName":"Paddings","FieldType":"String","DefaultValue":"a=?; x=?; y=?; t=?; b=?; l=?; r=?","Description":"Paddings A(all)-X(LR)-Y(TB)-T-B-L-R","List":""},{"Key":"RawClasses","DisplayName":"Classes (;)","FieldType":"String","DefaultValue":"","Description":"Classes added to the HTML tag.","List":""},{"Key":"RawStyles","DisplayName":"Styles (","FieldType":"String","DefaultValue":"","Description":"Styles added to the HTML tag. Must be a json String use = and ;","List":""},{"Key":"RawAttributes","DisplayName":"Attributes","FieldType":"String","DefaultValue":"","Description":"Attributes added to the HTML tag. Must be a json String use = and ;","List":""}],"events":[{"name":"Click (e As BANanoEvent)"}],"methods":[{"name":"Class_Globals","signature":"Class_Globals"},{"name":"Initialize","signature":"Initialize (Callback As Object, Name As String, EventName As String)"},{"name":"getElement","signature":"getElement() As BANanoElement"},{"name":"getID","signature":"getID() As String"},{"name":"LoadComponentJson","signature":"LoadComponentJson(designName As String)"},{"name":"AddToParent","signature":"AddToParent(targetID As String, props As Map)"},{"name":"Remove","signature":"Remove()"},{"name":"setElement","signature":"setElement(e As BANanoElement)"},{"name":"Clear","signature":"Clear"},{"name":"Append","signature":"Append(tmp As Object)"},{"name":"SetHTML","signature":"SetHTML(sHTML As String)"},{"name":"LinkExisting","signature":"LinkExisting"},{"name":"TriggerEvent","signature":"TriggerEvent(event As String, params() As String)"},{"name":"getHere","signature":"getHere() As String"},{"name":"AddAttr","signature":"AddAttr(attr As String, text As Object)"},{"name":"AddDataAttr","signature":"AddDataAttr(attr As String, text As String)"},{"name":"GetDataAttr","signature":"GetDataAttr(attr As String) As String"},{"name":"GetAttr","signature":"GetAttr(attr As String) As String"},{"name":"AddClass","signature":"AddClass(text As String)"},{"name":"ToggleClass","signature":"ToggleClass(s As String)"},{"name":"RemoveStyle","signature":"RemoveStyle(s As String)"},{"name":"RemoveClass","signature":"RemoveClass(text As String)"},{"name":"AddAttrMap","signature":"AddAttrMap(ms As Map)"},{"name":"RemoveAttr","signature":"RemoveAttr(attr As String)"},{"name":"AddStyleComputed","signature":"AddStyleComputed(attr As String, text As String)"},{"name":"AddStyleMap","signature":"AddStyleMap(ms As Map)"},{"name":"AddStyle","signature":"AddStyle(k As String, v As String)"},{"name":"Show","signature":"Show"},{"name":"Hide","signature":"Hide"},{"name":"getthis","signature":"getthis As BANanoObject"},{"name":"On","signature":"On(event As String, args As List)"},{"name":"OnEvent\t\t\t'ignore","signature":"OnEvent(event As String, Module As Object, methodName As String, args As List)\t\t\t'ignore"},{"name":"DesignerCreateView","signature":"DesignerCreateView (Target As BANanoElement, Props As Map)"},{"name":"setBorderColor","signature":"setBorderColor(c As String)"},{"name":"setBGColorIntensity","signature":"setBGColorIntensity(c As String)"},{"name":"setTextColorIntensity","signature":"setTextColorIntensity(s As String)"},{"name":"BGColorIntensity1","signature":"BGColorIntensity1(c As String, s As String)"},{"name":"TextColorIntensity1","signature":"TextColorIntensity1(hcolor As String, intensity As String)"},{"name":"setBorderRadius","signature":"setBorderRadius(s As String)"},{"name":"setBorderStyle","signature":"setBorderStyle(s As String)"},{"name":"setBorderWidth","signature":"setBorderWidth(s As String)"},{"name":"setCardBordered","signature":"setCardBordered(b As Boolean)"},{"name":"setCardCompact","signature":"setCardCompact(b As Boolean)"},{"name":"setCardNormal","signature":"setCardNormal(b As Boolean)"},{"name":"setCardSide","signature":"setCardSide(b As Boolean)"},{"name":"setGlass","signature":"setGlass(b As Boolean)"},{"name":"setHeight","signature":"setHeight(s As String)"},{"name":"setImageFull","signature":"setImageFull(b As Boolean)"},{"name":"setLgCardSide","signature":"setLgCardSide(b As Boolean)"},{"name":"setMdCardSide","signature":"setMdCardSide(b As Boolean)"},{"name":"setShadow","signature":"setShadow(s As String)"},{"name":"setWidth","signature":"setWidth(s As String)"},{"name":"getBgColor","signature":"getBgColor As String"},{"name":"getBgColorIntensity","signature":"getBgColorIntensity As String"},{"name":"getBorderColor","signature":"getBorderColor As String"},{"name":"getBorderRadius","signature":"getBorderRadius As String"},{"name":"getBorderStyle","signature":"getBorderStyle As String"},{"name":"getBorderWidth","signature":"getBorderWidth As String"},{"name":"getCardBordered","signature":"getCardBordered As Boolean"},{"name":"getCardCompact","signature":"getCardCompact As Boolean"},{"name":"getCardNormal","signature":"getCardNormal As Boolean"},{"name":"getCardSide","signature":"getCardSide As Boolean"},{"name":"getGlass","signature":"getGlass As Boolean"},{"name":"getHeight","signature":"getHeight As String"},{"name":"getImageFull","signature":"getImageFull As Boolean"},{"name":"getLgCardSide","signature":"getLgCardSide As Boolean"},{"name":"getMdCardSide","signature":"getMdCardSide As Boolean"},{"name":"getShadow","signature":"getShadow As String"},{"name":"getTextColor","signature":"getTextColor As String"},{"name":"getTextColorIntensity","signature":"getTextColorIntensity As String"},{"name":"getWidth","signature":"getWidth As String"},{"name":"HideOnSmall","signature":"HideOnSmall"},{"name":"HideOnMedium","signature":"HideOnMedium"},{"name":"HideOnLarge","signature":"HideOnLarge"},{"name":"setParentID","signature":"setParentID(s As String)"},{"name":"setBgColor","signature":"setBgColor(s As String)"},{"name":"setTextColor","signature":"setTextColor(s As String)"},{"name":"setVisible","signature":"setVisible(b As Boolean)"},{"name":"setMarginAXYTBLR","signature":"setMarginAXYTBLR(s As String)"},{"name":"setPaddingAXYTBLR","signature":"setPaddingAXYTBLR(s As String)"},{"name":"setClasses","signature":"setClasses(s As String)"},{"name":"setStyles","signature":"setStyles(s As String)"},{"name":"setAttributes","signature":"setAttributes(s As String)"},{"name":"getParentID","signature":"getParentID As String"},{"name":"getVisible","signature":"getVisible As Boolean"},{"name":"getMarginAXYTBLR","signature":"getMarginAXYTBLR As String"},{"name":"getPaddingAXYTBLR","signature":"getPaddingAXYTBLR As String"},{"name":"getClasses","signature":"getClasses As String"},{"name":"getStyles","signature":"getStyles As String"},{"name":"getAttributes","signature":"getAttributes As String"}]}