{"properties":[{"Key":"ParentID","DisplayName":"ParentID","FieldType":"String","DefaultValue":"","Description":"The ParentID of this div","List":""},{"Key":"Caption","DisplayName":"Caption","FieldType":"String","DefaultValue":"","Description":"The caption of the element","List":""},{"Key":"Size","DisplayName":"Col Span Size","FieldType":"String","DefaultValue":"","Description":"Size on all md to xl","List":""},{"Key":"Sizes","DisplayName":"Col Span Sizes","FieldType":"String","DefaultValue":"xs=?; sm=12; md=?; lg=?; xl=?","Description":"Sizes xs=?; sm=12; md=?; lg=?; xl=?","List":""},{"Key":"Absolute","DisplayName":"Absolute","FieldType":"Boolean","DefaultValue":"False","Description":"Absolute","List":""},{"Key":"DesignMode","DisplayName":"Design Mode","FieldType":"Boolean","DefaultValue":"False","Description":"Design Mode","List":""},{"Key":"CenterChildren","DisplayName":"Center Children","FieldType":"Boolean","DefaultValue":"False","Description":"Center Children","List":""},{"Key":"Shrink","DisplayName":"Shrink","FieldType":"Boolean","DefaultValue":"False","Description":"PT & PB = 0","List":""},{"Key":"AlignContent","DisplayName":"Align Content","FieldType":"String","DefaultValue":"none","Description":"Align Content","List":"around|baseline|between|center|end|evenly|none|start"},{"Key":"AlignItems","DisplayName":"Align Items","FieldType":"String","DefaultValue":"none","Description":"Align Items","List":"baseline|center|end|none|start|stretch"},{"Key":"BackgroundImage","DisplayName":"Background Image","FieldType":"String","DefaultValue":"","Description":"Background Image","List":""},{"Key":"BgColor","DisplayName":"Bg Color","FieldType":"String","DefaultValue":"","Description":"Background Color","List":""},{"Key":"BgColorIntensity","DisplayName":"Bg Color Intensity","FieldType":"String","DefaultValue":"","Description":"Background Color Intensity","List":""},{"Key":"Border","DisplayName":"Border","FieldType":"String","DefaultValue":"","Description":"Border Size","List":""},{"Key":"BorderColor","DisplayName":"Border Color","FieldType":"String","DefaultValue":"","Description":"Border Color","List":""},{"Key":"BorderColorIntensity","DisplayName":"Border Color Intensity","FieldType":"String","DefaultValue":"","Description":"Border Color Intensity","List":""},{"Key":"Columns","DisplayName":"Columns","FieldType":"String","DefaultValue":"","Description":"Number Of Columns Within An Element","List":""},{"Key":"Gap","DisplayName":"Gap","FieldType":"String","DefaultValue":"","Description":"Gap","List":""},{"Key":"Height","DisplayName":"Height","FieldType":"String","DefaultValue":"","Description":"Height","List":""},{"Key":"Hover","DisplayName":"Hover","FieldType":"String","DefaultValue":"","Description":"Classes To Apply On Hover","List":""},{"Key":"PlaceContent","DisplayName":"Place Content","FieldType":"String","DefaultValue":"none","Description":"How Content Is Justified And Aligned At The Same Time","List":"around|baseline|between|center|end|evenly|none|start|stretch"},{"Key":"PlaceItems","DisplayName":"Place Items","FieldType":"String","DefaultValue":"none","Description":"Place Items","List":"baseline|center|end|none|start|stretch"},{"Key":"Relative","DisplayName":"Relative","FieldType":"Boolean","DefaultValue":"False","Description":"Relative","List":""},{"Key":"Rounded","DisplayName":"Rounded","FieldType":"String","DefaultValue":"","Description":"Rounded","List":""},{"Key":"Shadow","DisplayName":"Shadow","FieldType":"String","DefaultValue":"","Description":"Shadow","List":""},{"Key":"TextColor","DisplayName":"Text Color","FieldType":"String","DefaultValue":"","Description":"Text Color","List":""},{"Key":"TextColorIntensity","DisplayName":"Text Color Intensity","FieldType":"String","DefaultValue":"","Description":"Text Color Intensity","List":""},{"Key":"Width","DisplayName":"Width","FieldType":"String","DefaultValue":"","Description":"Width","List":""},{"Key":"Visible","DisplayName":"Visible","FieldType":"Boolean","DefaultValue":"True","Description":"If visible.","List":""},{"Key":"MarginAXYTBLR","DisplayName":"Margins","FieldType":"String","DefaultValue":"a=?; x=?; y=?; t=?; b=?; l=?; r=?","Description":"Margins A-X-Y-T-B-L-R","List":""},{"Key":"PaddingAXYTBLR","DisplayName":"Paddings","FieldType":"String","DefaultValue":"a=?; x=?; y=?; t=?; b=?; l=?; r=?","Description":"Paddings A-X-Y-T-B-L-R","List":""},{"Key":"RawClasses","DisplayName":"Classes","FieldType":"String","DefaultValue":"","Description":"Classes added to the HTML tag.","List":""},{"Key":"RawStyles","DisplayName":"Styles","FieldType":"String","DefaultValue":"","Description":"Styles added to the HTML tag. Must be a json String- use =","List":""},{"Key":"RawAttributes","DisplayName":"Attributes","FieldType":"String","DefaultValue":"","Description":"Attributes added to the HTML tag. Must be a json String- use =","List":""}],"events":[{"name":"Click (e As BANanoEvent)"}],"methods":[{"name":"DesignerCreateView","signature":"DesignerCreateView (Target As BANanoElement, Props As Map)"},{"name":"Initialize","signature":"Initialize (CallBack As Object, cName As String, EventName As String)"},{"name":"AssignElement","signature":"AssignElement(mCallBack As Object, ID As String)"},{"name":"setCaption","signature":"setCaption(l As String)"},{"name":"getCaption","signature":"getCaption As String"},{"name":"setHTML","signature":"setHTML(hx As String)"},{"name":"shadow","signature":"shadow(s As String)"},{"name":"RoundedBox","signature":"RoundedBox"},{"name":"TextColorIntensity","signature":"TextColorIntensity(hcolor As String, intensity As String)"},{"name":"BGColorIntensity","signature":"BGColorIntensity(c As String, s As String)"},{"name":"alignContent","signature":"alignContent(s As String) As SDUICol"},{"name":"alignItems","signature":"alignItems(s As String) As SDUICol"},{"name":"setBackgroundImage","signature":"setBackgroundImage(s As String)"},{"name":"bgColor","signature":"bgColor(s As String) As SDUICol"},{"name":"border","signature":"border(s As String) As SDUICol"},{"name":"borderColor","signature":"borderColor(s As String) As SDUICol"},{"name":"CenterChildren","signature":"CenterChildren As SDUICol"},{"name":"CenterVertically","signature":"CenterVertically As SDUICol"},{"name":"CenterHorizontally","signature":"CenterHorizontally As SDUICol"},{"name":"AddClass","signature":"AddClass(xText As String)"},{"name":"borderColorIntensity","signature":"borderColorIntensity(c As String, i As String) As SDUICol"},{"name":"columns","signature":"columns(s As String) As SDUICol"},{"name":"setGap","signature":"setGap(s As String)"},{"name":"height","signature":"height(s As String) As SDUICol"},{"name":"hover","signature":"hover(s As String) As SDUICol"},{"name":"placeContent","signature":"placeContent(s As String) As SDUICol"},{"name":"placeItems","signature":"placeItems(s As String) As SDUICol"},{"name":"rounded","signature":"rounded(s As String) As SDUICol"},{"name":"textColor","signature":"textColor(s As String) As SDUICol"},{"name":"width","signature":"width(s As String) As SDUICol"},{"name":"Enable","signature":"Enable"},{"name":"Disable","signature":"Disable"},{"name":"getName","signature":"getName As String"},{"name":"getHere","signature":"getHere As String"},{"name":"Show","signature":"Show"},{"name":"Hide","signature":"Hide"},{"name":"absolute","signature":"absolute As SDUICol"},{"name":"relative","signature":"relative As SDUICol"},{"name":"Empty","signature":"Empty"},{"name":"AddToParent","signature":"AddToParent(targetID As String, props As Map)"},{"name":"HideOnSmall","signature":"HideOnSmall"},{"name":"HideOnMedium","signature":"HideOnMedium"},{"name":"HideOnLarge","signature":"HideOnLarge"},{"name":"LinkExisting","signature":"LinkExisting"},{"name":"setParentID","signature":"setParentID(s As String)"},{"name":"setSize","signature":"setSize(s As String)"},{"name":"setSizes","signature":"setSizes(s As String)"},{"name":"setDesignMode","signature":"setDesignMode(b As Boolean)"},{"name":"setShrink","signature":"setShrink(b As Boolean)"},{"name":"setVisible","signature":"setVisible(b As Boolean)"},{"name":"setMarginAXYTBLR","signature":"setMarginAXYTBLR(s As String)"},{"name":"setPaddingAXYTBLR","signature":"setPaddingAXYTBLR(s As String)"},{"name":"setClasses","signature":"setClasses(s As String)"},{"name":"setStyles","signature":"setStyles(s As String)"},{"name":"setAttributes","signature":"setAttributes(s As String)"},{"name":"getParentID","signature":"getParentID As String"},{"name":"getSize","signature":"getSize As String"},{"name":"getSizes","signature":"getSizes As String"},{"name":"getDesignMode","signature":"getDesignMode As Boolean"},{"name":"getShrink","signature":"getShrink As Boolean"},{"name":"getBackgroundImage","signature":"getBackgroundImage As String"},{"name":"getGap","signature":"getGap As String"},{"name":"getVisible","signature":"getVisible As Boolean"},{"name":"getMarginAXYTBLR","signature":"getMarginAXYTBLR As String"},{"name":"getPaddingAXYTBLR","signature":"getPaddingAXYTBLR As String"},{"name":"getClasses","signature":"getClasses As String"},{"name":"getStyles","signature":"getStyles As String"},{"name":"getAttributes","signature":"getAttributes As String"}]}