{"properties":[{"Key":"ParentID","DisplayName":"ParentID","FieldType":"String","DefaultValue":"","Description":"The id of the element to place this into","List":""},{"Key":"DisplayType","DisplayName":"DisplayType","FieldType":"String","DefaultValue":"dynamic","Description":"Show dynamic content","List":"dynamic|iframe"},{"Key":"URL","DisplayName":"URL / Content","FieldType":"String","DefaultValue":"./assets/bg-10.jpg","Description":"URL / Content","List":""},{"Key":"DeviceType","DisplayName":"Device Type","FieldType":"String","DefaultValue":"iphonex","Description":"Device Type","List":"iphonex|galaxynote8|iphone8|iphone8plus|iphone5s|iphone5c|ipadmini|iphone4s|nexus5|lumia920|galaxys5|htcone|macbookpro"},{"Key":"Orientation","DisplayName":"Orientation","FieldType":"String","DefaultValue":"potrait","Description":"Orientation","List":"potrait|landscape"},{"Key":"Width","DisplayName":"Width","FieldType":"String","DefaultValue":"auto","Description":"Width","List":""},{"Key":"Height","DisplayName":"Height","FieldType":"String","DefaultValue":"auto","Description":"Height","List":""},{"Key":"Visible","DisplayName":"Visible","FieldType":"Boolean","DefaultValue":"True","Description":"If visible.","List":""},{"Key":"MarginAXYTBLR","DisplayName":"Margins AXYTBLR","FieldType":"String","DefaultValue":"a=?; x=?; y=?; t=?; b=?; l=?; r=?","Description":"Margins A-X-Y-T-B-L-R","List":""},{"Key":"PaddingAXYTBLR","DisplayName":"Paddings AXYTBLR","FieldType":"String","DefaultValue":"a=?; x=?; y=?; t=?; b=?; l=?; r=?","Description":"Paddings A-X-Y-T-B-L-R","List":""},{"Key":"RawClasses","DisplayName":"Classes","FieldType":"String","DefaultValue":"","Description":"Classes added to the HTML tag.","List":""},{"Key":"RawStyles","DisplayName":"Styles","FieldType":"String","DefaultValue":"","Description":"Styles added to the HTML tag. Must be a json String","use =":"use =","List":""},{"Key":"RawAttributes","DisplayName":"Attributes","FieldType":"String","DefaultValue":"","Description":"Attributes added to the HTML tag. Must be a json String","use =":"use =","List":""}],"events":[],"methods":[{"name":"Class_Globals","signature":"Class_Globals"},{"name":"Initialize","signature":"Initialize (CallBack As Object, Name As String, EventName As String)"},{"name":"getDevicesList","signature":"getDevicesList As List"},{"name":"DesignerCreateView","signature":"DesignerCreateView (Target As BANanoElement, Props As Map)"},{"name":"Show","signature":"Show"},{"name":"Hide","signature":"Hide"},{"name":"LoadComponentJson","signature":"LoadComponentJson(designName As String)"},{"name":"AddToParent","signature":"AddToParent(targetID As String, props As Map)"},{"name":"getName","signature":"getName As String"},{"name":"getHere","signature":"getHere As String"},{"name":"setVisible","signature":"setVisible(b As Boolean)"},{"name":"getVisible","signature":"getVisible As Boolean"},{"name":"AddClass","signature":"AddClass(text As String)"},{"name":"RemoveClass","signature":"RemoveClass(text As String)"},{"name":"RemoveStyle","signature":"RemoveStyle(s As String)"},{"name":"ToggleClass","signature":"ToggleClass(s As String)"},{"name":"setDevice","signature":"setDevice(sType As String)"},{"name":"setDisplayType","signature":"setDisplayType(s As String)"},{"name":"getHereScreen","signature":"getHereScreen As String"},{"name":"Clear","signature":"Clear"},{"name":"setContent","signature":"setContent(s As String)"},{"name":"setOrientation","signature":"setOrientation(s As String)"},{"name":"ToggleOrientation","signature":"ToggleOrientation"},{"name":"ToObject","signature":"ToObject As Object"},{"name":"DownloadAsImage","signature":"DownloadAsImage(imgFile As String)"},{"name":"setAttributes","signature":"setAttributes(s As String)"},{"name":"setStyles","signature":"setStyles(s As String)"},{"name":"setClasses","signature":"setClasses(s As String)"},{"name":"setPaddingAXYTBLR","signature":"setPaddingAXYTBLR(s As String)"},{"name":"setMarginAXYTBLR","signature":"setMarginAXYTBLR(s As String)"},{"name":"setParentID","signature":"setParentID(s As String)"},{"name":"setURL","signature":"setURL(s As String)"},{"name":"setDeviceType","signature":"setDeviceType(s As String)"},{"name":"setWidth","signature":"setWidth(s As String)"},{"name":"setHeight","signature":"setHeight(s As String)"},{"name":"getParentID","signature":"getParentID As String"},{"name":"getDisplayType","signature":"getDisplayType As String"},{"name":"getURL","signature":"getURL As String"},{"name":"getDeviceType","signature":"getDeviceType As String"},{"name":"getOrientation","signature":"getOrientation As String"},{"name":"getWidth","signature":"getWidth As String"},{"name":"getHeight","signature":"getHeight As String"},{"name":"getMarginAXYTBLR","signature":"getMarginAXYTBLR As String"},{"name":"getPaddingAXYTBLR","signature":"getPaddingAXYTBLR As String"},{"name":"getClasses","signature":"getClasses As String"},{"name":"getStyles","signature":"getStyles As String"},{"name":"getAttributes","signature":"getAttributes As String"}]}