{"properties":[{"Key":"ParentID","DisplayName":"Table Name","FieldType":"String","DefaultValue":"","Description":"The Table Name of this component","List":""},{"Key":"PropHintId","DisplayName":"Hint Id","FieldType":"String","DefaultValue":"","Description":"Hint Id of helper tour","List":""},{"Key":"Proppos","DisplayName":"Position","FieldType":"String","DefaultValue":"01","Description":"Position","List":""},{"Key":"Propname","DisplayName":"Name","FieldType":"String","DefaultValue":"","Description":"Name","List":""},{"Key":"Proptitle","DisplayName":"Title","FieldType":"String","DefaultValue":"","Description":"Title","List":""},{"Key":"Propdesc","DisplayName":"Description","FieldType":"String","DefaultValue":"","Description":"Description","List":""},{"Key":"Propdatatype","DisplayName":"Data Type","FieldType":"String","DefaultValue":"String","Description":"Propdatatype","List":"Blob|Bool|Date|Double|Int|String"},{"Key":"Proptype","DisplayName":"Property Type","FieldType":"String","DefaultValue":"TextBox","Description":"Property Type","List":"Avatar|AvatarGroup|AvatarPlaceholder|CamCorder|Camera|CheckBox|Color|DatePicker|DateTimePicker|Dialer|Email|FileInput|FileInputProgress|Image|Label|Link|Microphone|Number|Password|PasswordGroup|PlaceHolder|Progress|RadialProgress|RadioGroup|Range|Rating|RollDate|Select|SelectGroup|Signature|Telephone|TextArea|TextBox|TextBoxGroup|TimePicker|Toggle|Button|ButtonIcon|ToolbarActionButton|ToolbarFileUpload|ToolbarActionButtonIcon|ToolbarDropDown|ToolbarSelect|ToolbarTextBox|ToolbarFileUpload1|ToolbarActionButtonIconTextColor|ToolbarDropDownIconTextColor|ToolbarDropDownIcon|ToolbarDropDownAvatar|ToolbarSelectNormal|ToolbarTextBoxNormal|TextAreaChipGroup"},{"Key":"PropSetHint","DisplayName":"Set Hint","FieldType":"Boolean","DefaultValue":"False","Description":"Set Hint","List":""},{"Key":"PropSetTooltip","DisplayName":"Set Tooltip","FieldType":"Boolean","DefaultValue":"False","Description":"Set Tooltip","List":""},{"Key":"Proptooltippos","DisplayName":"Tooltip Position","FieldType":"String","DefaultValue":"left","Description":"Tooltip Position","List":"bottom|left|none|right|top"},{"Key":"Propactive","DisplayName":"Active","FieldType":"Boolean","DefaultValue":"True","Description":"Active","List":""},{"Key":"Proprow","DisplayName":"Grid Row Pos","FieldType":"String","DefaultValue":"1","Description":"Row","List":""},{"Key":"Propcol","DisplayName":"Grid Column Pos","FieldType":"String","DefaultValue":"1","Description":"Column","List":""},{"Key":"Propcolor","DisplayName":"Color","FieldType":"String","DefaultValue":"","Description":"Color","List":""},{"Key":"PropTextColor","DisplayName":"Text Color","FieldType":"String","DefaultValue":"","Description":"Text Color","List":""},{"Key":"PropBGColor","DisplayName":"Background Color","FieldType":"String","DefaultValue":"","Description":"Background Color","List":""},{"Key":"Propupdate","DisplayName":"Update Src Field","FieldType":"String","DefaultValue":"","Description":"Update Src Field from Image","List":""},{"Key":"Propurl","DisplayName":"URL","FieldType":"String","DefaultValue":"","Description":"URL","List":""},{"Key":"Propvalue","DisplayName":"Value","FieldType":"String","DefaultValue":"","Description":"Value","List":""},{"Key":"Propvisible","DisplayName":"Visible","FieldType":"Boolean","DefaultValue":"True","Description":"Visible","List":""},{"Key":"Propcolumntype","DisplayName":"Column Type","FieldType":"String","DefaultValue":"Normal","Description":"Column Type","List":"Avatar|AvatarGroup|AvatarPlaceholder|AvatarTitle|AvatarTitleSubTitle|Badge|BadgeAvatarTitle|BadgeGroup|CheckBox|ClickLink|Color|Date|DatePicker|DatePicker1|DateTime|DateTimePicker|Dialer|Email|FileInput|FileInputProgress|FileInputProgressCamCorder|FileInputProgressCamera|FileInputProgressMicrophone|FileSize|Icon|IconTitle|TitleIcon|Image|Link|Money|Normal|Number|Password|PasswordGroup|PlaceHolder|Progress|RadialProgress|RadioGroup|RadioGroupFromList|Range|Rating|Select|SelectFromList|SelectGroup|TextArea|TextBox|TextBoxGroup|Thousand|TimePicker|TitleSubTitle|Toggle|Website"},{"Key":"Propcolumnvisible","DisplayName":"Column Visible","FieldType":"Boolean","DefaultValue":"True","Description":"Table Column Visible","List":""},{"Key":"PropPlaceHolder","DisplayName":"Place Holder","FieldType":"String","DefaultValue":"","Description":"Prop Place Holder","List":""},{"Key":"PropSubtitle1","DisplayName":"Sub Title","FieldType":"String","DefaultValue":"","Description":"Prop Subtitle1","List":""},{"Key":"PropSubtitle2","DisplayName":"Sub Title 1","FieldType":"String","DefaultValue":"","Description":"Prop Subtitle2","List":""},{"Key":"PropHintText","DisplayName":"Hint Text","FieldType":"String","DefaultValue":"","Description":"Prop Hint Text","List":""},{"Key":"PropErrorText","DisplayName":"Error Text","FieldType":"String","DefaultValue":"","Description":"Prop Error Text","List":""},{"Key":"PropAlign","DisplayName":"Alignment","FieldType":"String","DefaultValue":"left","Description":"Alignment","List":"left|center|right"},{"Key":"Propdateformat","DisplayName":"Date Format","FieldType":"String","DefaultValue":"","Description":"Date Format","List":""},{"Key":"Propdisplayformat","DisplayName":"Display Format","FieldType":"String","DefaultValue":"","Description":"Display Format","List":""},{"Key":"Proplocale","DisplayName":"Locale","FieldType":"String","DefaultValue":"en","Description":"Locale","List":""},{"Key":"Propenabled","DisplayName":"Enabled","FieldType":"Boolean","DefaultValue":"True","Description":"Enabled","List":""},{"Key":"Propforeigntable","DisplayName":"Foreign Table","FieldType":"String","DefaultValue":"","Description":"Foreign Table","List":""},{"Key":"Propforeignfield","DisplayName":"Foreign Key Field","FieldType":"String","DefaultValue":"","Description":"Foreign Key Field","List":""},{"Key":"Propforeigndisplayfield","DisplayName":"Foreign Display Field","FieldType":"String","DefaultValue":"","Description":"Foreign Display Field","List":""},{"Key":"Propheight","DisplayName":"Height","FieldType":"String","DefaultValue":"","Description":"Height","List":""},{"Key":"Propwidth","DisplayName":"Width","FieldType":"String","DefaultValue":"","Description":"Width","List":""},{"Key":"Propicon","DisplayName":"Icon","FieldType":"String","DefaultValue":"","Description":"Icon","List":""},{"Key":"Propstart","DisplayName":"Start Value","FieldType":"String","DefaultValue":"0","Description":"Start Value","List":""},{"Key":"Propstep","DisplayName":"Step Value","FieldType":"String","DefaultValue":"1","Description":"Step Value","List":""},{"Key":"Propmax","DisplayName":"Max Value","FieldType":"String","DefaultValue":"100","Description":"Max Value","List":""},{"Key":"Propmaxlen","DisplayName":"Max Length","FieldType":"String","DefaultValue":"","Description":"Max Length","List":""},{"Key":"Propprefix","DisplayName":"Prefix","FieldType":"String","DefaultValue":"","Description":"Prefix","List":""},{"Key":"Propsuffix","DisplayName":"Suffix","FieldType":"String","DefaultValue":"","Description":"Suffix","List":""},{"Key":"Propprepend","DisplayName":"Prepend Icon","FieldType":"String","DefaultValue":"","Description":"Prepend Icon","List":""},{"Key":"Propappend","DisplayName":"Append Icon","FieldType":"String","DefaultValue":"","Description":"Append Icon","List":""},{"Key":"Propreadonly","DisplayName":"ReadOnly","FieldType":"Boolean","DefaultValue":"False","Description":"Read Only","List":""},{"Key":"Proprequired","DisplayName":"Required","FieldType":"Boolean","DefaultValue":"False","Description":"Required","List":""},{"Key":"Proprows","DisplayName":"TextArea Rows","FieldType":"String","DefaultValue":"","Description":"Textarea Rows","List":""},{"Key":"Rawpropoptions","DisplayName":"Options (JSON)","FieldType":"String","DefaultValue":"","Description":"Options (JSON)","List":""},{"Key":"Propshape","DisplayName":"Shape","FieldType":"String","DefaultValue":"rounded","Description":"Propshape","List":"circle|decagon|diamond|half-1|half-2|heart|hexagon|hexagon-2|none|parallelogram|parallelogram-2|parallelogram-3|parallelogram-4|pentagon|rounded|square|squircle|star|star-2|triangle|triangle-2|triangle-3|triangle-4"},{"Key":"Propsize","DisplayName":"Size","FieldType":"String","DefaultValue":"","Description":"Size","List":""},{"Key":"Proptime24","DisplayName":"Time 24","FieldType":"Boolean","DefaultValue":"True","Description":"Time 24","List":""},{"Key":"PropSetBadge","DisplayName":"Set Badge","FieldType":"Boolean","DefaultValue":"False","Description":"Set Badge","List":""},{"Key":"PropBadgeColor","DisplayName":"Badge Color","FieldType":"String","DefaultValue":"","Description":"Badge Color","List":""},{"Key":"PropBadgeRound","DisplayName":"Badge Round","FieldType":"Boolean","DefaultValue":"False","Description":"Badge Round","List":""},{"Key":"PropBadgeValue","DisplayName":"Badge Value","FieldType":"String","DefaultValue":"","Description":"Badge Value","List":""},{"Key":"PropBadgeTextColor","DisplayName":"Badge Text Color","FieldType":"String","DefaultValue":"","Description":"Badge Text Color","List":""},{"Key":"PropMultiple","DisplayName":"Multiple","FieldType":"Boolean","DefaultValue":"False","Description":"Multiple Files","List":""},{"Key":"Proptotal","DisplayName":"Total (Footer)","FieldType":"Boolean","DefaultValue":"False","Description":"Total (Footer)","List":""},{"Key":"PropComputeValue","DisplayName":"Compute Value","FieldType":"Boolean","DefaultValue":"False","Description":"Prop Compute Value","List":""},{"Key":"PropComputeColor","DisplayName":"Compute Color","FieldType":"Boolean","DefaultValue":"False","Description":"Prop Compute Color","List":""},{"Key":"PropComputeBgcolor","DisplayName":"Compute BG Color","FieldType":"Boolean","DefaultValue":"False","Description":"Prop Compute Bgcolor","List":""},{"Key":"PropComputeTextcolor","DisplayName":"Compute Text Color","FieldType":"Boolean","DefaultValue":"False","Description":"Prop Compute Bgcolor","List":""},{"Key":"PropComputeClass","DisplayName":"Compute Class","FieldType":"Boolean","DefaultValue":"False","Description":"Prop Compute Class","List":""},{"Key":"PropComputeRing","DisplayName":"Compute Ring","FieldType":"Boolean","DefaultValue":"False","Description":"Prop Compute Ring","List":""},{"Key":"Refresh","DisplayName":"Refresh Property Bag","FieldType":"Boolean","DefaultValue":"False","Description":"Refresh parent table property bag","List":""}],"events":[],"methods":[{"name":"Class_Globals","signature":"Class_Globals"},{"name":"Initialize","signature":"Initialize (Callback As Object, Name As String, EventName As String)"},{"name":"getID","signature":"getID() As String"},{"name":"setParentID","signature":"setParentID(s As String)"},{"name":"DesignerCreateView","signature":"DesignerCreateView (Target As BANanoElement, Props As Map)"},{"name":"setPropcolumnvisible","signature":"setPropcolumnvisible(b As Boolean)"},{"name":"getColumnVisible","signature":"getColumnVisible As Boolean"},{"name":"setBGColor","signature":"setBGColor(s As String)"},{"name":"getBGColor","signature":"getBGColor As String"},{"name":"setAlign","signature":"setAlign(s As String)"},{"name":"setBadgeTextColor","signature":"setBadgeTextColor(s As String)"},{"name":"getBadgeTextColor","signature":"getBadgeTextColor As String"},{"name":"setBadgeColor","signature":"setBadgeColor(s As String)"},{"name":"setSetBadge","signature":"setSetBadge(b As Boolean)"},{"name":"getBadgeColor","signature":"getBadgeColor As String"},{"name":"getSetBadge","signature":"getSetBadge As Boolean"},{"name":"setBadgeRound","signature":"setBadgeRound(b As Boolean)"},{"name":"setBadgeValue","signature":"setBadgeValue(s As String)"},{"name":"setHintId","signature":"setHintId(s As String)"},{"name":"setMultiple","signature":"setMultiple(b As Boolean)"},{"name":"setSetHint","signature":"setSetHint(b As Boolean)"},{"name":"setSetTooltip","signature":"setSetTooltip(b As Boolean)"},{"name":"setTextColor","signature":"setTextColor(s As String)"},{"name":"getBadgeRound","signature":"getBadgeRound As Boolean"},{"name":"getBadgeValue","signature":"getBadgeValue As String"},{"name":"getHintId","signature":"getHintId As String"},{"name":"getMultiple","signature":"getMultiple As Boolean"},{"name":"getSetHint","signature":"getSetHint As Boolean"},{"name":"getSetTooltip","signature":"getSetTooltip As String"},{"name":"getTextColor","signature":"getTextColor As String"},{"name":"setRefresh","signature":"setRefresh(b As Boolean)"},{"name":"setActive","signature":"setActive(b As Boolean)"},{"name":"setAppendIcon","signature":"setAppendIcon(s As String)"},{"name":"setColumn","signature":"setColumn(s As String)"},{"name":"setColor","signature":"setColor(s As String)"},{"name":"setColumnType","signature":"setColumnType(s As String)"},{"name":"setDataType","signature":"setDataType(s As String)"},{"name":"setDateFormat","signature":"setDateFormat(s As String)"},{"name":"setDescription","signature":"setDescription(s As String)"},{"name":"setDisplayFormat","signature":"setDisplayFormat(s As String)"},{"name":"setEnabled","signature":"setEnabled(b As Boolean)"},{"name":"setForeignDisplayField","signature":"setForeignDisplayField(s As String)"},{"name":"setForeignKeyField","signature":"setForeignKeyField(s As String)"},{"name":"setForeignTable","signature":"setForeignTable(s As String)"},{"name":"setHeight","signature":"setHeight(s As String)"},{"name":"setIcon","signature":"setIcon(s As String)"},{"name":"setLocale","signature":"setLocale(s As String)"},{"name":"setMaxValue","signature":"setMaxValue(s As String)"},{"name":"setMaxLength","signature":"setMaxLength(s As String)"},{"name":"setName","signature":"setName(s As String)"},{"name":"setPosition","signature":"setPosition(s As String)"},{"name":"setPrefix","signature":"setPrefix(s As String)"},{"name":"setPrependIcon","signature":"setPrependIcon(s As String)"},{"name":"setReadOnly","signature":"setReadOnly(b As Boolean)"},{"name":"setRequired","signature":"setRequired(b As Boolean)"},{"name":"setRow","signature":"setRow(s As String)"},{"name":"setTextareaRows","signature":"setTextareaRows(s As String)"},{"name":"setShape","signature":"setShape(s As String)"},{"name":"setSize","signature":"setSize(s As String)"},{"name":"setStartValue","signature":"setStartValue(s As String)"},{"name":"setStepValue","signature":"setStepValue(s As String)"},{"name":"setSuffix","signature":"setSuffix(s As String)"},{"name":"setTime24","signature":"setTime24(b As Boolean)"},{"name":"setTitle","signature":"setTitle(s As String)"},{"name":"setTooltipPos","signature":"setTooltipPos(s As String)"},{"name":"setTotal","signature":"setTotal(b As Boolean)"},{"name":"setPropertyType","signature":"setPropertyType(s As String)"},{"name":"setUpdateField","signature":"setUpdateField(s As String)"},{"name":"setUrl","signature":"setUrl(s As String)"},{"name":"setValue","signature":"setValue(s As String)"},{"name":"setVisible","signature":"setVisible(b As Boolean)"},{"name":"setWidth","signature":"setWidth(s As String)"},{"name":"setOptions","signature":"setOptions(s As String)"},{"name":"getActive","signature":"getActive As Boolean"},{"name":"getAppendIcon","signature":"getAppendIcon As String"},{"name":"getColumn","signature":"getColumn As String"},{"name":"getColor","signature":"getColor As String"},{"name":"getColumnType","signature":"getColumnType As String"},{"name":"getDataType","signature":"getDataType As String"},{"name":"getDateFormat","signature":"getDateFormat As String"},{"name":"getDescription","signature":"getDescription As String"},{"name":"getDisplayFormat","signature":"getDisplayFormat As String"},{"name":"getEnabled","signature":"getEnabled As Boolean"},{"name":"getForeignDisplayField","signature":"getForeignDisplayField As String"},{"name":"getForeignKeyField","signature":"getForeignKeyField As String"},{"name":"getForeignTable","signature":"getForeignTable As String"},{"name":"getHeight","signature":"getHeight As String"},{"name":"getIcon","signature":"getIcon As String"},{"name":"getLocale","signature":"getLocale As String"},{"name":"getMaxValue","signature":"getMaxValue As String"},{"name":"getMaxLength","signature":"getMaxLength As String"},{"name":"getName","signature":"getName As String"},{"name":"getPosition","signature":"getPosition As String"},{"name":"getPrefix","signature":"getPrefix As String"},{"name":"getPrependIcon","signature":"getPrependIcon As String"},{"name":"getReadOnly","signature":"getReadOnly As Boolean"},{"name":"getRequired","signature":"getRequired As Boolean"},{"name":"getRow","signature":"getRow As String"},{"name":"getTextareaRows","signature":"getTextareaRows As String"},{"name":"getShape","signature":"getShape As String"},{"name":"getSize","signature":"getSize As String"},{"name":"getStartValue","signature":"getStartValue As String"},{"name":"getStepValue","signature":"getStepValue As String"},{"name":"getSuffix","signature":"getSuffix As String"},{"name":"getTime24","signature":"getTime24 As Boolean"},{"name":"getTitle","signature":"getTitle As String"},{"name":"getTooltipPos","signature":"getTooltipPos As String"},{"name":"getTotal","signature":"getTotal As Boolean"},{"name":"getPropetyType","signature":"getPropetyType As String"},{"name":"getUpdateField","signature":"getUpdateField As String"},{"name":"getURL","signature":"getURL As String"},{"name":"getValue","signature":"getValue As String"},{"name":"getVisible","signature":"getVisible As Boolean"},{"name":"getWidth","signature":"getWidth As String"},{"name":"getOptions","signature":"getOptions As String"},{"name":"setPropComputeTextcolor","signature":"setPropComputeTextcolor(b As Boolean)"},{"name":"getPropComputeTextcolor","signature":"getPropComputeTextcolor As Boolean"},{"name":"setComputeBgcolor","signature":"setComputeBgcolor(b As Boolean)"},{"name":"setComputeClass","signature":"setComputeClass(b As Boolean)"},{"name":"setComputeColor","signature":"setComputeColor(b As Boolean)"},{"name":"setComputeRing","signature":"setComputeRing(b As Boolean)"},{"name":"setComputeValue","signature":"setComputeValue(b As Boolean)"},{"name":"setErrorText","signature":"setErrorText(s As String)"},{"name":"setHintText","signature":"setHintText(s As String)"},{"name":"setPlaceHolder","signature":"setPlaceHolder(s As String)"},{"name":"setSubTitle","signature":"setSubTitle(s As String)"},{"name":"setSubTitle1","signature":"setSubTitle1(s As String)"},{"name":"getComputeBgcolor","signature":"getComputeBgcolor As Boolean"},{"name":"getComputeClass","signature":"getComputeClass As Boolean"},{"name":"getComputeColor","signature":"getComputeColor As Boolean"},{"name":"getComputeRing","signature":"getComputeRing As Boolean"},{"name":"getComputeValue","signature":"getComputeValue As Boolean"},{"name":"getErrorText","signature":"getErrorText As String"},{"name":"getHintText","signature":"getHintText As String"},{"name":"getPlaceHolder","signature":"getPlaceHolder As String"},{"name":"getSubTitle","signature":"getSubTitle As String"},{"name":"getSubtitle1","signature":"getSubtitle1 As String"},{"name":"getAlign","signature":"getAlign As String"},{"name":"setPropHintId","signature":"setPropHintId(s As String)"},{"name":"setProppos","signature":"setProppos(s As String)"},{"name":"setPropname","signature":"setPropname(s As String)"},{"name":"setProptitle","signature":"setProptitle(s As String)"},{"name":"setPropdesc","signature":"setPropdesc(s As String)"},{"name":"setPropdatatype","signature":"setPropdatatype(s As String)"},{"name":"setProptype","signature":"setProptype(s As String)"},{"name":"setPropSetHint","signature":"setPropSetHint(b As Boolean)"},{"name":"setPropSetTooltip","signature":"setPropSetTooltip(b As Boolean)"},{"name":"setProptooltippos","signature":"setProptooltippos(s As String)"},{"name":"setPropactive","signature":"setPropactive(b As Boolean)"},{"name":"setProprow","signature":"setProprow(s As String)"},{"name":"setPropcol","signature":"setPropcol(s As String)"},{"name":"setPropcolor","signature":"setPropcolor(s As String)"},{"name":"setPropTextColor","signature":"setPropTextColor(s As String)"},{"name":"setPropBGColor","signature":"setPropBGColor(s As String)"},{"name":"setPropupdate","signature":"setPropupdate(s As String)"},{"name":"setPropurl","signature":"setPropurl(s As String)"},{"name":"setPropvalue","signature":"setPropvalue(s As String)"},{"name":"setPropvisible","signature":"setPropvisible(b As Boolean)"},{"name":"setPropcolumntype","signature":"setPropcolumntype(s As String)"},{"name":"setPropPlaceHolder","signature":"setPropPlaceHolder(s As String)"},{"name":"setPropSubtitle1","signature":"setPropSubtitle1(s As String)"},{"name":"setPropSubtitle2","signature":"setPropSubtitle2(s As String)"},{"name":"setPropHintText","signature":"setPropHintText(s As String)"},{"name":"setPropErrorText","signature":"setPropErrorText(s As String)"},{"name":"setPropAlign","signature":"setPropAlign(s As String)"},{"name":"setPropdateformat","signature":"setPropdateformat(s As String)"},{"name":"setPropdisplayformat","signature":"setPropdisplayformat(s As String)"},{"name":"setProplocale","signature":"setProplocale(s As String)"},{"name":"setPropenabled","signature":"setPropenabled(b As Boolean)"},{"name":"setPropforeigntable","signature":"setPropforeigntable(s As String)"},{"name":"setPropforeignfield","signature":"setPropforeignfield(s As String)"},{"name":"setPropforeigndisplayfield","signature":"setPropforeigndisplayfield(s As String)"},{"name":"setPropheight","signature":"setPropheight(s As String)"},{"name":"setPropwidth","signature":"setPropwidth(s As String)"},{"name":"setPropicon","signature":"setPropicon(s As String)"},{"name":"setPropstart","signature":"setPropstart(s As String)"},{"name":"setPropstep","signature":"setPropstep(s As String)"},{"name":"setPropmax","signature":"setPropmax(s As String)"},{"name":"setPropmaxlen","signature":"setPropmaxlen(s As String)"},{"name":"setPropprefix","signature":"setPropprefix(s As String)"},{"name":"setPropsuffix","signature":"setPropsuffix(s As String)"},{"name":"setPropprepend","signature":"setPropprepend(s As String)"},{"name":"setPropappend","signature":"setPropappend(s As String)"},{"name":"setPropreadonly","signature":"setPropreadonly(b As Boolean)"},{"name":"setProprequired","signature":"setProprequired(b As Boolean)"},{"name":"setProprows","signature":"setProprows(s As String)"},{"name":"setpropoptions","signature":"setpropoptions(s As String)"},{"name":"setPropshape","signature":"setPropshape(s As String)"},{"name":"setPropsize","signature":"setPropsize(s As String)"},{"name":"setProptime24","signature":"setProptime24(b As Boolean)"},{"name":"setPropSetBadge","signature":"setPropSetBadge(b As Boolean)"},{"name":"setPropBadgeColor","signature":"setPropBadgeColor(s As String)"},{"name":"setPropBadgeRound","signature":"setPropBadgeRound(b As Boolean)"},{"name":"setPropBadgeValue","signature":"setPropBadgeValue(s As String)"},{"name":"setPropBadgeTextColor","signature":"setPropBadgeTextColor(s As String)"},{"name":"setPropMultiple","signature":"setPropMultiple(b As Boolean)"},{"name":"setProptotal","signature":"setProptotal(b As Boolean)"},{"name":"setPropComputeValue","signature":"setPropComputeValue(b As Boolean)"},{"name":"setPropComputeColor","signature":"setPropComputeColor(b As Boolean)"},{"name":"setPropComputeBgcolor","signature":"setPropComputeBgcolor(b As Boolean)"},{"name":"setPropComputeClass","signature":"setPropComputeClass(b As Boolean)"},{"name":"setPropComputeRing","signature":"setPropComputeRing(b As Boolean)"},{"name":"getParentID","signature":"getParentID As String"},{"name":"getPropHintId","signature":"getPropHintId As String"},{"name":"getProppos","signature":"getProppos As String"},{"name":"getPropname","signature":"getPropname As String"},{"name":"getProptitle","signature":"getProptitle As String"},{"name":"getPropdesc","signature":"getPropdesc As String"},{"name":"getPropdatatype","signature":"getPropdatatype As String"},{"name":"getProptype","signature":"getProptype As String"},{"name":"getPropSetHint","signature":"getPropSetHint As Boolean"},{"name":"getPropSetTooltip","signature":"getPropSetTooltip As Boolean"},{"name":"getProptooltippos","signature":"getProptooltippos As String"},{"name":"getPropactive","signature":"getPropactive As Boolean"},{"name":"getProprow","signature":"getProprow As String"},{"name":"getPropcol","signature":"getPropcol As String"},{"name":"getPropcolor","signature":"getPropcolor As String"},{"name":"getPropTextColor","signature":"getPropTextColor As String"},{"name":"getPropBGColor","signature":"getPropBGColor As String"},{"name":"getPropupdate","signature":"getPropupdate As String"},{"name":"getPropurl","signature":"getPropurl As String"},{"name":"getPropvalue","signature":"getPropvalue As String"},{"name":"getPropvisible","signature":"getPropvisible As Boolean"},{"name":"getPropcolumntype","signature":"getPropcolumntype As String"},{"name":"getPropcolumnvisible","signature":"getPropcolumnvisible As Boolean"},{"name":"getPropPlaceHolder","signature":"getPropPlaceHolder As String"},{"name":"getPropSubtitle1","signature":"getPropSubtitle1 As String"},{"name":"getPropSubtitle2","signature":"getPropSubtitle2 As String"},{"name":"getPropHintText","signature":"getPropHintText As String"},{"name":"getPropErrorText","signature":"getPropErrorText As String"},{"name":"getPropAlign","signature":"getPropAlign As String"},{"name":"getPropdateformat","signature":"getPropdateformat As String"},{"name":"getPropdisplayformat","signature":"getPropdisplayformat As String"},{"name":"getProplocale","signature":"getProplocale As String"},{"name":"getPropenabled","signature":"getPropenabled As Boolean"},{"name":"getPropforeigntable","signature":"getPropforeigntable As String"},{"name":"getPropforeignfield","signature":"getPropforeignfield As String"},{"name":"getPropforeigndisplayfield","signature":"getPropforeigndisplayfield As String"},{"name":"getPropheight","signature":"getPropheight As String"},{"name":"getPropwidth","signature":"getPropwidth As String"},{"name":"getPropicon","signature":"getPropicon As String"},{"name":"getPropstart","signature":"getPropstart As String"},{"name":"getPropstep","signature":"getPropstep As String"},{"name":"getPropmax","signature":"getPropmax As String"},{"name":"getPropmaxlen","signature":"getPropmaxlen As String"},{"name":"getPropprefix","signature":"getPropprefix As String"},{"name":"getPropsuffix","signature":"getPropsuffix As String"},{"name":"getPropprepend","signature":"getPropprepend As String"},{"name":"getPropappend","signature":"getPropappend As String"},{"name":"getPropreadonly","signature":"getPropreadonly As Boolean"},{"name":"getProprequired","signature":"getProprequired As Boolean"},{"name":"getProprows","signature":"getProprows As String"},{"name":"getpropoptions","signature":"getpropoptions As String"},{"name":"getPropshape","signature":"getPropshape As String"},{"name":"getPropsize","signature":"getPropsize As String"},{"name":"getProptime24","signature":"getProptime24 As Boolean"},{"name":"getPropSetBadge","signature":"getPropSetBadge As Boolean"},{"name":"getPropBadgeColor","signature":"getPropBadgeColor As String"},{"name":"getPropBadgeRound","signature":"getPropBadgeRound As Boolean"},{"name":"getPropBadgeValue","signature":"getPropBadgeValue As String"},{"name":"getPropBadgeTextColor","signature":"getPropBadgeTextColor As String"},{"name":"getPropMultiple","signature":"getPropMultiple As Boolean"},{"name":"getProptotal","signature":"getProptotal As Boolean"},{"name":"getPropComputeValue","signature":"getPropComputeValue As Boolean"},{"name":"getPropComputeColor","signature":"getPropComputeColor As Boolean"},{"name":"getPropComputeBgcolor","signature":"getPropComputeBgcolor As Boolean"},{"name":"getPropComputeClass","signature":"getPropComputeClass As Boolean"},{"name":"getPropComputeRing","signature":"getPropComputeRing As Boolean"},{"name":"getRefresh","signature":"getRefresh As Boolean"}]}