{"properties":[{"Key":"ParentID","DisplayName":"ParentID","FieldType":"String","DefaultValue":"","Description":"The ParentID of this component","List":""},{"Key":"StatType","DisplayName":"Type","FieldType":"String","DefaultValue":"info-card","Description":"Stat Type","List":"avatar-card|default|info-card"},{"Key":"Title","DisplayName":"Title","FieldType":"String","DefaultValue":"Downloads","Description":"Title","List":""},{"Key":"Value","DisplayName":"Value","FieldType":"String","DefaultValue":"31K","Description":"Value","List":""},{"Key":"Description","DisplayName":"Description","FieldType":"String","DefaultValue":"Jan 1st - Feb 1st","Description":"Description","List":""},{"Key":"Avatar","DisplayName":"Avatar","FieldType":"String","DefaultValue":"./assets/mashy.jpg","Description":"Avatar","List":""},{"Key":"IconName","DisplayName":"Icon Name","FieldType":"String","DefaultValue":"fa-solid fa-user","Description":"Icon Name","List":""},{"Key":"IconColor","DisplayName":"Icon Color","FieldType":"String","DefaultValue":"primary","Description":"Icon Color","List":""},{"Key":"IconSize","DisplayName":"Icon Size","FieldType":"String","DefaultValue":"3","Description":"Icon Size","List":""},{"Key":"BgColor","DisplayName":"Bg Color","FieldType":"String","DefaultValue":"","Description":"Bg Color","List":""},{"Key":"BgColorIntensity","DisplayName":"Bg Color Intensity","FieldType":"String","DefaultValue":"","Description":"Bg Color Intensity","List":""},{"Key":"TextColor","DisplayName":"Text Color","FieldType":"String","DefaultValue":"","Description":"Text Color","List":""},{"Key":"TextColorIntensity","DisplayName":"Text Color Intensity","FieldType":"String","DefaultValue":"","Description":"Text Color Intensity","List":""},{"Key":"CenterItems","DisplayName":"Center Items","FieldType":"Boolean","DefaultValue":"False","Description":"Center Items","List":""},{"Key":"ActionsVisible","DisplayName":"Actions Visible","FieldType":"Boolean","DefaultValue":"False","Description":"Actions Visible","List":""},{"Key":"Visible","DisplayName":"Visible","FieldType":"Boolean","DefaultValue":"True","Description":"If visible.","List":""},{"Key":"PositionStyle","DisplayName":"Position Style","FieldType":"String","DefaultValue":"none","Description":"Position","List":"absolute|fixed|none|relative|static|sticky"},{"Key":"RawPosition","DisplayName":"Position Locations","FieldType":"String","DefaultValue":"t=?; b=?; r=?; l=?","Description":"Position Locations","List":""},{"Key":"MarginAXYTBLR","DisplayName":"Margins","FieldType":"String","DefaultValue":"a=?; x=?; y=?; t=?; b=?; l=?; r=?","Description":"Margins A(all)-X(LR)-Y(TB)-T-B-L-R","List":""},{"Key":"PaddingAXYTBLR","DisplayName":"Paddings","FieldType":"String","DefaultValue":"a=?; x=?; y=?; t=?; b=?; l=?; r=?","Description":"Paddings A(all)-X(LR)-Y(TB)-T-B-L-R","List":""},{"Key":"RawClasses","DisplayName":"Classes (;)","FieldType":"String","DefaultValue":"","Description":"Classes added to the HTML tag.","List":""},{"Key":"RawStyles","DisplayName":"Styles (JSON)","FieldType":"String","DefaultValue":"","Description":"Styles added to the HTML tag. Must be a json String use = and ;","List":""},{"Key":"RawAttributes","DisplayName":"Attributes (JSON)","FieldType":"String","DefaultValue":"","Description":"Attributes added to the HTML tag. Must be a json String use = and ;","List":""}],"events":[],"methods":[{"name":"Class_Globals","signature":"Class_Globals"},{"name":"Initialize","signature":"Initialize (Callback As Object, Name As String, EventName As String)"},{"name":"getElement","signature":"getElement() As BANanoElement"},{"name":"getID","signature":"getID() As String"},{"name":"LoadComponentJson","signature":"LoadComponentJson(designName As String)"},{"name":"AddToParent","signature":"AddToParent(targetID As String, props As Map)"},{"name":"Remove","signature":"Remove()"},{"name":"setParentID","signature":"setParentID(s As String)"},{"name":"setElement","signature":"setElement(e As BANanoElement)"},{"name":"Clear","signature":"Clear"},{"name":"Append","signature":"Append(tmp As Object)"},{"name":"SetHTML","signature":"SetHTML(sHTML As String)"},{"name":"LinkExisting","signature":"LinkExisting"},{"name":"TriggerEvent","signature":"TriggerEvent(event As String, params() As String)"},{"name":"getHere","signature":"getHere() As String"},{"name":"AddAttr","signature":"AddAttr(attr As String, text As Object)"},{"name":"AddDataAttr","signature":"AddDataAttr(attr As String, text As String)"},{"name":"GetDataAttr","signature":"GetDataAttr(attr As String) As String"},{"name":"GetAttr","signature":"GetAttr(attr As String) As String"},{"name":"AddClass","signature":"AddClass(text As String)"},{"name":"RemoveStyle","signature":"RemoveStyle(s As String)"},{"name":"ToggleClass","signature":"ToggleClass(s As String)"},{"name":"RemoveClass","signature":"RemoveClass(text As String)"},{"name":"AddAttrMap","signature":"AddAttrMap(ms As Map)"},{"name":"RemoveAttr","signature":"RemoveAttr(attr As String)"},{"name":"AddStyleComputed","signature":"AddStyleComputed(attr As String, text As String)"},{"name":"AddStyleMap","signature":"AddStyleMap(ms As Map)"},{"name":"AddStyle","signature":"AddStyle(k As String, v As String)"},{"name":"setVisible","signature":"setVisible(b As Boolean)"},{"name":"getVisible","signature":"getVisible As Boolean"},{"name":"OnEventMethod\t\t'ignore","signature":"OnEventMethod(event As String, Module As Object, MethodName As String, args As List)\t\t'ignore"},{"name":"getThis","signature":"getThis As BANanoObject"},{"name":"On","signature":"On(event As String, args As List)"},{"name":"OnEvent","signature":"OnEvent(event As String, Module As Object, methodName As String, args As List)"},{"name":"setPositionStyle","signature":"setPositionStyle(s As String)"},{"name":"getPositionStyle","signature":"getPositionStyle As String"},{"name":"ResponsiveClass","signature":"ResponsiveClass(className As String, xs As Boolean, sm As Boolean, md As Boolean, lg As Boolean)"},{"name":"setPosition","signature":"setPosition(s As String)"},{"name":"getPosition","signature":"getPosition As String"},{"name":"setAttributes","signature":"setAttributes(s As String)"},{"name":"setStyles","signature":"setStyles(s As String)"},{"name":"setClasses","signature":"setClasses(s As String)"},{"name":"setPaddingAXYTBLR","signature":"setPaddingAXYTBLR(s As String)"},{"name":"setMarginAXYTBLR","signature":"setMarginAXYTBLR(s As String)"},{"name":"getAttributes","signature":"getAttributes As String"},{"name":"getStyles","signature":"getStyles As String"},{"name":"getClasses","signature":"getClasses As String"},{"name":"getPaddingAXYTBLR","signature":"getPaddingAXYTBLR As String"},{"name":"getMarginAXYTBLR","signature":"getMarginAXYTBLR As String"},{"name":"OnChildEvent","signature":"OnChildEvent(child As String, event As String, Module As Object, methodName As String, args As List)"},{"name":"setValue","signature":"setValue(text As String)"},{"name":"getValue","signature":"getValue As String"},{"name":"DesignerCreateView","signature":"DesignerCreateView (Target As BANanoElement, Props As Map)"},{"name":"BGColorIntensity","signature":"BGColorIntensity(c As String, s As String)"},{"name":"TextColorIntensity","signature":"TextColorIntensity(hcolor As String, intensity As String)"},{"name":"setCenterItems","signature":"setCenterItems(b As Boolean)"},{"name":"getCenterItems","signature":"getCenterItems As Boolean"},{"name":"setAvatar","signature":"setAvatar(s As String)"},{"name":"setBgColor","signature":"setBgColor(s As String)"},{"name":"setBgColorIntensity","signature":"setBgColorIntensity(s As String)"},{"name":"setDescription","signature":"setDescription(s As String)"},{"name":"setIconColor","signature":"setIconColor(s As String)"},{"name":"setIconName","signature":"setIconName(s As String)"},{"name":"setIconSize","signature":"setIconSize(s As String)"},{"name":"setStatType","signature":"setStatType(s As String)"},{"name":"setTextColor","signature":"setTextColor(s As String)"},{"name":"setTextColorIntensity","signature":"setTextColorIntensity(s As String)"},{"name":"setTitle","signature":"setTitle(s As String)"},{"name":"getAvatar","signature":"getAvatar As String"},{"name":"getBgColor","signature":"getBgColor As String"},{"name":"getBgColorIntensity","signature":"getBgColorIntensity As String"},{"name":"getDescription","signature":"getDescription As String"},{"name":"getIconColor","signature":"getIconColor As String"},{"name":"getIconName","signature":"getIconName As String"},{"name":"getIconSize","signature":"getIconSize As String"},{"name":"getStatType","signature":"getStatType As String"},{"name":"getTextColor","signature":"getTextColor As String"},{"name":"getTextColorIntensity","signature":"getTextColorIntensity As String"},{"name":"getTitle","signature":"getTitle As String"},{"name":"setActionsVisible","signature":"setActionsVisible(b As Boolean)"},{"name":"getActionsVisible","signature":"getActionsVisible As Boolean"},{"name":"getParentID","signature":"getParentID As String"}]}