{"properties":[{"Key":"ParentID","DisplayName":"TargetID","FieldType":"String","DefaultValue":"","Description":"The ParentID of this component","List":""},{"Key":"IconName","DisplayName":"Icon Name","FieldType":"String","DefaultValue":"","Description":"Icon Name","List":""},{"Key":"Color","DisplayName":"Color","FieldType":"String","DefaultValue":"","Description":"Color","List":""},{"Key":"Size","DisplayName":"Size","FieldType":"String","DefaultValue":"none","Description":"Size","List":"2xs|xs|sm|lg|none|xl|2xl|1x|2x|3x|4x|5x|6x|7x|8x|9x|10x"},{"Key":"SizeOwn","DisplayName":"Own Size","FieldType":"String","DefaultValue":"","Description":"Own Size","List":""},{"Key":"CursorPointer","DisplayName":"Cursor Pointer","FieldType":"Boolean","DefaultValue":"False","Description":"Cursor Pointer","List":""},{"Key":"Animation","DisplayName":"Animation","FieldType":"String","DefaultValue":"","Description":"Animation","List":""},{"Key":"Flip","DisplayName":"Flip","FieldType":"String","DefaultValue":"none","Description":"Flip","List":"both|horizontal|none|vertical"},{"Key":"Rotate","DisplayName":"Rotate","FieldType":"String","DefaultValue":"","Description":"Rotate","List":""},{"Key":"Visible","DisplayName":"Visible","FieldType":"Boolean","DefaultValue":"True","Description":"If visible.","List":""},{"Key":"PositionStyle","DisplayName":"Position Style","FieldType":"String","DefaultValue":"none","Description":"Position","List":"absolute|fixed|none|relative|static|sticky"},{"Key":"RawPosition","DisplayName":"Position Locations","FieldType":"String","DefaultValue":"t=?; b=?; r=?; l=?","Description":"Position Locations","List":""},{"Key":"MarginAXYTBLR","DisplayName":"Margins","FieldType":"String","DefaultValue":"a=?; x=?; y=?; t=?; b=?; l=?; r=?","Description":"Margins A(all)-X(LR)-Y(TB)-T-B-L-R","List":""},{"Key":"PaddingAXYTBLR","DisplayName":"Paddings","FieldType":"String","DefaultValue":"a=?; x=?; y=?; t=?; b=?; l=?; r=?","Description":"Paddings A(all)-X(LR)-Y(TB)-T-B-L-R","List":""},{"Key":"RawClasses","DisplayName":"Classes (;)","FieldType":"String","DefaultValue":"","Description":"Classes added to the HTML tag.","List":""},{"Key":"RawStyles","DisplayName":"Styles (JSON)","FieldType":"String","DefaultValue":"","Description":"Styles added to the HTML tag. Must be a json String use = and ;","List":""},{"Key":"RawAttributes","DisplayName":"Attributes (JSON)","FieldType":"String","DefaultValue":"","Description":"Attributes added to the HTML tag. Must be a json String use = and ;","List":""}],"events":[{"name":"Click (e As BANanoEvent)"}],"methods":[{"name":"Initialize","signature":"Initialize (CallBack As Object, cName As String, EventName As String)"},{"name":"AddClass","signature":"AddClass(text As String)"},{"name":"Remove","signature":"Remove"},{"name":"AddIcon","signature":"AddIcon(mCallback As Object, ParentID As String, ID As String, xIconName As String) As SDUIIcon"},{"name":"AssignElement","signature":"AssignElement(mCallback As Object, ID As String)"},{"name":"Enable","signature":"Enable"},{"name":"Disable","signature":"Disable"},{"name":"Show","signature":"Show As SDUIIcon"},{"name":"Hide","signature":"Hide As SDUIIcon"},{"name":"Clear","signature":"Clear As SDUIIcon"},{"name":"setIconName","signature":"setIconName(i As String)"},{"name":"getIconName","signature":"getIconName As String"},{"name":"RemoveClass","signature":"RemoveClass(c As String)"},{"name":"On","signature":"On(event As String, CallBack As Object, MethodName As String)"},{"name":"getName","signature":"getName As String"},{"name":"getHere","signature":"getHere As String"},{"name":"Solid","signature":"Solid As SDUIIcon"},{"name":"setSizeOwn","signature":"setSizeOwn(i As Int)"},{"name":"Inverse","signature":"Inverse As SDUIIcon"},{"name":"FW","signature":"FW As SDUIIcon"},{"name":"UL","signature":"UL As SDUIIcon"},{"name":"LI","signature":"LI As SDUIIcon"},{"name":"Rotate90","signature":"Rotate90 As SDUIIcon"},{"name":"Rotate180","signature":"Rotate180 As SDUIIcon"},{"name":"Rotate270","signature":"Rotate270 As SDUIIcon"},{"name":"FlipHorizontal","signature":"FlipHorizontal As SDUIIcon"},{"name":"FlipVertical","signature":"FlipVertical As SDUIIcon"},{"name":"FlipBoth","signature":"FlipBoth As SDUIIcon"},{"name":"Spin","signature":"Spin As SDUIIcon"},{"name":"StopSpin","signature":"StopSpin As SDUIIcon"},{"name":"SpinPulse","signature":"SpinPulse As SDUIIcon"},{"name":"StopSpinPulse","signature":"StopSpinPulse As SDUIIcon"},{"name":"SpinReverse","signature":"SpinReverse As SDUIIcon"},{"name":"Beat","signature":"Beat As SDUIIcon"},{"name":"Fade","signature":"Fade As SDUIIcon"},{"name":"Flip","signature":"Flip As SDUIIcon"},{"name":"Border","signature":"Border As SDUIIcon"},{"name":"PullLeft","signature":"PullLeft As SDUIIcon"},{"name":"PullRight","signature":"PullRight As SDUIIcon"},{"name":"Stack","signature":"Stack As SDUIIcon"},{"name":"Stack1x","signature":"Stack1x As SDUIIcon"},{"name":"Stack2x","signature":"Stack2x As SDUIIcon"},{"name":"SwapOpacity","signature":"SwapOpacity As SDUIIcon"},{"name":"setColor","signature":"setColor(s As String)"},{"name":"setSize","signature":"setSize(s As String)"},{"name":"SizeXLarge","signature":"SizeXLarge As SDUIIcon"},{"name":"SizeLarge","signature":"SizeLarge As SDUIIcon"},{"name":"SizeSmall","signature":"SizeSmall As SDUIIcon"},{"name":"SizeMedium","signature":"SizeMedium As SDUIIcon"},{"name":"SizeTiny","signature":"SizeTiny As SDUIIcon"},{"name":"CursorPointer","signature":"CursorPointer"},{"name":"HideOnSmall","signature":"HideOnSmall"},{"name":"HideOnMedium","signature":"HideOnMedium"},{"name":"HideOnLarge","signature":"HideOnLarge"},{"name":"LinkExisting","signature":"LinkExisting"},{"name":"getElement","signature":"getElement() As BANanoElement"},{"name":"getID","signature":"getID() As String"},{"name":"AddToParent","signature":"AddToParent(targetID As String, props As Map)"},{"name":"setParentID","signature":"setParentID(s As String)"},{"name":"setElement","signature":"setElement(e As BANanoElement)"},{"name":"AddStyle","signature":"AddStyle(k As String, v As String)"},{"name":"setVisible","signature":"setVisible(b As Boolean)"},{"name":"getVisible","signature":"getVisible As Boolean"},{"name":"setPositionStyle","signature":"setPositionStyle(s As String)"},{"name":"getPositionStyle","signature":"getPositionStyle As String"},{"name":"ResponsiveClass","signature":"ResponsiveClass(className As String, xs As Boolean, sm As Boolean, md As Boolean, lg As Boolean)"},{"name":"setPosition","signature":"setPosition(s As String)"},{"name":"getPosition","signature":"getPosition As String"},{"name":"setAttributes","signature":"setAttributes(s As String)"},{"name":"setStyles","signature":"setStyles(s As String)"},{"name":"setClasses","signature":"setClasses(s As String)"},{"name":"setPaddingAXYTBLR","signature":"setPaddingAXYTBLR(s As String)"},{"name":"setMarginAXYTBLR","signature":"setMarginAXYTBLR(s As String)"},{"name":"getAttributes","signature":"getAttributes As String"},{"name":"getStyles","signature":"getStyles As String"},{"name":"getClasses","signature":"getClasses As String"},{"name":"getPaddingAXYTBLR","signature":"getPaddingAXYTBLR As String"},{"name":"getMarginAXYTBLR","signature":"getMarginAXYTBLR As String"},{"name":"DesignerCreateView","signature":"DesignerCreateView (Target As BANanoElement, Props As Map)"},{"name":"setAnimation","signature":"setAnimation(s As String)"},{"name":"setCursorPointer","signature":"setCursorPointer(b As Boolean)"},{"name":"setFlip","signature":"setFlip(s As String)"},{"name":"setRotate","signature":"setRotate(s As String)"},{"name":"getAnimation","signature":"getAnimation As String"},{"name":"getColor","signature":"getColor As String"},{"name":"getCursorPointer","signature":"getCursorPointer As Boolean"},{"name":"getFlip","signature":"getFlip As String"},{"name":"getRotate","signature":"getRotate As String"},{"name":"getSize","signature":"getSize As String"},{"name":"getSizeOwn","signature":"getSizeOwn As Int"},{"name":"getParentID","signature":"getParentID As String"}]}