{"properties":[{"Key":"ParentID","DisplayName":"ParentID","FieldType":"String","DefaultValue":"","Description":"The ParentID of this div","List":""},{"Key":"InputType","DisplayName":"Input Type","FieldType":"String","DefaultValue":"default","Description":"Input Type","List":"default|input-group"},{"Key":"Position","DisplayName":"Position","FieldType":"String","DefaultValue":"left","Description":"Toggle Position","List":"left|right"},{"Key":"Caption","DisplayName":"Caption","FieldType":"String","DefaultValue":"Toggle 1","Description":"Caption","List":""},{"Key":"Color","DisplayName":"Color","FieldType":"String","DefaultValue":"primary","Description":"Variant","List":"accent|error|ghost|ghost|info|none|nuetral|primary|secondary|success|warning"},{"Key":"Size","DisplayName":"Size","FieldType":"String","DefaultValue":"none","Description":"Size","List":"lg|md|sm|xs|none"},{"Key":"Width","DisplayName":"Width","FieldType":"String","DefaultValue":"full","Description":"Width","List":""},{"Key":"Checked","DisplayName":"Checked","FieldType":"Boolean","DefaultValue":"False","Description":"If Checked","List":""},{"Key":"Indeterminate","DisplayName":"Indeterminate","FieldType":"Boolean","DefaultValue":"False","Description":"Indeterminate","List":""},{"Key":"AutoFocus","DisplayName":"Auto Focus","FieldType":"Boolean","DefaultValue":"False","Description":"Auto Focus","List":""},{"Key":"BgColor","DisplayName":"Bg Color","FieldType":"String","DefaultValue":"","Description":"Background Color","List":""},{"Key":"BgColorIntensity","DisplayName":"Bg Color Intensity","FieldType":"String","DefaultValue":"","Description":"Background Color Intensity","List":""},{"Key":"CheckedBgColor","DisplayName":"Checked Bg Color","FieldType":"String","DefaultValue":"","Description":"Checked Background Color","List":""},{"Key":"CheckedBgColorIntensity","DisplayName":"Checked Bg Color Intensity","FieldType":"String","DefaultValue":"","Description":"Checked Background Color Intensity","List":""},{"Key":"ReadOnly","DisplayName":"Read Only","FieldType":"Boolean","DefaultValue":"False","Description":"Read Only","List":""},{"Key":"Required","DisplayName":"Required","FieldType":"Boolean","DefaultValue":"False","Description":"Is Required","List":""},{"Key":"Visible","DisplayName":"Visible","FieldType":"Boolean","DefaultValue":"True","Description":"If visible.","List":""},{"Key":"MarginAXYTBLR","DisplayName":"Margins","FieldType":"String","DefaultValue":"a=?; x=?; y=?; t=?; b=?; l=?; r=?","Description":"Margins A-X-Y-T-B-L-R","List":""},{"Key":"PaddingAXYTBLR","DisplayName":"Paddings","FieldType":"String","DefaultValue":"a=?; x=?; y=?; t=?; b=?; l=?; r=?","Description":"Paddings A-X-Y-T-B-L-R","List":""},{"Key":"RawClasses","DisplayName":"Classes","FieldType":"String","DefaultValue":"","Description":"Classes added to the HTML tag.","List":""},{"Key":"RawStyles","DisplayName":"Styles","FieldType":"String","DefaultValue":"","Description":"Styles added to the HTML tag. Must be a json String- use =","List":""},{"Key":"RawAttributes","DisplayName":"Attributes","FieldType":"String","DefaultValue":"","Description":"Attributes added to the HTML tag. Must be a json String- use =","List":""}],"events":[{"name":"Change (checked As Boolean)"}],"methods":[{"name":"Initialize","signature":"Initialize (CallBack As Object, cName As String, EventName As String)"},{"name":"AddToggle","signature":"AddToggle(mCallback As Object, ParentID As String, ID As String)"},{"name":"setFieldName","signature":"setFieldName(s As String)"},{"name":"AssignElement","signature":"AssignElement(mCallBack As Object, ID As String)"},{"name":"setW","signature":"setW(v As String)"},{"name":"Toggle","signature":"Toggle"},{"name":"setAutoFocus","signature":"setAutoFocus(p As Boolean)"},{"name":"Enable","signature":"Enable"},{"name":"Disable","signature":"Disable"},{"name":"setEnabled","signature":"setEnabled(b As Boolean)"},{"name":"getEnabled","signature":"getEnabled As Boolean"},{"name":"AddToggleLabel","signature":"AddToggleLabel(mCallback As Object, ParentID As String, ID As String, Label As String, TogglePosition As String)"},{"name":"On","signature":"On(event As String, CallBack As Object, MethodName As String)"},{"name":"getName","signature":"getName As String"},{"name":"getHere","signature":"getHere As String"},{"name":"setCaption","signature":"setCaption(l As String)"},{"name":"getDisabled","signature":"getDisabled As Boolean"},{"name":"setChecked","signature":"setChecked(b As Boolean)"},{"name":"getChecked","signature":"getChecked As Boolean"},{"name":"setIndeterminate","signature":"setIndeterminate(b As Boolean)"},{"name":"getIndeterminate","signature":"getIndeterminate As Boolean"},{"name":"Show","signature":"Show"},{"name":"Hide","signature":"Hide"},{"name":"setColor","signature":"setColor(s As String)"},{"name":"setSize","signature":"setSize(s As String)"},{"name":"setRequired","signature":"setRequired(b As Boolean)"},{"name":"setReadOnly","signature":"setReadOnly(b As Boolean)"},{"name":"SizeLG","signature":"SizeLG"},{"name":"SizeSM","signature":"SizeSM"},{"name":"SizeMD","signature":"SizeMD"},{"name":"SizeXS","signature":"SizeXS"},{"name":"bgColorIntensity","signature":"bgColorIntensity(color As String, intensity As String) As SDUIToggle"},{"name":"setCheckedColor","signature":"setCheckedColor(s As String)"},{"name":"checkedBgColorIntensity","signature":"checkedBgColorIntensity(color As String, intensity As String) As SDUIToggle"},{"name":"SizeLGResponsive","signature":"SizeLGResponsive(xs As Boolean, sm As Boolean, md As Boolean, lg As Boolean)"},{"name":"SizeMDResponsive","signature":"SizeMDResponsive(xs As Boolean, sm As Boolean, md As Boolean, lg As Boolean)"},{"name":"SizeSMResponsive","signature":"SizeSMResponsive(xs As Boolean, sm As Boolean, md As Boolean, lg As Boolean)"},{"name":"SizeXSResponsive","signature":"SizeXSResponsive(xs As Boolean, sm As Boolean, md As Boolean, lg As Boolean)"},{"name":"LoadComponentJson","signature":"LoadComponentJson(designName As String)"},{"name":"AddToParent","signature":"AddToParent(targetID As String, props As Map)"},{"name":"focus","signature":"focus"},{"name":"HideOnSmall","signature":"HideOnSmall"},{"name":"HideOnMedium","signature":"HideOnMedium"},{"name":"HideOnLarge","signature":"HideOnLarge"},{"name":"LinkExisting","signature":"LinkExisting"},{"name":"OnEvent\t\t\t'ignore","signature":"OnEvent(event As String, Module As Object, methodName As String, args As List)\t\t\t'ignore"},{"name":"setParentID","signature":"setParentID(s As String)"},{"name":"setInputType","signature":"setInputType(s As String)"},{"name":"setPosition","signature":"setPosition(s As String)"},{"name":"setWidth","signature":"setWidth(s As String)"},{"name":"setBgColor","signature":"setBgColor(s As String)"},{"name":"setCheckedBgColor","signature":"setCheckedBgColor(s As String)"},{"name":"setVisible","signature":"setVisible(b As Boolean)"},{"name":"setMarginAXYTBLR","signature":"setMarginAXYTBLR(s As String)"},{"name":"setPaddingAXYTBLR","signature":"setPaddingAXYTBLR(s As String)"},{"name":"setClasses","signature":"setClasses(s As String)"},{"name":"setStyles","signature":"setStyles(s As String)"},{"name":"setAttributes","signature":"setAttributes(s As String)"},{"name":"getParentID","signature":"getParentID As String"},{"name":"getInputType","signature":"getInputType As String"},{"name":"getPosition","signature":"getPosition As String"},{"name":"getCaption","signature":"getCaption As String"},{"name":"getColor","signature":"getColor As String"},{"name":"getSize","signature":"getSize As String"},{"name":"getWidth","signature":"getWidth As String"},{"name":"getAutoFocus","signature":"getAutoFocus As Boolean"},{"name":"getBgColor","signature":"getBgColor As String"},{"name":"getCheckedBgColor","signature":"getCheckedBgColor As String"},{"name":"getReadOnly","signature":"getReadOnly As Boolean"},{"name":"getRequired","signature":"getRequired As Boolean"},{"name":"getVisible","signature":"getVisible As Boolean"},{"name":"getMarginAXYTBLR","signature":"getMarginAXYTBLR As String"},{"name":"getPaddingAXYTBLR","signature":"getPaddingAXYTBLR As String"},{"name":"getClasses","signature":"getClasses As String"},{"name":"getStyles","signature":"getStyles As String"},{"name":"getAttributes","signature":"getAttributes As String"},{"name":"IsBlank","signature":"IsBlank As Boolean"},{"name":"ResetValidation","signature":"ResetValidation"},{"name":"setHintCaption","signature":"setHintCaption(l As String)"}]}