{"properties":[{"Key":"ParentID","DisplayName":"ParentID","FieldType":"String","DefaultValue":"","Description":"The ParentID of this div","List":""},{"Key":"Alignment","DisplayName":"Alignment","FieldType":"String","DefaultValue":"horizontal","Description":"","List":"horizontal|vertical"},{"Key":"Size","DisplayName":"Size","FieldType":"String","DefaultValue":"none","Description":"Size","List":"lg|md|sm|xs|none"},{"Key":"ButtonType","DisplayName":"Button Type","FieldType":"String","DefaultValue":"default","Description":"Button Type","List":"color|default|icon"},{"Key":"RawButtonKeys","DisplayName":"Button Keys (;)","FieldType":"String","DefaultValue":"button1;button2;button3","Description":"Button Keys (;)","List":""},{"Key":"RawButtonTitles","DisplayName":"Button Titles (;)","FieldType":"String","DefaultValue":"Button 1;Button 2;Button 3","Description":"Button Titles (;)","List":""},{"Key":"RawButtonColors","DisplayName":"Button Colors (;)","FieldType":"String","DefaultValue":"","Description":"Button Colors (;)","List":""},{"Key":"RawButtonIcons","DisplayName":"Button Icons (;)","FieldType":"String","DefaultValue":"","Description":"Button Icons (;)","List":""},{"Key":"Value","DisplayName":"Value","FieldType":"String","DefaultValue":"button1","Description":"Value","List":""},{"Key":"Divider","DisplayName":"Divider","FieldType":"Boolean","DefaultValue":"True","Description":"If Divider.","List":""},{"Key":"Visible","DisplayName":"Visible","FieldType":"Boolean","DefaultValue":"True","Description":"If visible.","List":""},{"Key":"MarginAXYTBLR","DisplayName":"Margins","FieldType":"String","DefaultValue":"a=?; x=?; y=?; t=?; b=?; l=?; r=?","Description":"Margins A-X-Y-T-B-L-R","List":""},{"Key":"PaddingAXYTBLR","DisplayName":"Paddings","FieldType":"String","DefaultValue":"a=?; x=?; y=?; t=?; b=?; l=?; r=?","Description":"Paddings A-X-Y-T-B-L-R","List":""},{"Key":"RawClasses","DisplayName":"Classes","FieldType":"String","DefaultValue":"","Description":"Classes added to the HTML tag.","List":""},{"Key":"RawStyles","DisplayName":"Styles","FieldType":"String","DefaultValue":"","Description":"Styles added to the HTML tag. Must be a json String- use =","List":""},{"Key":"RawAttributes","DisplayName":"Attributes","FieldType":"String","DefaultValue":"","Description":"Attributes added to the HTML tag. Must be a json String- use =","List":""}],"events":[{"name":"Click (item As string)"}],"methods":[{"name":"setDivider","signature":"setDivider(b As Boolean)"},{"name":"AddDivider","signature":"AddDivider(bHorizontal As Boolean)"},{"name":"Initialize","signature":"Initialize (CallBack As Object, cName As String, EventName As String)"},{"name":"AddButtonGroup","signature":"AddButtonGroup(mCallback As Object, ParentID As String, ID As String, iSize As String)"},{"name":"AssignElement","signature":"AssignElement(mCallBack As Object, ID As String)"},{"name":"SizeOfItems","signature":"SizeOfItems As Int"},{"name":"SetElement","signature":"SetElement(e As BANanoElement)"},{"name":"SetItems","signature":"SetItems(l As List)"},{"name":"AddItem","signature":"AddItem(ID As String, Label As String) As SDUIButtonGroup"},{"name":"AddItemColor","signature":"AddItemColor(ID As String, Label As String, color As String) As SDUIButtonGroup"},{"name":"AddItemIcon","signature":"AddItemIcon(ID As String, sIcon As String) As SDUIButtonGroup"},{"name":"AddRadio","signature":"AddRadio(ID As String, Label As String) As SDUIButtonGroup"},{"name":"Button","signature":"Button(ID As String) As SDUIButton"},{"name":"Radio","signature":"Radio(ID As String) As SDUIRadio"},{"name":"On","signature":"On(event As String, CallBack As Object, MethodName As String)"},{"name":"getHere","signature":"getHere As String"},{"name":"getName","signature":"getName As String"},{"name":"Show","signature":"Show"},{"name":"Hide","signature":"Hide"},{"name":"Enable","signature":"Enable"},{"name":"Disable","signature":"Disable"},{"name":"Clear","signature":"Clear"},{"name":"Horizontal","signature":"Horizontal"},{"name":"Vertical","signature":"Vertical"},{"name":"HorizontalResponsive","signature":"HorizontalResponsive(xs As Boolean, sm As Boolean, md As Boolean, lg As Boolean)"},{"name":"VerticalResponsive","signature":"VerticalResponsive(xs As Boolean, sm As Boolean, md As Boolean, lg As Boolean)"},{"name":"setActive","signature":"setActive(btnID As String)"},{"name":"setRounded","signature":"setRounded(b As Boolean)"},{"name":"setSize","signature":"setSize(s As String)"},{"name":"SizeLGResponsive","signature":"SizeLGResponsive(xs As Boolean, sm As Boolean, md As Boolean, lg As Boolean)"},{"name":"SizeMDResponsive","signature":"SizeMDResponsive(xs As Boolean, sm As Boolean, md As Boolean, lg As Boolean)"},{"name":"SizeSMResponsive","signature":"SizeSMResponsive(xs As Boolean, sm As Boolean, md As Boolean, lg As Boolean)"},{"name":"SizeXSResponsive","signature":"SizeXSResponsive(xs As Boolean, sm As Boolean, md As Boolean, lg As Boolean)"},{"name":"AddToParent","signature":"AddToParent(targetID As String, props As Map)"},{"name":"HideOnSmall","signature":"HideOnSmall"},{"name":"HideOnMedium","signature":"HideOnMedium"},{"name":"HideOnLarge","signature":"HideOnLarge"},{"name":"LinkExisting","signature":"LinkExisting"},{"name":"setParentID","signature":"setParentID(s As String)"},{"name":"setAlignment","signature":"setAlignment(s As String)"},{"name":"setButtonType","signature":"setButtonType(s As String)"},{"name":"setButtonKeys","signature":"setButtonKeys(s As String)"},{"name":"setButtonTitles","signature":"setButtonTitles(s As String)"},{"name":"setButtonColors","signature":"setButtonColors(s As String)"},{"name":"setButtonIcons","signature":"setButtonIcons(s As String)"},{"name":"setValue","signature":"setValue(s As String)"},{"name":"setVisible","signature":"setVisible(b As Boolean)"},{"name":"setMarginAXYTBLR","signature":"setMarginAXYTBLR(s As String)"},{"name":"setPaddingAXYTBLR","signature":"setPaddingAXYTBLR(s As String)"},{"name":"setClasses","signature":"setClasses(s As String)"},{"name":"setStyles","signature":"setStyles(s As String)"},{"name":"setAttributes","signature":"setAttributes(s As String)"},{"name":"getParentID","signature":"getParentID As String"},{"name":"getAlignment","signature":"getAlignment As String"},{"name":"getSize","signature":"getSize As String"},{"name":"getButtonType","signature":"getButtonType As String"},{"name":"getButtonKeys","signature":"getButtonKeys As String"},{"name":"getButtonTitles","signature":"getButtonTitles As String"},{"name":"getButtonColors","signature":"getButtonColors As String"},{"name":"getButtonIcons","signature":"getButtonIcons As String"},{"name":"getValue","signature":"getValue As String"},{"name":"getDivider","signature":"getDivider As Boolean"},{"name":"getVisible","signature":"getVisible As Boolean"},{"name":"getMarginAXYTBLR","signature":"getMarginAXYTBLR As String"},{"name":"getPaddingAXYTBLR","signature":"getPaddingAXYTBLR As String"},{"name":"getClasses","signature":"getClasses As String"},{"name":"getStyles","signature":"getStyles As String"},{"name":"getAttributes","signature":"getAttributes As String"}]}