{"properties":[{"Key":"ParentID","DisplayName":"ParentID","FieldType":"String","DefaultValue":"","Description":"The ParentID of this div","List":""},{"Key":"Caption","DisplayName":"Caption","FieldType":"String","DefaultValue":"CheckBox 1","Description":"Caption","List":""},{"Key":"GroupName","DisplayName":"Group Name","FieldType":"String","DefaultValue":"","Description":"Group Name","List":""},{"Key":"Variant","DisplayName":"Variant","FieldType":"String","DefaultValue":"nuetral","Description":"Variant","List":"accent|error|ghost|info|none|nuetral|primary|secondary|success|warning"},{"Key":"Checked","DisplayName":"Checked","FieldType":"Boolean","DefaultValue":"False","Description":"Checked","List":""},{"Key":"CheckedColor","DisplayName":"Checked Color (Hex)","FieldType":"String","DefaultValue":"","Description":"The checked color of the radio (Hex)","List":""},{"Key":"Disabled","DisplayName":"Disabled","FieldType":"Boolean","DefaultValue":"False","Description":"If Disabled","List":""},{"Key":"Placement","DisplayName":"Placement","FieldType":"String","DefaultValue":"left","Description":"Placement Of The Component","List":"left|right"},{"Key":"ReadOnly","DisplayName":"Read Only","FieldType":"Boolean","DefaultValue":"False","Description":"Read Only","List":""},{"Key":"Size","DisplayName":"Size","FieldType":"String","DefaultValue":"none","Description":"Size","List":"lg|md|sm|xs|none"},{"Key":"Width","DisplayName":"Width","FieldType":"String","DefaultValue":"full","Description":"Width","List":""},{"Key":"AutoFocus","DisplayName":"Auto Focus","FieldType":"Boolean","DefaultValue":"False","Description":"Auto Focus","List":""},{"Key":"TextColor","DisplayName":"Text Color","FieldType":"String","DefaultValue":"","Description":"Text Color","List":""},{"Key":"TextColorIntensity","DisplayName":"Text Color Intensity","FieldType":"String","DefaultValue":"","Description":"Text Color Intensity","List":""},{"Key":"Visible","DisplayName":"Visible","FieldType":"Boolean","DefaultValue":"True","Description":"If visible.","List":""},{"Key":"MarginAXYTBLR","DisplayName":"Margins","FieldType":"String","DefaultValue":"a=?; x=?; y=?; t=?; b=?; l=?; r=?","Description":"Margins A-X-Y-T-B-L-R","List":""},{"Key":"PaddingAXYTBLR","DisplayName":"Paddings","FieldType":"String","DefaultValue":"a=?; x=?; y=?; t=?; b=?; l=?; r=?","Description":"Paddings A-X-Y-T-B-L-R","List":""},{"Key":"RawClasses","DisplayName":"Classes","FieldType":"String","DefaultValue":"","Description":"Classes added to the HTML tag.","List":""},{"Key":"RawStyles","DisplayName":"Styles","FieldType":"String","DefaultValue":"","Description":"Styles added to the HTML tag. Must be a json String- use =","List":""},{"Key":"RawAttributes","DisplayName":"Attributes","FieldType":"String","DefaultValue":"","Description":"Attributes added to the HTML tag. Must be a json String- use =","List":""}],"events":[{"name":"Change (item As String)"}],"methods":[{"name":"Initialize","signature":"Initialize (CallBack As Object, cName As String, EventName As String)"},{"name":"IsBlank","signature":"IsBlank As Boolean"},{"name":"ResetValidation","signature":"ResetValidation"},{"name":"AddRadio","signature":"AddRadio(mCallback As Object, ParentID As String, ID As String, sName As String)"},{"name":"setFieldName","signature":"setFieldName(s As String)"},{"name":"AssignElement","signature":"AssignElement(mCallBack As Object, ID As String)"},{"name":"setAutoFocus","signature":"setAutoFocus(p As Boolean)"},{"name":"AddRadioLabel","signature":"AddRadioLabel(mCallback As Object, ParentID As String, ID As String, sName As String, Label As String)"},{"name":"AddRadioLabelPosition","signature":"AddRadioLabelPosition(mCallback As Object, ParentID As String, ID As String, sName As String, Label As String, LabelPosition As String)"},{"name":"setW","signature":"setW(v As String)"},{"name":"Enable","signature":"Enable"},{"name":"Disable","signature":"Disable"},{"name":"Show","signature":"Show"},{"name":"Hide","signature":"Hide"},{"name":"Toggle","signature":"Toggle"},{"name":"setCheckedColor","signature":"setCheckedColor(s As String)"},{"name":"On","signature":"On(event As String, CallBack As Object, MethodName As String)"},{"name":"getName","signature":"getName As String"},{"name":"getHere","signature":"getHere As String"},{"name":"setCaption","signature":"setCaption(l As String)"},{"name":"setReadOnly","signature":"setReadOnly(b As Boolean)"},{"name":"setColor","signature":"setColor(s As String)"},{"name":"setSize","signature":"setSize(s As String)"},{"name":"getChecked","signature":"getChecked As String"},{"name":"setChecked","signature":"setChecked(s As String)"},{"name":"SizeLG","signature":"SizeLG"},{"name":"SizeSM","signature":"SizeSM"},{"name":"SizeMD","signature":"SizeMD"},{"name":"SizeXS","signature":"SizeXS"},{"name":"setRequired","signature":"setRequired(b As Boolean)"},{"name":"focus","signature":"focus"},{"name":"AddClass","signature":"AddClass(xText As String)"},{"name":"SizeLGResponsive","signature":"SizeLGResponsive(xs As Boolean, sm As Boolean, md As Boolean, lg As Boolean)"},{"name":"SizeMDResponsive","signature":"SizeMDResponsive(xs As Boolean, sm As Boolean, md As Boolean, lg As Boolean)"},{"name":"SizeSMResponsive","signature":"SizeSMResponsive(xs As Boolean, sm As Boolean, md As Boolean, lg As Boolean)"},{"name":"SizeXSResponsive","signature":"SizeXSResponsive(xs As Boolean, sm As Boolean, md As Boolean, lg As Boolean)"},{"name":"HideOnSmall","signature":"HideOnSmall"},{"name":"HideOnMedium","signature":"HideOnMedium"},{"name":"HideOnLarge","signature":"HideOnLarge"},{"name":"LinkExisting","signature":"LinkExisting"},{"name":"setVariant","signature":"setVariant(s As String)"},{"name":"setDisabled","signature":"setDisabled(b As Boolean)"},{"name":"setPlacement","signature":"setPlacement(s As String)"},{"name":"setWidth","signature":"setWidth(s As String)"},{"name":"setTextColor","signature":"setTextColor(s As String)"},{"name":"setTextColorIntensity","signature":"setTextColorIntensity(s As String)"},{"name":"setVisible","signature":"setVisible(b As Boolean)"},{"name":"setMarginAXYTBLR","signature":"setMarginAXYTBLR(s As String)"},{"name":"setPaddingAXYTBLR","signature":"setPaddingAXYTBLR(s As String)"},{"name":"setClasses","signature":"setClasses(s As String)"},{"name":"setStyles","signature":"setStyles(s As String)"},{"name":"setAttributes","signature":"setAttributes(s As String)"},{"name":"getParentID","signature":"getParentID As String"},{"name":"getCaption","signature":"getCaption As String"},{"name":"getVariant","signature":"getVariant As String"},{"name":"getCheckedColor","signature":"getCheckedColor As String"},{"name":"getPlacement","signature":"getPlacement As String"},{"name":"getReadOnly","signature":"getReadOnly As Boolean"},{"name":"getSize","signature":"getSize As String"},{"name":"getWidth","signature":"getWidth As String"},{"name":"getAutoFocus","signature":"getAutoFocus As Boolean"},{"name":"getTextColor","signature":"getTextColor As String"},{"name":"getTextColorIntensity","signature":"getTextColorIntensity As String"},{"name":"getVisible","signature":"getVisible As Boolean"},{"name":"getMarginAXYTBLR","signature":"getMarginAXYTBLR As String"},{"name":"getPaddingAXYTBLR","signature":"getPaddingAXYTBLR As String"},{"name":"getClasses","signature":"getClasses As String"},{"name":"getStyles","signature":"getStyles As String"},{"name":"getAttributes","signature":"getAttributes As String"},{"name":"AddAttr","signature":"AddAttr(attr As String, xText As Object)"},{"name":"AddToParent","signature":"AddToParent(targetID As String, props As Map)"},{"name":"setParentID","signature":"setParentID(s As String)"},{"name":"setGroupName","signature":"setGroupName(s As String)"},{"name":"getGroupName","signature":"getGroupName As String"},{"name":"getDisabled","signature":"getDisabled As Boolean"}]}