{"properties":[{"Key":"ParentID","DisplayName":"ParentID","FieldType":"String","DefaultValue":"","Description":"The ParentID of this component","List":""},{"Key":"InforType","DisplayName":"Type","FieldType":"String","DefaultValue":"1","Description":"Infor Type","List":"1|2|3|4|5"},{"Key":"Icon","DisplayName":"Icon","FieldType":"String","DefaultValue":"fa-solid fa-user","Description":"Icon","List":""},{"Key":"IconColor","DisplayName":"Icon Color","FieldType":"String","DefaultValue":"#264348","Description":"Icon Color","List":""},{"Key":"Title","DisplayName":"Title","FieldType":"String","DefaultValue":"Employees","Description":"Title","List":""},{"Key":"StartFrom","DisplayName":"Start From","FieldType":"String","DefaultValue":"0","Description":"Start From","List":""},{"Key":"Value","DisplayName":"Value","FieldType":"String","DefaultValue":"1000","Description":"Value","List":""},{"Key":"Prefix","DisplayName":"Prefix","FieldType":"String","DefaultValue":"","Description":"Prefix","List":""},{"Key":"Separator","DisplayName":"Separator","FieldType":"String","DefaultValue":"","Description":"Separator","List":""},{"Key":"Suffix","DisplayName":"Suffix","FieldType":"String","DefaultValue":"","Description":"Suffix","List":""},{"Key":"Color","DisplayName":"Color","FieldType":"String","DefaultValue":"none","Description":"Color","List":""},{"Key":"TextColor","DisplayName":"Text Color","FieldType":"String","DefaultValue":"","Description":"Text Color","List":""},{"Key":"AnimateCounter","DisplayName":"Animate Counter","FieldType":"Boolean","DefaultValue":"True","Description":"Animate Counter","List":""},{"Key":"Decimal","DisplayName":"Decimal","FieldType":"String","DefaultValue":".","Description":"Decimal","List":""},{"Key":"Duration","DisplayName":"Duration","FieldType":"String","DefaultValue":"2","Description":"Duration","List":""},{"Key":"DecimalPlaces","DisplayName":"Decimal Places","FieldType":"String","DefaultValue":"0","Description":"Decimal Places","List":""},{"Key":"Effect","DisplayName":"Effect","FieldType":"String","DefaultValue":"none","Description":"Effect","List":"hover-expand-effect|hover-zoom-effect|none"},{"Key":"UseGrouping","DisplayName":"Use Grouping","FieldType":"Boolean","DefaultValue":"True","Description":"Use Grouping","List":""},{"Key":"Visible","DisplayName":"Visible","FieldType":"Boolean","DefaultValue":"True","Description":"If visible.","List":""},{"Key":"PositionStyle","DisplayName":"Position Style","FieldType":"String","DefaultValue":"none","Description":"Position","List":"absolute|fixed|none|relative|static|sticky"},{"Key":"RawPosition","DisplayName":"Position Locations","FieldType":"String","DefaultValue":"t=?; b=?; r=?; l=?","Description":"Position Locations","List":""},{"Key":"MarginAXYTBLR","DisplayName":"Margins","FieldType":"String","DefaultValue":"a=?; x=?; y=?; t=?; b=?; l=?; r=?","Description":"Margins A(all)-X(LR)-Y(TB)-T-B-L-R","List":""},{"Key":"PaddingAXYTBLR","DisplayName":"Paddings","FieldType":"String","DefaultValue":"a=?; x=?; y=?; t=?; b=?; l=?; r=?","Description":"Paddings A(all)-X(LR)-Y(TB)-T-B-L-R","List":""},{"Key":"RawClasses","DisplayName":"Classes (;)","FieldType":"String","DefaultValue":"","Description":"Classes added to the HTML tag.","List":""},{"Key":"RawStyles","DisplayName":"Styles (JSON)","FieldType":"String","DefaultValue":"","Description":"Styles added to the HTML tag. Must be a json String use = and ;","List":""},{"Key":"RawAttributes","DisplayName":"Attributes (JSON)","FieldType":"String","DefaultValue":"","Description":"Attributes added to the HTML tag. Must be a json String use = and ;","List":""}],"events":[{"name":"Click (e As BANanoEvent)"}],"methods":[{"name":"Class_Globals","signature":"Class_Globals"},{"name":"Initialize","signature":"Initialize (Callback As Object, Name As String, EventName As String)"},{"name":"getElement","signature":"getElement() As BANanoElement"},{"name":"getID","signature":"getID() As String"},{"name":"LoadComponentJson","signature":"LoadComponentJson(designName As String)"},{"name":"AddToParent","signature":"AddToParent(targetID As String, props As Map)"},{"name":"Remove","signature":"Remove()"},{"name":"setParentID","signature":"setParentID(s As String)"},{"name":"setElement","signature":"setElement(e As BANanoElement)"},{"name":"LinkExisting","signature":"LinkExisting"},{"name":"TriggerEvent","signature":"TriggerEvent(event As String, params() As String)"},{"name":"getHere","signature":"getHere() As String"},{"name":"AddClass","signature":"AddClass(text As String)"},{"name":"RemoveStyle","signature":"RemoveStyle(s As String)"},{"name":"ToggleClass","signature":"ToggleClass(s As String)"},{"name":"RemoveClass","signature":"RemoveClass(text As String)"},{"name":"AddStyle","signature":"AddStyle(k As String, v As String)"},{"name":"setVisible","signature":"setVisible(b As Boolean)"},{"name":"getVisible","signature":"getVisible As Boolean"},{"name":"OnEventMethod","signature":"OnEventMethod(event As String, Module As Object, MethodName As String, args As List)"},{"name":"getThis","signature":"getThis As BANanoObject"},{"name":"On","signature":"On(event As String, args As List)"},{"name":"OnEvent","signature":"OnEvent(event As String, Module As Object, methodName As String, args As List)"},{"name":"setPositionStyle","signature":"setPositionStyle(s As String)"},{"name":"getPositionStyle","signature":"getPositionStyle As String"},{"name":"setPosition","signature":"setPosition(s As String)"},{"name":"getPosition","signature":"getPosition As String"},{"name":"setAttributes","signature":"setAttributes(s As String)"},{"name":"setStyles","signature":"setStyles(s As String)"},{"name":"setClasses","signature":"setClasses(s As String)"},{"name":"setPaddingAXYTBLR","signature":"setPaddingAXYTBLR(s As String)"},{"name":"setMarginAXYTBLR","signature":"setMarginAXYTBLR(s As String)"},{"name":"getAttributes","signature":"getAttributes As String"},{"name":"getStyles","signature":"getStyles As String"},{"name":"getClasses","signature":"getClasses As String"},{"name":"getPaddingAXYTBLR","signature":"getPaddingAXYTBLR As String"},{"name":"getMarginAXYTBLR","signature":"getMarginAXYTBLR As String"},{"name":"OnChildEvent","signature":"OnChildEvent(child As String, event As String, Module As Object, methodName As String, args As List)"},{"name":"setValue","signature":"setValue(text As String)"},{"name":"DesignerCreateView","signature":"DesignerCreateView (Target As BANanoElement, Props As Map)"},{"name":"Refresh","signature":"Refresh"},{"name":"setDecimalPlaces","signature":"setDecimalPlaces(s As String)"},{"name":"setEffect","signature":"setEffect(s As String)"},{"name":"setUseGrouping","signature":"setUseGrouping(b As Boolean)"},{"name":"getDecimalPlaces","signature":"getDecimalPlaces As String"},{"name":"getEffect","signature":"getEffect As String"},{"name":"getUseGrouping","signature":"getUseGrouping As Boolean"},{"name":"setAnimateCounter","signature":"setAnimateCounter(b As Boolean)"},{"name":"setColor","signature":"setColor(s As String)"},{"name":"setDecimal","signature":"setDecimal(s As String)"},{"name":"setDuration","signature":"setDuration(s As String)"},{"name":"setIcon","signature":"setIcon(s As String)"},{"name":"setIconColor","signature":"setIconColor(s As String)"},{"name":"setInforType","signature":"setInforType(s As String)"},{"name":"setPrefix","signature":"setPrefix(s As String)"},{"name":"setSeparator","signature":"setSeparator(s As String)"},{"name":"setStartFrom","signature":"setStartFrom(s As String)"},{"name":"setSuffix","signature":"setSuffix(s As String)"},{"name":"setTextColor","signature":"setTextColor(s As String)"},{"name":"setTitle","signature":"setTitle(s As String)"},{"name":"getAnimateCounter","signature":"getAnimateCounter As Boolean"},{"name":"getColor","signature":"getColor As String"},{"name":"getDecimal","signature":"getDecimal As String"},{"name":"getDuration","signature":"getDuration As String"},{"name":"getIcon","signature":"getIcon As String"},{"name":"getIconColor","signature":"getIconColor As String"},{"name":"getInforType","signature":"getInforType As String"},{"name":"getPrefix","signature":"getPrefix As String"},{"name":"getSeparator","signature":"getSeparator As String"},{"name":"getStartFrom","signature":"getStartFrom As String"},{"name":"getSuffix","signature":"getSuffix As String"},{"name":"getTextColor","signature":"getTextColor As String"},{"name":"getTitle","signature":"getTitle As String"},{"name":"getParentID","signature":"getParentID As String"},{"name":"getValue","signature":"getValue As String"}]}