{"properties":[{"Key":"ParentID","DisplayName":"ParentID","FieldType":"String","DefaultValue":"","Description":"The ParentID of this component","List":""},{"Key":"Status","DisplayName":"Status","FieldType":"String","DefaultValue":"end","Description":"Status","List":"end|start"},{"Key":"ShowHeader","DisplayName":"Show Header","FieldType":"Boolean","DefaultValue":"True","Description":"Show Header","List":""},{"Key":"ShowFooter","DisplayName":"Show Footer","FieldType":"Boolean","DefaultValue":"True","Description":"Show Footer","List":""},{"Key":"ShowImage","DisplayName":"Show Image","FieldType":"Boolean","DefaultValue":"True","Description":"Show Image","List":""},{"Key":"ImageShape","DisplayName":"Image Shape","FieldType":"String","DefaultValue":"circle","Description":"Image Shape","List":"circle|decagon|diamond|half-1|half-2|heart|hexagon|hexagon-2|none|parallelogram|parallelogram-2|parallelogram-3|parallelogram-4|pentagon|rounded|square|squircle|star|star-2|triangle|triangle-2|triangle-3|triangle-4"},{"Key":"ImageSize","DisplayName":"Image Size","FieldType":"String","DefaultValue":"10","Description":"Image Size","List":""},{"Key":"SenderId","DisplayName":"Sender Id","FieldType":"String","DefaultValue":"","Description":"Sender Id","List":""},{"Key":"SenderImage","DisplayName":"Sender Image","FieldType":"String","DefaultValue":"","Description":"Sender Image","List":""},{"Key":"SenderName","DisplayName":"Sender Name","FieldType":"String","DefaultValue":"","Description":"Sender Name","List":""},{"Key":"SenderTime","DisplayName":"Sender Time","FieldType":"String","DefaultValue":"","Description":"Sender Time","List":""},{"Key":"Message","DisplayName":"Message","FieldType":"String","DefaultValue":"","Description":"Message","List":""},{"Key":"FooterText","DisplayName":"Footer Text","FieldType":"String","DefaultValue":"","Description":"Footer Text","List":""},{"Key":"BgColor","DisplayName":"Bg Color","FieldType":"String","DefaultValue":"primary","Description":"Bg Color","List":""},{"Key":"BgIntensity","DisplayName":"Bg Intensity","FieldType":"String","DefaultValue":"","Description":"Bg Intensity","List":""},{"Key":"TextColor","DisplayName":"Text Color","FieldType":"String","DefaultValue":"","Description":"Text Color","List":""},{"Key":"TextColorIntensity","DisplayName":"Text Color Intensity","FieldType":"String","DefaultValue":"","Description":"Text Color Intensity","List":""},{"Key":"Visible","DisplayName":"Visible","FieldType":"Boolean","DefaultValue":"True","Description":"If visible.","List":""},{"Key":"PositionStyle","DisplayName":"Position Style","FieldType":"String","DefaultValue":"none","Description":"Position","List":"absolute|fixed|none|relative|static|sticky"},{"Key":"RawPosition","DisplayName":"Position Locations","FieldType":"String","DefaultValue":"t=?; b=?; r=?; l=?","Description":"Position Locations","List":""},{"Key":"MarginAXYTBLR","DisplayName":"Margins","FieldType":"String","DefaultValue":"a=?; x=?; y=?; t=?; b=?; l=?; r=?","Description":"Margins A(all)-X(LR)-Y(TB)-T-B-L-R","List":""},{"Key":"PaddingAXYTBLR","DisplayName":"Paddings","FieldType":"String","DefaultValue":"a=?; x=?; y=?; t=?; b=?; l=?; r=?","Description":"Paddings A(all)-X(LR)-Y(TB)-T-B-L-R","List":""},{"Key":"RawClasses","DisplayName":"Classes (;)","FieldType":"String","DefaultValue":"","Description":"Classes added to the HTML tag.","List":""},{"Key":"RawStyles","DisplayName":"Styles (JSON)","FieldType":"String","DefaultValue":"","Description":"Styles added to the HTML tag. Must be a json String use = and ;","List":""},{"Key":"RawAttributes","DisplayName":"Attributes (JSON)","FieldType":"String","DefaultValue":"","Description":"Attributes added to the HTML tag. Must be a json String use = and ;","List":""}],"events":[],"methods":[{"name":"Class_Globals","signature":"Class_Globals"},{"name":"Initialize","signature":"Initialize (Callback As Object, Name As String, EventName As String)"},{"name":"getElement","signature":"getElement() As BANanoElement"},{"name":"getID","signature":"getID() As String"},{"name":"AddToParent","signature":"AddToParent(targetID As String, props As Map)"},{"name":"Remove","signature":"Remove()"},{"name":"setParentID","signature":"setParentID(s As String)"},{"name":"setElement","signature":"setElement(e As BANanoElement)"},{"name":"Clear","signature":"Clear"},{"name":"Append","signature":"Append(tmp As Object)"},{"name":"SetHTML","signature":"SetHTML(sHTML As String)"},{"name":"LinkExisting","signature":"LinkExisting"},{"name":"TriggerEvent","signature":"TriggerEvent(event As String, params() As String)"},{"name":"getHere","signature":"getHere() As String"},{"name":"AddClass","signature":"AddClass(text As String)"},{"name":"ToggleClass","signature":"ToggleClass(s As String)"},{"name":"RemoveStyle","signature":"RemoveStyle(s As String)"},{"name":"RemoveClass","signature":"RemoveClass(text As String)"},{"name":"AddStyle","signature":"AddStyle(k As String, v As String)"},{"name":"setVisible","signature":"setVisible(b As Boolean)"},{"name":"getVisible","signature":"getVisible As Boolean"},{"name":"setPositionStyle","signature":"setPositionStyle(s As String)"},{"name":"getPositionStyle","signature":"getPositionStyle As String"},{"name":"setPosition","signature":"setPosition(s As String)"},{"name":"getPosition","signature":"getPosition As String"},{"name":"setAttributes","signature":"setAttributes(s As String)"},{"name":"setStyles","signature":"setStyles(s As String)"},{"name":"setClasses","signature":"setClasses(s As String)"},{"name":"setPaddingAXYTBLR","signature":"setPaddingAXYTBLR(s As String)"},{"name":"setMarginAXYTBLR","signature":"setMarginAXYTBLR(s As String)"},{"name":"getAttributes","signature":"getAttributes As String"},{"name":"getStyles","signature":"getStyles As String"},{"name":"getClasses","signature":"getClasses As String"},{"name":"getPaddingAXYTBLR","signature":"getPaddingAXYTBLR As String"},{"name":"getMarginAXYTBLR","signature":"getMarginAXYTBLR As String"},{"name":"DesignerCreateView","signature":"DesignerCreateView (Target As BANanoElement, Props As Map)"},{"name":"setSenderTime","signature":"setSenderTime(s As String)"},{"name":"setSenderName","signature":"setSenderName(s As String)"},{"name":"setSenderImage","signature":"setSenderImage(s As String)"},{"name":"setFooterText","signature":"setFooterText(s As String)"},{"name":"setMessage","signature":"setMessage(s As String)"},{"name":"BGColorIntensity","signature":"BGColorIntensity(c As String, i As String)"},{"name":"TextColorIntensity","signature":"TextColorIntensity(hcolor As String, intensity As String)"},{"name":"setSenderImageVisible","signature":"setSenderImageVisible(b As Boolean)"},{"name":"setSenderNameVisible","signature":"setSenderNameVisible(b As Boolean)"},{"name":"setHeaderVisible","signature":"setHeaderVisible(b As Boolean)"},{"name":"setSenderTimeVisible","signature":"setSenderTimeVisible(b As Boolean)"},{"name":"setFooterVisible","signature":"setFooterVisible(b As Boolean)"},{"name":"Hide","signature":"Hide"},{"name":"Show","signature":"Show"},{"name":"ScrollMessageIntoView","signature":"ScrollMessageIntoView(cID As String)"},{"name":"setBgColor","signature":"setBgColor(s As String)"},{"name":"setBgIntensity","signature":"setBgIntensity(s As String)"},{"name":"setImageShape","signature":"setImageShape(s As String)"},{"name":"setImageSize","signature":"setImageSize(s As String)"},{"name":"getBgColor","signature":"getBgColor As String"},{"name":"getBgIntensity","signature":"getBgIntensity As String"},{"name":"getFooterText","signature":"getFooterText As String"},{"name":"getImageShape","signature":"getImageShape As String"},{"name":"getImageSize","signature":"getImageSize As String"},{"name":"setStatus","signature":"setStatus(s As String)"},{"name":"setShowHeader","signature":"setShowHeader(b As Boolean)"},{"name":"setShowFooter","signature":"setShowFooter(b As Boolean)"},{"name":"setShowImage","signature":"setShowImage(b As Boolean)"},{"name":"setSenderId","signature":"setSenderId(s As String)"},{"name":"setTextColor","signature":"setTextColor(s As String)"},{"name":"getParentID","signature":"getParentID As String"},{"name":"getStatus","signature":"getStatus As String"},{"name":"getShowHeader","signature":"getShowHeader As Boolean"},{"name":"getShowFooter","signature":"getShowFooter As Boolean"},{"name":"getShowImage","signature":"getShowImage As Boolean"},{"name":"getSenderId","signature":"getSenderId As String"},{"name":"getSenderImage","signature":"getSenderImage As String"},{"name":"getSenderName","signature":"getSenderName As String"},{"name":"getSenderTime","signature":"getSenderTime As String"},{"name":"getMessage","signature":"getMessage As String"},{"name":"getTextColor","signature":"getTextColor As String"}]}