{"properties":[{"Key":"ParentID","DisplayName":"ParentID","FieldType":"String","DefaultValue":"","Description":"The ParentID of this component","List":""},{"Key":"ItemType","DisplayName":"Item Type","FieldType":"String","DefaultValue":"icon","Description":"Item Type","List":"image|icon"},{"Key":"Image","DisplayName":"Image","FieldType":"String","DefaultValue":"./assets/daisywoman3.png","Description":"Image","List":""},{"Key":"LeftIconName","DisplayName":"Left Icon Name","FieldType":"String","DefaultValue":"fa-solid fa-inbox","Description":"Left Icon Name","List":""},{"Key":"Title","DisplayName":"Title","FieldType":"String","DefaultValue":"List Item","Description":"Title","List":""},{"Key":"SubTitle","DisplayName":"Sub Title","FieldType":"String","DefaultValue":"","Description":"Sub Title","List":""},{"Key":"SubTitleVisible","DisplayName":"Sub Title Visible","FieldType":"Boolean","DefaultValue":"True","Description":"Sub Title Visible","List":""},{"Key":"RightIconName","DisplayName":"Right Icon Name","FieldType":"String","DefaultValue":"fa-solid fa-chevron-right","Description":"Right Icon Name","List":""},{"Key":"RightIconVisible","DisplayName":"Right Icon Visible","FieldType":"Boolean","DefaultValue":"True","Description":"Right Icon Visible","List":""},{"Key":"RightText","DisplayName":"Right Text","FieldType":"String","DefaultValue":"","Description":"Right Text","List":""},{"Key":"RightTextVisible","DisplayName":"Right Text Visible","FieldType":"Boolean","DefaultValue":"True","Description":"Right Text Visible","List":""},{"Key":"Visible","DisplayName":"Visible","FieldType":"Boolean","DefaultValue":"True","Description":"If visible.","List":""},{"Key":"PositionStyle","DisplayName":"Position Style","FieldType":"String","DefaultValue":"none","Description":"Position","List":"absolute|fixed|none|relative|static|sticky"},{"Key":"RawPosition","DisplayName":"Position Locations","FieldType":"String","DefaultValue":"t=?; b=?; r=?; l=?","Description":"Position Locations","List":""},{"Key":"MarginAXYTBLR","DisplayName":"Margins","FieldType":"String","DefaultValue":"a=?; x=?; y=?; t=?; b=?; l=?; r=?","Description":"Margins A(all)-X(LR)-Y(TB)-T-B-L-R","List":""},{"Key":"PaddingAXYTBLR","DisplayName":"Paddings","FieldType":"String","DefaultValue":"a=?; x=?; y=?; t=?; b=?; l=?; r=?","Description":"Paddings A(all)-X(LR)-Y(TB)-T-B-L-R","List":""},{"Key":"RawClasses","DisplayName":"Classes (;)","FieldType":"String","DefaultValue":"","Description":"Classes added to the HTML tag.","List":""},{"Key":"RawStyles","DisplayName":"Styles (JSON)","FieldType":"String","DefaultValue":"","Description":"Styles added to the HTML tag. Must be a json String use = and ;","List":""},{"Key":"RawAttributes","DisplayName":"Attributes (JSON)","FieldType":"String","DefaultValue":"","Description":"Attributes added to the HTML tag. Must be a json String use = and ;","List":""}],"events":[{"name":"Click (e As BANanoEvent)"},{"name":"RightClick (e As BANanoEvent)"}],"methods":[{"name":"Class_Globals","signature":"Class_Globals"},{"name":"Initialize","signature":"Initialize (Callback As Object, Name As String, EventName As String)"},{"name":"getElement","signature":"getElement() As BANanoElement"},{"name":"RemoveLastClass","signature":"RemoveLastClass(Prefix As String, attrName As String)"},{"name":"AddComputedStyleMap","signature":"AddComputedStyleMap(ms As Map)"},{"name":"getID","signature":"getID() As String"},{"name":"LoadComponentJson","signature":"LoadComponentJson(designName As String)"},{"name":"AddToParent","signature":"AddToParent(targetID As String, props As Map)"},{"name":"Remove","signature":"Remove()"},{"name":"setParentID","signature":"setParentID(s As String)"},{"name":"setElement","signature":"setElement(e As BANanoElement)"},{"name":"Clear","signature":"Clear"},{"name":"Append","signature":"Append(tmp As Object)"},{"name":"SetHTML","signature":"SetHTML(sHTML As String)"},{"name":"LinkExisting","signature":"LinkExisting"},{"name":"TriggerEvent","signature":"TriggerEvent(event As String, params() As String)"},{"name":"getHere","signature":"getHere() As String"},{"name":"AddAttr","signature":"AddAttr(attr As String, text As Object)"},{"name":"AddDataAttr","signature":"AddDataAttr(attr As String, text As String)"},{"name":"GetDataAttr","signature":"GetDataAttr(attr As String) As String"},{"name":"GetAttr","signature":"GetAttr(attr As String) As String"},{"name":"AddClass","signature":"AddClass(text As String)"},{"name":"RemoveStyle","signature":"RemoveStyle(s As String)"},{"name":"ToggleClass","signature":"ToggleClass(s As String)"},{"name":"RemoveClass","signature":"RemoveClass(text As String)"},{"name":"AddAttrMap","signature":"AddAttrMap(ms As Map)"},{"name":"RemoveAttr","signature":"RemoveAttr(attr As String)"},{"name":"AddStyleComputed","signature":"AddStyleComputed(attr As String, text As String)"},{"name":"AddStyleMap","signature":"AddStyleMap(ms As Map)"},{"name":"AddStyle","signature":"AddStyle(k As String, v As String)"},{"name":"setVisible","signature":"setVisible(b As Boolean)"},{"name":"getVisible","signature":"getVisible As Boolean"},{"name":"OnEventMethod","signature":"OnEventMethod(event As String, Module As Object, MethodName As String, args As List)"},{"name":"On","signature":"On(event As String, args As List)"},{"name":"OnEvent","signature":"OnEvent(event As String, Module As Object, methodName As String, args As List)"},{"name":"setPositionStyle","signature":"setPositionStyle(s As String)"},{"name":"getPositionStyle","signature":"getPositionStyle As String"},{"name":"ResponsiveClass","signature":"ResponsiveClass(className As String, xs As Boolean, sm As Boolean, md As Boolean, lg As Boolean)"},{"name":"setPosition","signature":"setPosition(s As String)"},{"name":"getPosition","signature":"getPosition As String"},{"name":"setAttributes","signature":"setAttributes(s As String)"},{"name":"setStyles","signature":"setStyles(s As String)"},{"name":"setClasses","signature":"setClasses(s As String)"},{"name":"setPaddingAXYTBLR","signature":"setPaddingAXYTBLR(s As String)"},{"name":"setMarginAXYTBLR","signature":"setMarginAXYTBLR(s As String)"},{"name":"getAttributes","signature":"getAttributes As String"},{"name":"getStyles","signature":"getStyles As String"},{"name":"getClasses","signature":"getClasses As String"},{"name":"getPaddingAXYTBLR","signature":"getPaddingAXYTBLR As String"},{"name":"getMarginAXYTBLR","signature":"getMarginAXYTBLR As String"},{"name":"OnChildEvent","signature":"OnChildEvent(child As String, event As String, Module As Object, methodName As String, args As List)"},{"name":"DesignerCreateView","signature":"DesignerCreateView (Target As BANanoElement, Props As Map)"},{"name":"setImage","signature":"setImage(s As String)"},{"name":"setItemType","signature":"setItemType(s As String)"},{"name":"setLeftIconName","signature":"setLeftIconName(s As String)"},{"name":"setRightIconName","signature":"setRightIconName(s As String)"},{"name":"setRightText","signature":"setRightText(s As String)"},{"name":"setSubTitle","signature":"setSubTitle(s As String)"},{"name":"setTitle","signature":"setTitle(s As String)"},{"name":"setRightIconVisible","signature":"setRightIconVisible(b As Boolean)"},{"name":"setLeftIconVisible","signature":"setLeftIconVisible(b As Boolean)"},{"name":"setRightTextVisible","signature":"setRightTextVisible(b As Boolean)"},{"name":"setSubTitleVisible","signature":"setSubTitleVisible(b As Boolean)"},{"name":"setImageVisible","signature":"setImageVisible(b As Boolean)"},{"name":"setTitleVisible","signature":"setTitleVisible(b As Boolean)"},{"name":"getImage","signature":"getImage As String"},{"name":"getItemType","signature":"getItemType As String"},{"name":"getLeftIconName","signature":"getLeftIconName As String"},{"name":"getRightIconName","signature":"getRightIconName As String"},{"name":"getRightText","signature":"getRightText As String"},{"name":"getSubTitle","signature":"getSubTitle As String"},{"name":"getTitle","signature":"getTitle As String"},{"name":"getRightIconVisible","signature":"getRightIconVisible As Boolean"},{"name":"getRightTextVisible","signature":"getRightTextVisible As Boolean"},{"name":"getSubTitleVisible","signature":"getSubTitleVisible As Boolean"}]}