{"properties":[{"Key":"ParentID","DisplayName":"ParentID","FieldType":"String","DefaultValue":"","Description":"The ParentID of this div","List":""},{"Key":"Size","DisplayName":"Size","FieldType":"String","DefaultValue":"p","List":"a|p|nav|article|aside|section|div|span|h1|h2|h3|h4|h5|h6|header|main|li|dl|dt|dd|ul|figure|blockquote|figcaption|label|ol|fieldset|legend|blockquote|strong","Description":"Size of the label"},{"Key":"CustomTag","DisplayName":"CustomTag","FieldType":"String","DefaultValue":"","Description":"Use a custom tag","List":""},{"Key":"Caption","DisplayName":"Caption","FieldType":"String","DefaultValue":"","Description":"The caption of the element","List":""},{"Key":"ListStyle","DisplayName":"List Style","FieldType":"String","DefaultValue":"list-none","Description":"List Style","List":"list-decimal|list-disc|list-none"},{"Key":"Raw","DisplayName":"HTML","FieldType":"String","DefaultValue":"","Description":"RAW HTML. Overrides the Caption property.","List":""},{"Key":"LoremIpsum","DisplayName":"Lorem Ipsum","FieldType":"Boolean","DefaultValue":"False","Description":"Is Lorem Ipsum","List":""},{"Key":"ForE","DisplayName":"For","FieldType":"String","DefaultValue":"","Description":"For attribute","List":""},{"Key":"RawKeyValues","DisplayName":"Key Values","FieldType":"String","DefaultValue":"b4a","Description":"Key Values For The Items [k","List":""},{"Key":"TextSize","DisplayName":"Text Size","FieldType":"String","DefaultValue":"","Description":"Text Size (xs;sm;base;lg;xl;2xl;3xl;4xl;5xl;6xl;7xl;8xl;9xl)","List":""},{"Key":"TextAlign","DisplayName":"Text Align","FieldType":"String","DefaultValue":"none","Description":"Text Align","List":"none|left|center|right|justify|start|end"},{"Key":"VerticalAlign","DisplayName":"Vertical Align","FieldType":"String","DefaultValue":"none","Description":"Text Align","List":"none|baseline|top|middle|bottom|text-top|text-bottom|sub|super"},{"Key":"FontWeight","DisplayName":"Font Weight","FieldType":"String","DefaultValue":"none","Description":"Font Weight","List":"none|thin|extralight|light|normal|medium|semibold|bold|extrabold|black"},{"Key":"HoverBgColor","DisplayName":"Hover Bg Color","FieldType":"String","DefaultValue":"","Description":"Hover Bg Color","List":""},{"Key":"FocusBgColor","DisplayName":"Focus Bg Color","FieldType":"String","DefaultValue":"","Description":"Focus Bg Color","List":""},{"Key":"ActiveBgColor","DisplayName":"Active Bg Color","FieldType":"String","DefaultValue":"","Description":"Active Bg Color","List":""},{"Key":"ActiveTextColor","DisplayName":"Active Text Color","FieldType":"String","DefaultValue":"","Description":"Active Text Color","List":""},{"Key":"BgColor","DisplayName":"Bg Color","FieldType":"String","DefaultValue":"","Description":"Background Color","List":""},{"Key":"BgColorIntensity","DisplayName":"Bg Color Intensity","FieldType":"String","DefaultValue":"","Description":"Background Color Intensity","List":""},{"Key":"TextDecoration","DisplayName":"Decoration","FieldType":"String","DefaultValue":"none","Description":"Text Decoration","List":"line-through|no-underline|none|overline|underline"},{"Key":"DecorationStyle","DisplayName":"Decoration Style","FieldType":"String","DefaultValue":"none","Description":"Decoration Style","List":"dashed|dotted|double|none|solid|wavy"},{"Key":"DecorationColor","DisplayName":"Decoration Color","FieldType":"String","DefaultValue":"","Description":"Decoration Color","List":""},{"Key":"DecorationColorIntensity","DisplayName":"Decoration Color Intensity","FieldType":"String","DefaultValue":"","Description":"Decoration Color Intensity","List":""},{"Key":"TextColor","DisplayName":"Text Color","FieldType":"String","DefaultValue":"","Description":"Text Color","List":""},{"Key":"TextColorIntensity","DisplayName":"Text Color Intensity","FieldType":"String","DefaultValue":"","Description":"Text Color Intensity","List":""},{"Key":"TextOverflow","DisplayName":"Text Overflow","FieldType":"String","DefaultValue":"none","Description":"Text Overflow","List":"none|text-clip|text-ellipsis|truncate"},{"Key":"TextTransform","DisplayName":"Text Transform","FieldType":"String","DefaultValue":"none","Description":"Text Transform","List":"capitalize|lowercase|none|normal-case|uppercase"},{"Key":"WhiteSpace","DisplayName":"White Space","FieldType":"String","DefaultValue":"none","Description":"White Space","List":"none|normal|nowrap|pre|pre-line|pre-wrap"},{"Key":"WordBreak","DisplayName":"Word Break","FieldType":"String","DefaultValue":"none","Description":"Word Break","List":"all|keep|none|normal|words"},{"Key":"Italic","DisplayName":"Italic","FieldType":"Boolean","DefaultValue":"False","Description":"Italic","List":""},{"Key":"Visible","DisplayName":"Visible","FieldType":"Boolean","DefaultValue":"True","Description":"If visible.","List":""},{"Key":"Flex","DisplayName":"Flex","FieldType":"Boolean","DefaultValue":"False","Description":"Flex","List":""},{"Key":"Width","DisplayName":"Width","FieldType":"String","DefaultValue":"","Description":"Width","List":""},{"Key":"Height","DisplayName":"Height","FieldType":"String","DefaultValue":"","Description":"Height","List":""},{"Key":"MarginAXYTBLR","DisplayName":"Margins","FieldType":"String","DefaultValue":"a=?; x=?; y=?; t=?; b=?; l=?; r=?","Description":"Margins A-X-Y-T-B-L-R","List":""},{"Key":"PaddingAXYTBLR","DisplayName":"Paddings","FieldType":"String","DefaultValue":"a=?; x=?; y=?; t=?; b=?; l=?; r=?","Description":"Paddings A-X-Y-T-B-L-R","List":""},{"Key":"RawClasses","DisplayName":"Classes","FieldType":"String","DefaultValue":"","Description":"Classes added to the HTML tag.","List":""},{"Key":"RawStyles","DisplayName":"Styles","FieldType":"String","DefaultValue":"","Description":"Styles added to the HTML tag. Must be a json String- use =","List":""},{"Key":"RawAttributes","DisplayName":"Attributes","FieldType":"String","DefaultValue":"","Description":"Attributes added to the HTML tag. Must be a json String- use =","List":""}],"events":[{"name":"Click (e As BANanoEvent)"},{"name":"MouseDown (e As BANanoEvent)"},{"name":"MouseEnter (e As BANanoEvent)"},{"name":"MouseLeave (e As BANanoEvent)"},{"name":"MouseMove (e As BANanoEvent)"},{"name":"MouseOver (e As BANanoEvent)"},{"name":"MouseOut (e As BANanoEvent)"},{"name":"MouseUp (e As BANanoEvent)"},{"name":"Change (e As BANanoEvent)"}],"methods":[{"name":"Initialize","signature":"Initialize (CallBack As Object, pName As String, EventName As String)"},{"name":"DecorationColorIntensity","signature":"DecorationColorIntensity(s As String, i As String) As SDUILabel"},{"name":"decorationColor","signature":"decorationColor(s As String) As SDUILabel"},{"name":"BGColorIntensity","signature":"BGColorIntensity(xcolor As String, intensity As String) As SDUILabel"},{"name":"setListStyle","signature":"setListStyle(s As String)"},{"name":"getListStyle","signature":"getListStyle As String"},{"name":"SetItems","signature":"SetItems(xm As Map)"},{"name":"SetItemsList","signature":"SetItemsList(xm As List)"},{"name":"setKeyValues","signature":"setKeyValues(s As String)"},{"name":"setActiveTextColor","signature":"setActiveTextColor(s As String)"},{"name":"setFocusBgColor","signature":"setFocusBgColor(s As String)"},{"name":"setHoverBgColor","signature":"setHoverBgColor(s As String)"},{"name":"setActiveBgColor","signature":"setActiveBgColor(s As String)"},{"name":"setWidth","signature":"setWidth(s As String)"},{"name":"setHeight","signature":"setHeight(s As String)"},{"name":"setFlex","signature":"setFlex(b As Boolean)"},{"name":"decorationStyle","signature":"decorationStyle(s As String) As SDUILabel"},{"name":"textDecoration","signature":"textDecoration(s As String) As SDUILabel"},{"name":"textOverflow","signature":"textOverflow(s As String) As SDUILabel"},{"name":"textTransform","signature":"textTransform(s As String) As SDUILabel"},{"name":"whiteSpace","signature":"whiteSpace(s As String) As SDUILabel"},{"name":"wordBreak","signature":"wordBreak(s As String) As SDUILabel"},{"name":"setSrc","signature":"setSrc(text As String)"},{"name":"setValue","signature":"setValue(text As String)"},{"name":"setChecked","signature":"setChecked(v As Boolean)"},{"name":"getChecked","signature":"getChecked As Boolean"},{"name":"getValue","signature":"getValue As Object"},{"name":"setText","signature":"setText(text As String)"},{"name":"AddLabel","signature":"AddLabel(mCallback As Object, sParentID As String, sID As String, sSize As String, sCaption As String)"},{"name":"AddEventListener","signature":"AddEventListener(event As String, cb As BANanoObject)"},{"name":"AssignElement","signature":"AssignElement(mCallBack As Object, sID As String)"},{"name":"AssignEvents","signature":"AssignEvents(mCallBack As Object, sID As String)"},{"name":"LoremIpsum","signature":"LoremIpsum As SDUILabel"},{"name":"LoremIpsumWords","signature":"LoremIpsumWords(howMany As Int) As SDUILabel"},{"name":"Enable","signature":"Enable"},{"name":"Show","signature":"Show"},{"name":"Hide","signature":"Hide"},{"name":"AddBR","signature":"AddBR"},{"name":"Append","signature":"Append(varText As String) As SDUILabel"},{"name":"setHTML","signature":"setHTML(sHTML As String)"},{"name":"getHTML","signature":"getHTML As String"},{"name":"Remove","signature":"Remove"},{"name":"On","signature":"On(event As String, CallBackModule As Object, MethodName As String)"},{"name":"getHere","signature":"getHere As String"},{"name":"getName","signature":"getName As String"},{"name":"setCaption","signature":"setCaption(l As String) As SDUILabel"},{"name":"setFor","signature":"setFor(s As String) As SDUILabel"},{"name":"CellID","signature":"CellID(xRow As Int, xCol As Int) As String"},{"name":"Row","signature":"Row(xRow As Int) As SDUIDiv"},{"name":"Cell","signature":"Cell(xRow As Int, xCol As Int) As SDUIDiv"},{"name":"AddToParent","signature":"AddToParent(targetID As String, props As Map)"},{"name":"OnEventMethod\t\t'ignore","signature":"OnEventMethod(event As String, Module As Object, MethodName As String, args As List)\t\t'ignore"},{"name":"LinkExisting","signature":"LinkExisting"},{"name":"OnEvent","signature":"OnEvent(event As String, Module As Object, methodName As String, args As List) 'ignore"},{"name":"setParentID","signature":"setParentID(s As String)"},{"name":"setSize","signature":"setSize(s As String)"},{"name":"setCustomTag","signature":"setCustomTag(s As String)"},{"name":"set","signature":"set(s As String)"},{"name":"setForE","signature":"setForE(s As String)"},{"name":"setDecorationColor","signature":"setDecorationColor(s As String)"},{"name":"setItalic","signature":"setItalic(b As Boolean)"},{"name":"setVisible","signature":"setVisible(b As Boolean)"},{"name":"setMarginAXYTBLR","signature":"setMarginAXYTBLR(s As String)"},{"name":"setPaddingAXYTBLR","signature":"setPaddingAXYTBLR(s As String)"},{"name":"setClasses","signature":"setClasses(s As String)"},{"name":"setStyles","signature":"setStyles(s As String)"},{"name":"setAttributes","signature":"setAttributes(s As String)"},{"name":"getParentID","signature":"getParentID As String"},{"name":"getSize","signature":"getSize As String"},{"name":"getCustomTag","signature":"getCustomTag As String"},{"name":"get","signature":"get As String"},{"name":"getForE","signature":"getForE As String"},{"name":"getHoverBgColor","signature":"getHoverBgColor As String"},{"name":"getFocusBgColor","signature":"getFocusBgColor As String"},{"name":"getActiveBgColor","signature":"getActiveBgColor As String"},{"name":"getActiveTextColor","signature":"getActiveTextColor As String"},{"name":"getDecorationColor","signature":"getDecorationColor As String"},{"name":"getItalic","signature":"getItalic As Boolean"},{"name":"getVisible","signature":"getVisible As Boolean"},{"name":"getFlex","signature":"getFlex As Boolean"},{"name":"getWidth","signature":"getWidth As String"},{"name":"getHeight","signature":"getHeight As String"},{"name":"getMarginAXYTBLR","signature":"getMarginAXYTBLR As String"},{"name":"getPaddingAXYTBLR","signature":"getPaddingAXYTBLR As String"},{"name":"getClasses","signature":"getClasses As String"},{"name":"getStyles","signature":"getStyles As String"},{"name":"getAttributes","signature":"getAttributes As String"},{"name":"AddClass","signature":"AddClass(xText As String) As SDUILabel"},{"name":"UpdateClass","signature":"UpdateClass(rpClass As String, nv As String)"},{"name":"RemoveClass","signature":"RemoveClass(xtext As String) As SDUILabel"},{"name":"SetTemplateName","signature":"SetTemplateName(id As String)"},{"name":"setIconName","signature":"setIconName(scontent As String)"},{"name":"SetData","signature":"SetData(k As String, v As String)"},{"name":"GetData","signature":"GetData(k As String) As String"},{"name":"BorderStyle","signature":"BorderStyle(s As String) As SDUILabel"},{"name":"AddRawStyles","signature":"AddRawStyles(varStyles As String)"},{"name":"BgNoRepeat","signature":"BgNoRepeat As SDUILabel"},{"name":"BgArbitrary","signature":"BgArbitrary(s As String) As SDUILabel"},{"name":"Skew","signature":"Skew(s As String) As SDUILabel"},{"name":"SkewY","signature":"SkewY(s As String) As SDUILabel"},{"name":"SkewX","signature":"SkewX(s As String) As SDUILabel"},{"name":"AddRawPositions","signature":"AddRawPositions(varStyles As String)"},{"name":"AddRawClasses","signature":"AddRawClasses(varStyles As String)"},{"name":"AddRawAttributes","signature":"AddRawAttributes(varStyles As String)"},{"name":"AddAttr","signature":"AddAttr(attr As String, text As Object) As SDUILabel"},{"name":"AddDataAttr","signature":"AddDataAttr(attr As String, text As String)"},{"name":"GetDataAttr","signature":"GetDataAttr(k As String) As String"},{"name":"GetAttr","signature":"GetAttr(attr As String) As String"},{"name":"AddStyleMap","signature":"AddStyleMap(ms As Map) As SDUILabel"},{"name":"Clear","signature":"Clear"},{"name":"OnChildEvent\t'ignore","signature":"OnChildEvent(child As String, event As String, xModule As Object, methodName As String, args As List)\t'ignore"},{"name":"ResponsiveClass","signature":"ResponsiveClass(className As String, xs As Boolean, sm As Boolean, md As Boolean, lg As Boolean)"},{"name":"FixColor","signature":"FixColor(prefix As String, v As String) As String"},{"name":"FixColorIntensity","signature":"FixColorIntensity(prefix As String, v As String, i As String) As String"},{"name":"FixSize","signature":"FixSize(prefix As String, v As String) As String"},{"name":"AddAttrMap","signature":"AddAttrMap(ms As Map) As SDUILabel"},{"name":"RemoveAttr","signature":"RemoveAttr(attr As String) As SDUILabel"},{"name":"AddStyleComputed","signature":"AddStyleComputed(attr As String, text As String) As SDUILabel"},{"name":"AddStyle","signature":"AddStyle(k As String, v As String) As SDUILabel"},{"name":"GetMarginPadding","signature":"GetMarginPadding(varOffsets As String) As Map"},{"name":"AddRawMargins","signature":"AddRawMargins(varMarginAXYTBLR As String)"},{"name":"AddRawPadding","signature":"AddRawPadding(varsetPaddingTBLR As String)"},{"name":"ApplyTheme","signature":"ApplyTheme(app As SDUIApp, themeName As String) As SDUILabel"},{"name":"Grid","signature":"Grid As SDUILabel"},{"name":"GridFlowRowDense","signature":"GridFlowRowDense As SDUILabel"},{"name":"GridCols","signature":"GridCols(s As String) As SDUILabel"},{"name":"GridColsSM","signature":"GridColsSM(s As String) As SDUILabel"},{"name":"GridColsLG","signature":"GridColsLG(s As String) As SDUILabel"},{"name":"GridColsXL","signature":"GridColsXL(s As String) As SDUILabel"},{"name":"GridColsMD","signature":"GridColsMD(s As String) As SDUILabel"},{"name":"ResponsiveOnDevice","signature":"ResponsiveOnDevice(device As String, className As String) As SDUILabel"},{"name":"ResponsiveXS","signature":"ResponsiveXS(className As String) As SDUILabel"},{"name":"ResponsiveSM","signature":"ResponsiveSM(className As String) As SDUILabel"},{"name":"ResponsiveMD","signature":"ResponsiveMD(className As String) As SDUILabel"},{"name":"ResponsiveLG","signature":"ResponsiveLG(className As String) As SDUILabel"},{"name":"FontThin","signature":"FontThin As SDUILabel"},{"name":"FontExtralight","signature":"FontExtralight As SDUILabel"},{"name":"FontLight","signature":"FontLight As SDUILabel"},{"name":"FontNormal","signature":"FontNormal As SDUILabel"},{"name":"GridColsResponsive","signature":"GridColsResponsive(cols As String, xs As String, sm As String, md As String, lg As String, xl As String)"},{"name":"PlaceItemsCenter","signature":"PlaceItemsCenter As SDUILabel"},{"name":"PlaceItemsStart","signature":"PlaceItemsStart As SDUILabel"},{"name":"PlaceItemsEnd","signature":"PlaceItemsEnd As SDUILabel"},{"name":"PlaceItemsStretch","signature":"PlaceItemsStretch As SDUILabel"},{"name":"PlaceContentCenter","signature":"PlaceContentCenter As SDUILabel"},{"name":"PlaceContentStart","signature":"PlaceContentStart As SDUILabel"},{"name":"PlaceContentEnd","signature":"PlaceContentEnd As SDUILabel"},{"name":"PlaceContentBetween","signature":"PlaceContentBetween As SDUILabel"},{"name":"PlaceContentAround","signature":"PlaceContentAround As SDUILabel"},{"name":"PlaceContentEvenly","signature":"PlaceContentEvenly As SDUILabel"},{"name":"PlaceContentStretch","signature":"PlaceContentStretch As SDUILabel"},{"name":"setGlass","signature":"setGlass(b As Boolean)"},{"name":"HasBorder","signature":"HasBorder As SDUILabel"},{"name":"BackGroundImage","signature":"BackGroundImage(url As String) As SDUILabel"},{"name":"BackgroundImageFull","signature":"BackgroundImageFull(url As String) As SDUILabel"},{"name":"Gap","signature":"Gap(i As String) As SDUILabel"},{"name":"GapX","signature":"GapX(i As String) As SDUILabel"},{"name":"SpaceX","signature":"SpaceX(i As String) As SDUILabel"},{"name":"SpaceY","signature":"SpaceY(i As String) As SDUILabel"},{"name":"ObjectCover","signature":"ObjectCover As SDUILabel"},{"name":"Bordered","signature":"Bordered As SDUILabel"},{"name":"SetComputedValue","signature":"SetComputedValue(text As String)"},{"name":"GetStyleComputed","signature":"GetStyleComputed(var As String) As Object"},{"name":"RemoveStyleComputed","signature":"RemoveStyleComputed(var As String)"},{"name":"SpaceBetweenChildren","signature":"SpaceBetweenChildren As SDUILabel"},{"name":"SpaceEvenlyChildren","signature":"SpaceEvenlyChildren As SDUILabel"},{"name":"SpaceAroundChildren","signature":"SpaceAroundChildren As SDUILabel"},{"name":"ChildrenAtEnd","signature":"ChildrenAtEnd As SDUILabel"},{"name":"CenterVertically","signature":"CenterVertically As SDUILabel"},{"name":"CenterHorizontally","signature":"CenterHorizontally As SDUILabel"},{"name":"AlignContent","signature":"AlignContent(s As String) As SDUILabel"},{"name":"AlignItems","signature":"AlignItems(s As String) As SDUILabel"},{"name":"setFullPage","signature":"setFullPage(b As Boolean)"},{"name":"HoverScale","signature":"HoverScale(s As String) As SDUILabel"},{"name":"HoverShadow","signature":"HoverShadow(s As String) As SDUILabel"},{"name":"Fixed","signature":"Fixed As SDUILabel"},{"name":"TextLeft","signature":"TextLeft As SDUILabel"},{"name":"TextRight","signature":"TextRight As SDUILabel"},{"name":"TextJustify","signature":"TextJustify As SDUILabel"},{"name":"TextStart","signature":"TextStart As SDUILabel"},{"name":"TextEnd","signature":"TextEnd As SDUILabel"},{"name":"VerticalLR","signature":"VerticalLR As SDUILabel"},{"name":"VerticalRL","signature":"VerticalRL As SDUILabel"},{"name":"SideWaysLR","signature":"SideWaysLR As SDUILabel"},{"name":"SideWaysRL","signature":"SideWaysRL As SDUILabel"},{"name":"EnsureVisible","signature":"EnsureVisible As SDUILabel"},{"name":"setElevation","signature":"setElevation(point As String)"},{"name":"setFullScreen","signature":"setFullScreen(b As Boolean)"},{"name":"ShowItem","signature":"ShowItem(elID As String) As SDUILabel"},{"name":"HideItem","signature":"HideItem(elID As String) As SDUILabel"},{"name":"Flex","signature":"Flex As SDUILabel"},{"name":"FlexCol","signature":"FlexCol As SDUILabel"},{"name":"getText","signature":"getText As String"},{"name":"getCaption","signature":"getCaption As String"},{"name":"Off","signature":"Off(event As String) As SDUILabel"},{"name":"TransitionAll","signature":"TransitionAll As SDUILabel"},{"name":"EaseInOut","signature":"EaseInOut As SDUILabel"},{"name":"OriginLeft","signature":"OriginLeft As SDUILabel"},{"name":"Transform","signature":"Transform As SDUILabel"},{"name":"Absolute","signature":"Absolute As SDUILabel"},{"name":"ItemsCenter","signature":"ItemsCenter As SDUILabel"},{"name":"ContentCenter","signature":"ContentCenter As SDUILabel"},{"name":"InlineBlock","signature":"InlineBlock As SDUILabel"},{"name":"MaxW","signature":"MaxW(s As String) As SDUILabel"},{"name":"MaxH","signature":"MaxH(s As String) As SDUILabel"},{"name":"MinW","signature":"MinW(s As String) As SDUILabel"},{"name":"MinH","signature":"MinH(s As String) As SDUILabel"},{"name":"WhiteSpaceNoWrap","signature":"WhiteSpaceNoWrap As SDUILabel"},{"name":"Truncate","signature":"Truncate As SDUILabel"},{"name":"BGCover","signature":"BGCover As SDUILabel"},{"name":"TransitionArbitrary","signature":"TransitionArbitrary(s As String) As SDUILabel"},{"name":"Transition","signature":"Transition As SDUILabel"},{"name":"BGCenter","signature":"BGCenter As SDUILabel"},{"name":"Block","signature":"Block As SDUILabel"},{"name":"FontSemiBold","signature":"FontSemiBold As SDUILabel"},{"name":"BGImageURL","signature":"BGImageURL(s As String) As SDUILabel"},{"name":"GapY","signature":"GapY(i As String) As SDUILabel"},{"name":"TextSize","signature":"TextSize(s As String) As SDUILabel"},{"name":"RemoveLastClass","signature":"RemoveLastClass(xattr As String)"},{"name":"Size","signature":"Size(prefix As String, s As String) As SDUILabel"},{"name":"TextBase","signature":"TextBase As SDUILabel"},{"name":"Color","signature":"Color(prefix As String, s As String) As SDUILabel"},{"name":"ColorIntensity","signature":"ColorIntensity(prefix As String, c As String, i As String) As SDUILabel"},{"name":"TextColor","signature":"TextColor(s As String) As SDUILabel"},{"name":"FitScreen","signature":"FitScreen As SDUILabel"},{"name":"Disable","signature":"Disable As SDUILabel"},{"name":"TextCenter","signature":"TextCenter As SDUILabel"},{"name":"VerticalAlign","signature":"VerticalAlign(s As String) As SDUILabel"},{"name":"TextAlign","signature":"TextAlign(s As String) As SDUILabel"},{"name":"FontWeight","signature":"FontWeight(s As String) As SDUILabel"},{"name":"Empty","signature":"Empty"},{"name":"CenterChildren","signature":"CenterChildren As SDUILabel"},{"name":"BgBottom","signature":"BgBottom As SDUILabel"},{"name":"contentNone","signature":"contentNone As SDUILabel"},{"name":"bgFixed","signature":"bgFixed As SDUILabel"},{"name":"bgLocal","signature":"bgLocal As SDUILabel"},{"name":"bgScroll","signature":"bgScroll As SDUILabel"},{"name":"bgClipBorder","signature":"bgClipBorder As SDUILabel"},{"name":"bgClipContent","signature":"bgClipContent As SDUILabel"},{"name":"bgClipPadding","signature":"bgClipPadding As SDUILabel"},{"name":"bgBlack","signature":"bgBlack As SDUILabel"},{"name":"bgCurrent","signature":"bgCurrent As SDUILabel"},{"name":"bgInherit","signature":"bgInherit As SDUILabel"},{"name":"bgTransparent","signature":"bgTransparent As SDUILabel"},{"name":"bgWhite","signature":"bgWhite As SDUILabel"},{"name":"bgOriginBorder","signature":"bgOriginBorder As SDUILabel"},{"name":"bgOriginContent","signature":"bgOriginContent As SDUILabel"},{"name":"bgOriginPadding","signature":"bgOriginPadding As SDUILabel"},{"name":"bgLeft","signature":"bgLeft As SDUILabel"},{"name":"bgLeftBottom","signature":"bgLeftBottom As SDUILabel"},{"name":"bgLeftTop","signature":"bgLeftTop As SDUILabel"},{"name":"bgRight","signature":"bgRight As SDUILabel"},{"name":"bgRightBottom","signature":"bgRightBottom As SDUILabel"},{"name":"bgRightTop","signature":"bgRightTop As SDUILabel"},{"name":"bgTop","signature":"bgTop As SDUILabel"},{"name":"bgRepeat","signature":"bgRepeat As SDUILabel"},{"name":"bgRepeatRound","signature":"bgRepeatRound As SDUILabel"},{"name":"bgRepeatSpace","signature":"bgRepeatSpace As SDUILabel"},{"name":"bgRepeatX","signature":"bgRepeatX As SDUILabel"},{"name":"bgRepeatY","signature":"bgRepeatY As SDUILabel"},{"name":"bgAuto","signature":"bgAuto As SDUILabel"},{"name":"bgContain","signature":"bgContain As SDUILabel"},{"name":"bgNone","signature":"bgNone As SDUILabel"},{"name":"breakAll","signature":"breakAll As SDUILabel"},{"name":"breakKeep","signature":"breakKeep As SDUILabel"},{"name":"breakNormal","signature":"breakNormal As SDUILabel"},{"name":"breakWords","signature":"breakWords As SDUILabel"},{"name":"TextColorIntensity","signature":"TextColorIntensity(s As String, i As String) As SDUILabel"},{"name":"TargetBlank","signature":"TargetBlank As SDUILabel"},{"name":"RoundedBox","signature":"RoundedBox As SDUILabel"},{"name":"Disabled","signature":"Disabled(b As Boolean) As SDUILabel"},{"name":"Hidden","signature":"Hidden(b As Boolean) As SDUILabel"},{"name":"CursorPointer","signature":"CursorPointer As SDUILabel"},{"name":"HideOnSmall","signature":"HideOnSmall As SDUILabel"},{"name":"HideOnMedium","signature":"HideOnMedium As SDUILabel"},{"name":"Border","signature":"Border(s As String) As SDUILabel"},{"name":"Border1","signature":"Border1 As SDUILabel"},{"name":"BorderRColor","signature":"BorderRColor(s As String) As SDUILabel"},{"name":"BorderLColor","signature":"BorderLColor(s As String) As SDUILabel"},{"name":"BorderTColor","signature":"BorderTColor(s As String) As SDUILabel"},{"name":"BorderBColor","signature":"BorderBColor(s As String) As SDUILabel"},{"name":"BorderRColorIntensity","signature":"BorderRColorIntensity(c As String, i As Int) As SDUILabel"},{"name":"BorderTColorIntensity","signature":"BorderTColorIntensity(c As String, i As Int)"},{"name":"BorderLColorIntensity","signature":"BorderLColorIntensity(c As String, i As Int)"},{"name":"BorderBColorIntensity","signature":"BorderBColorIntensity(c As String, i As Int)"},{"name":"BorderR","signature":"BorderR(s As String) As SDUILabel"},{"name":"BorderL","signature":"BorderL(s As String) As SDUILabel"},{"name":"BorderT","signature":"BorderT(s As String) As SDUILabel"},{"name":"BorderB","signature":"BorderB(s As String) As SDUILabel"},{"name":"Shadow","signature":"Shadow(s As String) As SDUILabel"},{"name":"RingColorIntensity","signature":"RingColorIntensity(s As String, i As String) As SDUILabel"},{"name":"RingColor","signature":"RingColor(s As String) As SDUILabel"},{"name":"Loading","signature":"Loading(b As Boolean) As SDUILabel"},{"name":"NoAnimation","signature":"NoAnimation As SDUILabel"},{"name":"Sticky","signature":"Sticky As SDUILabel"},{"name":"WFull","signature":"WFull As SDUILabel"},{"name":"WScreen","signature":"WScreen As SDUILabel"},{"name":"HScreen","signature":"HScreen As SDUILabel"},{"name":"RoundedFull","signature":"RoundedFull As SDUILabel"},{"name":"NormalCase","signature":"NormalCase As SDUILabel"},{"name":"FontMedium","signature":"FontMedium As SDUILabel"},{"name":"Rounded","signature":"Rounded(s As String) As SDUILabel"},{"name":"isRounded","signature":"isRounded As SDUILabel"},{"name":"H","signature":"H(i As String) As SDUILabel"},{"name":"W","signature":"W(i As String) As SDUILabel"},{"name":"MX","signature":"MX(sma As String) As SDUILabel"},{"name":"MY","signature":"MY(sma As String) As SDUILabel"},{"name":"MT","signature":"MT(sma As String) As SDUILabel"},{"name":"MB","signature":"MB(sma As String) As SDUILabel"},{"name":"ML","signature":"ML(sma As String) As SDUILabel"},{"name":"MR","signature":"MR(sma As String) As SDUILabel"},{"name":"P","signature":"P(sma As String) As SDUILabel"},{"name":"PX","signature":"PX(sma As String) As SDUILabel"},{"name":"PY","signature":"PY(sma As String) As SDUILabel"},{"name":"PT","signature":"PT(sma As String) As SDUILabel"},{"name":"PB","signature":"PB(sma As String) As SDUILabel"},{"name":"PL","signature":"PL(sma As String) As SDUILabel"},{"name":"PR","signature":"PR(sma As String) As SDUILabel"},{"name":"MinHScreen","signature":"MinHScreen As SDUILabel"},{"name":"M","signature":"M(sma As String) As SDUILabel"},{"name":"ListNone","signature":"ListNone As SDUILabel"},{"name":"BGOpacity","signature":"BGOpacity(intensity As String) As SDUILabel"},{"name":"ShadowColor","signature":"ShadowColor(s As String) As SDUILabel"},{"name":"MarkerTextColor","signature":"MarkerTextColor(c As String) As SDUILabel"},{"name":"MarkerTextColorIntensity","signature":"MarkerTextColorIntensity(c As String, i As String) As SDUILabel"},{"name":"ListDisc","signature":"ListDisc As SDUILabel"},{"name":"ListDecimal","signature":"ListDecimal As SDUILabel"},{"name":"BGColor","signature":"BGColor(s As String) As SDUILabel"},{"name":"shadowColorIntensity","signature":"shadowColorIntensity(c As String, i As String) As SDUILabel"},{"name":"BorderColor","signature":"BorderColor(s As String) As SDUILabel"},{"name":"BorderColorIntensity","signature":"BorderColorIntensity(c As String, i As String) As SDUILabel"},{"name":"HoverBorderColorIntensity","signature":"HoverBorderColorIntensity(c As String, i As String) As SDUILabel"},{"name":"HoverClass","signature":"HoverClass(s As String) As SDUILabel"},{"name":"HoverBGColorIntensity","signature":"HoverBGColorIntensity(c As String, i As String) As SDUILabel"},{"name":"HoverBorderColor","signature":"HoverBorderColor(scolor As String) As SDUILabel"},{"name":"HoverBGColor","signature":"HoverBGColor(scolor As String) As SDUILabel"},{"name":"HoverTextColor","signature":"HoverTextColor(scolor As String) As SDUILabel"},{"name":"HoverTextColorIntensity","signature":"HoverTextColorIntensity(c As String, i As Int) As SDUILabel"},{"name":"HoverTextSize","signature":"HoverTextSize(ssize As String) As SDUILabel"},{"name":"Hover","signature":"Hover(c As String) As SDUILabel"},{"name":"Focus","signature":"Focus(c As String) As SDUILabel"},{"name":"SetFocus","signature":"SetFocus"},{"name":"ReadOnly","signature":"ReadOnly(b As Boolean) As SDUILabel"},{"name":"Required","signature":"Required(b As Boolean) As SDUILabel"},{"name":"FlexRow","signature":"FlexRow As SDUILabel"},{"name":"Wrap","signature":"Wrap As SDUILabel"},{"name":"NoWrap","signature":"NoWrap As SDUILabel"},{"name":"RoundedTLBox","signature":"RoundedTLBox As SDUILabel"},{"name":"RoundedBLBox","signature":"RoundedBLBox As SDUILabel"},{"name":"RoundedTLLG","signature":"RoundedTLLG As SDUILabel"},{"name":"RoundedTRLG","signature":"RoundedTRLG As SDUILabel"},{"name":"RoundedBLLG","signature":"RoundedBLLG As SDUILabel"},{"name":"RoundedBRLG","signature":"RoundedBRLG As SDUILabel"},{"name":"RoundedBRBox","signature":"RoundedBRBox As SDUILabel"},{"name":"RoundedBBox","signature":"RoundedBBox As SDUILabel"},{"name":"RoundedTRBox","signature":"RoundedTRBox As SDUILabel"},{"name":"FlexGrow0","signature":"FlexGrow0 As SDUILabel"},{"name":"FlexGrow","signature":"FlexGrow As SDUILabel"},{"name":"FlexWrap","signature":"FlexWrap As SDUILabel"},{"name":"Flex1","signature":"Flex1 As SDUILabel"},{"name":"Outline","signature":"Outline(s As String) As SDUILabel"},{"name":"NoUnderline","signature":"NoUnderline As SDUILabel"},{"name":"UpperCase","signature":"UpperCase As SDUILabel"},{"name":"Capitalize","signature":"Capitalize As SDUILabel"},{"name":"LineThrough","signature":"LineThrough(b As Boolean) As SDUILabel"},{"name":"Italic","signature":"Italic As SDUILabel"},{"name":"Overline","signature":"Overline As SDUILabel"},{"name":"Rotate","signature":"Rotate(sma As String) As SDUILabel"},{"name":"Stack","signature":"Stack As SDUILabel"},{"name":"AnimateNone","signature":"AnimateNone As SDUILabel"},{"name":"HFull","signature":"HFull As SDUILabel"},{"name":"GetSizes","signature":"GetSizes(varOffsets As String) As Map"},{"name":"WAuto","signature":"WAuto As SDUILabel"},{"name":"WFit","signature":"WFit As SDUILabel"},{"name":"WMin","signature":"WMin As SDUILabel"},{"name":"WMax","signature":"WMax As SDUILabel"},{"name":"MinWFull","signature":"MinWFull As SDUILabel"},{"name":"MinWMin","signature":"MinWMin As SDUILabel"},{"name":"MinWMax","signature":"MinWMax As SDUILabel"},{"name":"MinWFit","signature":"MinWFit As SDUILabel"},{"name":"HAuto","signature":"HAuto As SDUILabel"},{"name":"HFit","signature":"HFit As SDUILabel"},{"name":"HMin","signature":"HMin As SDUILabel"},{"name":"HMax","signature":"HMax As SDUILabel"},{"name":"MinHFull","signature":"MinHFull As SDUILabel"},{"name":"MinHMin","signature":"MinHMin As SDUILabel"},{"name":"MinHMax","signature":"MinHMax As SDUILabel"},{"name":"MinHFit","signature":"MinHFit As SDUILabel"},{"name":"MinH1","signature":"MinH1 As SDUILabel"},{"name":"MinHPx","signature":"MinHPx As SDUILabel"},{"name":"MaxH1","signature":"MaxH1 As SDUILabel"},{"name":"MaxHPx","signature":"MaxHPx As SDUILabel"},{"name":"MaxHFull","signature":"MaxHFull As SDUILabel"},{"name":"maxHMin","signature":"maxHMin As SDUILabel"},{"name":"MaxHMax","signature":"MaxHMax As SDUILabel"},{"name":"MaxHFit","signature":"MaxHFit As SDUILabel"},{"name":"Ring","signature":"Ring(s As String) As SDUILabel"},{"name":"OnClick","signature":"OnClick As SDUILabel"},{"name":"OnChange","signature":"OnChange As SDUILabel"},{"name":"MaxWNone","signature":"MaxWNone As SDUILabel"},{"name":"MaxWFull","signature":"MaxWFull As SDUILabel"},{"name":"MaxWMin","signature":"MaxWMin As SDUILabel"},{"name":"MaxWMax","signature":"MaxWMax As SDUILabel"},{"name":"MaxWFit","signature":"MaxWFit As SDUILabel"},{"name":"MaxWProse","signature":"MaxWProse As SDUILabel"},{"name":"MaxHScreen","signature":"MaxHScreen As SDUILabel"},{"name":"RoundedB","signature":"RoundedB(s As String) As SDUILabel"},{"name":"RoundedBFull","signature":"RoundedBFull As SDUILabel"},{"name":"RoundedBNone","signature":"RoundedBNone As SDUILabel"},{"name":"RoundedBL","signature":"RoundedBL As SDUILabel"},{"name":"RoundedBLFull","signature":"RoundedBLFull As SDUILabel"},{"name":"RoundedBLNone","signature":"RoundedBLNone As SDUILabel"},{"name":"RoundedBR","signature":"RoundedBR As SDUILabel"},{"name":"RoundedBRNone","signature":"RoundedBRNone As SDUILabel"},{"name":"RoundedL","signature":"RoundedL(s As String) As SDUILabel"},{"name":"RoundedLFull","signature":"RoundedLFull As SDUILabel"},{"name":"RoundedLNone","signature":"RoundedLNone As SDUILabel"},{"name":"RoundedNone","signature":"RoundedNone As SDUILabel"},{"name":"RoundedR","signature":"RoundedR(s As String) As SDUILabel"},{"name":"RoundedRFull","signature":"RoundedRFull As SDUILabel"},{"name":"RoundedRNone","signature":"RoundedRNone As SDUILabel"},{"name":"RoundedT","signature":"RoundedT(s As String) As SDUILabel"},{"name":"RoundedTFull","signature":"RoundedTFull As SDUILabel"},{"name":"RoundedTNone","signature":"RoundedTNone As SDUILabel"},{"name":"RoundedTL","signature":"RoundedTL As SDUILabel"},{"name":"RoundedTLFull","signature":"RoundedTLFull As SDUILabel"},{"name":"SetField","signature":"SetField(fld As String, fldValue As Object)"},{"name":"GetField","signature":"GetField(fld As String) As Object"},{"name":"RoundedTLNone","signature":"RoundedTLNone As SDUILabel"},{"name":"RoundedTR","signature":"RoundedTR As SDUILabel"},{"name":"RoundedTRFull","signature":"RoundedTRFull As SDUILabel"},{"name":"RoundedTRNone","signature":"RoundedTRNone As SDUILabel"},{"name":"RingOffsetColor","signature":"RingOffsetColor(s As String) As SDUILabel"},{"name":"RingOffsetColorIntensity1","signature":"RingOffsetColorIntensity1(c As String, i As Int) As SDUILabel"},{"name":"AddEvent","signature":"AddEvent(event As String, args As List) As SDUILabel\t\t'ignore"},{"name":"Delay","signature":"Delay(s As String) As SDUILabel"},{"name":"GetOuterHTML","signature":"GetOuterHTML As String"},{"name":"Duration","signature":"Duration(s As String) As SDUILabel"},{"name":"ForID","signature":"ForID(s As String) As SDUILabel"},{"name":"setDivideColor","signature":"setDivideColor(s As String)"},{"name":"setDivideStyle","signature":"setDivideStyle(s As String)"},{"name":"setDivideWidth","signature":"setDivideWidth(s As String)"},{"name":"SetBorder","signature":"SetBorder(xBorderPosition As String, xBorderStyle As String, xBorderWidth As String, xBorderColor As String, xBorderRadius As String)"},{"name":"ColSpan","signature":"ColSpan(i As String) As SDUILabel"},{"name":"RowSpan","signature":"RowSpan(i As String) As SDUILabel"},{"name":"Opacity","signature":"Opacity(i As String) As SDUILabel"},{"name":"BorderXColor","signature":"BorderXColor(c As String) As SDUILabel"},{"name":"BorderYColor","signature":"BorderYColor(c As String) As SDUILabel"},{"name":"BorderX","signature":"BorderX(s As String) As SDUILabel"},{"name":"BorderY","signature":"BorderY(s As String) As SDUILabel"},{"name":"FromInherit","signature":"FromInherit As SDUILabel"},{"name":"FromColorIntensity","signature":"FromColorIntensity(c As String, i As String) As SDUILabel"},{"name":"BgGradientToR","signature":"BgGradientToR As SDUILabel"},{"name":"BgGradientToL","signature":"BgGradientToL As SDUILabel"},{"name":"BgGradientToT","signature":"BgGradientToT As SDUILabel"},{"name":"BgGradientToB","signature":"BgGradientToB As SDUILabel"},{"name":"BgGradientToTR","signature":"BgGradientToTR As SDUILabel"},{"name":"BgGradientToTL","signature":"BgGradientToTL As SDUILabel"},{"name":"BgGradientToBR","signature":"BgGradientToBR As SDUILabel"},{"name":"BgGradientToBL","signature":"BgGradientToBL As SDUILabel"},{"name":"TextTransparent","signature":"TextTransparent As SDUILabel"},{"name":"ToColorIntensity","signature":"ToColorIntensity(c As String, i As String) As SDUILabel"},{"name":"FromColor","signature":"FromColor(c As String) As SDUILabel"},{"name":"InlineFlex","signature":"InlineFlex As SDUILabel"},{"name":"LowerCase","signature":"LowerCase As SDUILabel"},{"name":"FontExtraBold","signature":"FontExtraBold As SDUILabel"},{"name":"FontBlack","signature":"FontBlack As SDUILabel"},{"name":"ToColor","signature":"ToColor(c As String) As SDUILabel"},{"name":"FontMono","signature":"FontMono As SDUILabel"},{"name":"FontBold","signature":"FontBold As SDUILabel"},{"name":"Underline","signature":"Underline As SDUILabel"},{"name":"TrackingNormal","signature":"TrackingNormal As SDUILabel"},{"name":"TrackingWider","signature":"TrackingWider As SDUILabel"},{"name":"TrackingWidest","signature":"TrackingWidest As SDUILabel"},{"name":"TrackingWide","signature":"TrackingWide As SDUILabel"},{"name":"TrackingTight","signature":"TrackingTight As SDUILabel"},{"name":"TrackingTighter","signature":"TrackingTighter As SDUILabel"},{"name":"ViaColorIntensity","signature":"ViaColorIntensity(c As String, i As String) As SDUILabel"},{"name":"FromCurrent","signature":"FromCurrent As SDUILabel"},{"name":"FromTransparent","signature":"FromTransparent As SDUILabel"},{"name":"RemoveClassSaved","signature":"RemoveClassSaved(Prefix As String, attrName As String)"},{"name":"AddComputedStyleMap","signature":"AddComputedStyleMap(ms As Map)"},{"name":"getScrollLeft","signature":"getScrollLeft As Double"},{"name":"setScrollLeft","signature":"setScrollLeft(n As Double)"},{"name":"ScrollWidth","signature":"ScrollWidth As Double"},{"name":"ClientWidth","signature":"ClientWidth As Double"},{"name":"HideOnAllDevices","signature":"HideOnAllDevices"},{"name":"HideOnSmallDevices","signature":"HideOnSmallDevices"},{"name":"HideOnMediumDevices","signature":"HideOnMediumDevices"},{"name":"HideOnMediumAndBelow","signature":"HideOnMediumAndBelow"},{"name":"HideOnMediumAndAbove","signature":"HideOnMediumAndAbove"},{"name":"HideOnLarge","signature":"HideOnLarge"},{"name":"ShowOnSmallOnly","signature":"ShowOnSmallOnly"},{"name":"ShowOnMediumOnly","signature":"ShowOnMediumOnly"},{"name":"ShowOnMediumAndUp","signature":"ShowOnMediumAndUp"},{"name":"ShowOnMediumAndDown","signature":"ShowOnMediumAndDown"},{"name":"ShowOnLargeOnly","signature":"ShowOnLargeOnly"},{"name":"getKeyValues","signature":"getKeyValues As String"}]}