{"properties":[{"Key":"ParentID","DisplayName":"ParentID","FieldType":"String","DefaultValue":"","Description":"The ParentID of this div","List":""},{"Key":"Size","DisplayName":"Size","FieldType":"String","DefaultValue":"md","Description":"Size","List":"lg|md|none|sm|xs"},{"Key":"RawItems","DisplayName":"Items","FieldType":"String","DefaultValue":"b4a","Description":"Items (","List":""},{"Key":"Active","DisplayName":"Active Button","FieldType":"String","DefaultValue":"b4j","Description":"Active Button","List":""},{"Key":"ActiveBgColor","DisplayName":"Active Bg Color","FieldType":"String","DefaultValue":"","Description":"Active Bg Color","List":""},{"Key":"ActiveBgIntensity","DisplayName":"Active BG Intensity","FieldType":"String","DefaultValue":"","Description":"Active Bg Intensity","List":""},{"Key":"ActiveTextColor","DisplayName":"Active Text Color","FieldType":"String","DefaultValue":"","Description":"Active Text Color","List":""},{"Key":"ActiveTextColorIntensity","DisplayName":"Active Text Color Intensity","FieldType":"String","DefaultValue":"","Description":"Active Text Color Intensity","List":""},{"Key":"Grow","DisplayName":"Grow","FieldType":"Boolean","DefaultValue":"True","Description":"Grow Segments.","List":""},{"Key":"Width","DisplayName":"Width","FieldType":"String","DefaultValue":"","Description":"Width.","List":""},{"Key":"Visible","DisplayName":"Visible","FieldType":"Boolean","DefaultValue":"True","Description":"If visible.","List":""},{"Key":"MarginAXYTBLR","DisplayName":"Margins","FieldType":"String","DefaultValue":"a=?; x=?; y=?; t=?; b=?; l=?; r=?","Description":"Margins A-X-Y-T-B-L-R","List":""},{"Key":"PaddingAXYTBLR","DisplayName":"Paddings","FieldType":"String","DefaultValue":"a=?; x=?; y=?; t=?; b=?; l=?; r=?","Description":"Paddings A-X-Y-T-B-L-R","List":""},{"Key":"RawClasses","DisplayName":"Classes","FieldType":"String","DefaultValue":"","Description":"Classes added to the HTML tag.","List":""},{"Key":"RawStyles","DisplayName":"Styles","FieldType":"String","DefaultValue":"","Description":"Styles added to the HTML tag. Must be a json String- use =","List":""},{"Key":"RawAttributes","DisplayName":"Attributes","FieldType":"String","DefaultValue":"","Description":"Attributes added to the HTML tag. Must be a json String- use =","List":""}],"events":[{"name":"Change (Item As String)"}],"methods":[{"name":"setSize","signature":"setSize(s As String)"},{"name":"getSize","signature":"getSize As String"},{"name":"setWidth","signature":"setWidth(s As String)"},{"name":"getWidth","signature":"getWidth As String"},{"name":"setActiveBgColor","signature":"setActiveBgColor(s As String)"},{"name":"setActiveBgIntensity","signature":"setActiveBgIntensity(s As String)"},{"name":"setActiveTextColor","signature":"setActiveTextColor(s As String)"},{"name":"setActiveTextColorIntensity","signature":"setActiveTextColorIntensity(s As String)"},{"name":"getActiveBgColor","signature":"getActiveBgColor As String"},{"name":"getActiveBgIntensity","signature":"getActiveBgIntensity As String"},{"name":"getActiveTextColor","signature":"getActiveTextColor As String"},{"name":"getActiveTextColorIntensity","signature":"getActiveTextColorIntensity As String"},{"name":"setGrow","signature":"setGrow(b As Boolean)"},{"name":"getGrow","signature":"getGrow As Boolean"},{"name":"Initialize","signature":"Initialize (CallBack As Object, cName As String, EventName As String)"},{"name":"AddSegmentButtons","signature":"AddSegmentButtons(mCallback As Object, ParentID As String, ID As String, TabSize As String)"},{"name":"AssignElement","signature":"AssignElement(mCallBack As Object, ID As String)"},{"name":"SetElement","signature":"SetElement(e As BANanoElement)"},{"name":"setItems","signature":"setItems(l As String)"},{"name":"Item","signature":"Item(key As String) As SDUILabel"},{"name":"Clear","signature":"Clear"},{"name":"AddItem","signature":"AddItem(k As String, v As String)"},{"name":"AddItemsMap","signature":"AddItemsMap(xm As Map)"},{"name":"AddItems","signature":"AddItems(ItemsToAdd As List)"},{"name":"setActive","signature":"setActive(svalue As String)"},{"name":"setActiveInternal","signature":"setActiveInternal(sk As String)"},{"name":"getHere","signature":"getHere As String"},{"name":"getName","signature":"getName As String"},{"name":"Enable","signature":"Enable"},{"name":"Disable","signature":"Disable"},{"name":"setEnabled","signature":"setEnabled(b As Boolean)"},{"name":"getEnabled","signature":"getEnabled As Boolean"},{"name":"Show","signature":"Show"},{"name":"Hide","signature":"Hide"},{"name":"LoadComponentJson","signature":"LoadComponentJson(designName As String)"},{"name":"AddToParent","signature":"AddToParent(targetID As String, props As Map)"},{"name":"HideOnSmall","signature":"HideOnSmall"},{"name":"HideOnMedium","signature":"HideOnMedium"},{"name":"HideOnLarge","signature":"HideOnLarge"},{"name":"LinkExisting","signature":"LinkExisting"},{"name":"setParentID","signature":"setParentID(s As String)"},{"name":"setVisible","signature":"setVisible(b As Boolean)"},{"name":"setMarginAXYTBLR","signature":"setMarginAXYTBLR(s As String)"},{"name":"setPaddingAXYTBLR","signature":"setPaddingAXYTBLR(s As String)"},{"name":"setClasses","signature":"setClasses(s As String)"},{"name":"setStyles","signature":"setStyles(s As String)"},{"name":"setAttributes","signature":"setAttributes(s As String)"},{"name":"getParentID","signature":"getParentID As String"},{"name":"getItems","signature":"getItems As String"},{"name":"getVisible","signature":"getVisible As Boolean"},{"name":"getMarginAXYTBLR","signature":"getMarginAXYTBLR As String"},{"name":"getPaddingAXYTBLR","signature":"getPaddingAXYTBLR As String"},{"name":"getClasses","signature":"getClasses As String"},{"name":"getStyles","signature":"getStyles As String"},{"name":"getAttributes","signature":"getAttributes As String"},{"name":"getActive","signature":"getActive As String"}]}