{"properties":[{"Key":"ParentID","DisplayName":"ParentID","FieldType":"String","DefaultValue":"","Description":"The ParentID of this div","List":""},{"Key":"Size","DisplayName":"Size","FieldType":"String","DefaultValue":"12","Description":"Avatar Size","List":""},{"Key":"ImageUrl","DisplayName":"Image Url(s)","FieldType":"String","DefaultValue":"./assets/daisywoman1.jpg","Description":"Url For Image - use ; for group","List":""},{"Key":"Shape","DisplayName":"Shape","FieldType":"String","DefaultValue":"circle","Description":"Shape","List":"none|circle|rounded|squircle|heart|hexagon|hexagon-2|decagon|pentagon|diamond|square|parallelogram|parallelogram-2|parallelogram-3|parallelogram-4|star|star-2|triangle|triangle-2|triangle-3|triangle-4|half-1|half-2"},{"Key":"Status","DisplayName":"Status","FieldType":"String","DefaultValue":"none","Description":"If Online Or Offline","List":"none|offline|online"},{"Key":"OnlineColor","DisplayName":"Online Color","FieldType":"String","DefaultValue":"","Description":"Online Color","List":""},{"Key":"AvatarGroup","DisplayName":"Avatar Group","FieldType":"Boolean","DefaultValue":"False","Description":"If Avatar Group","List":""},{"Key":"LazyLoad","DisplayName":"Lazy Load","FieldType":"Boolean","DefaultValue":"True","Description":"Lazy Loading","List":""},{"Key":"BadgeValue","DisplayName":"Badge Caption","FieldType":"String","DefaultValue":"","Description":"Badge Value","List":""},{"Key":"BadgeColor","DisplayName":"Badge Color","FieldType":"String","DefaultValue":"none","Description":"Badge Color","List":"accent|error|ghost|info|primary|secondary|success|warning|none"},{"Key":"BadgeOutline","DisplayName":"Badge Outline","FieldType":"Boolean","DefaultValue":"False","Description":"Badge Outline","List":""},{"Key":"BadgeVisible","DisplayName":"Badge Visible","FieldType":"Boolean","DefaultValue":"False","Description":"If Badge Visible","List":""},{"Key":"PlaceHolder","DisplayName":"Place Holder","FieldType":"String","DefaultValue":"","Description":"Placeholder","List":""},{"Key":"TextSize","DisplayName":"Text Size","FieldType":"String","DefaultValue":"","Description":"Text Size","List":""},{"Key":"BgColor","DisplayName":"Bg Color","FieldType":"String","DefaultValue":"","Description":"Background Color","List":""},{"Key":"BgColorIntensity","DisplayName":"Bg Color Intensity","FieldType":"String","DefaultValue":"","Description":"Background Color Intensity","List":""},{"Key":"TextColor","DisplayName":"Text Color","FieldType":"String","DefaultValue":"","Description":"Text Color","List":""},{"Key":"TextColorIntensity","DisplayName":"Text Color Intensity","FieldType":"String","DefaultValue":"","Description":"Text Color Intensity","List":""},{"Key":"Ring","DisplayName":"Ring","FieldType":"Boolean","DefaultValue":"False","Description":"Has A Ring","List":""},{"Key":"RingColor","DisplayName":"Ring Color","FieldType":"String","DefaultValue":"","Description":"Ring Color","List":""},{"Key":"RingColorIntensity","DisplayName":"Ring Color Intensity","FieldType":"String","DefaultValue":"","Description":"Ring Color Intensity","List":""},{"Key":"RingOffset","DisplayName":"Ring Offset","FieldType":"String","DefaultValue":"","Description":"Ring Offset","List":""},{"Key":"RingOffsetColor","DisplayName":"Ring Offset Color","FieldType":"String","DefaultValue":"","Description":"Ring Offset Color","List":""},{"Key":"RingOffsetColorIntensity","DisplayName":"Ring Offset Color Intensity","FieldType":"String","DefaultValue":"","Description":"Ring Offset Color Intensity","List":""},{"Key":"Shadow","DisplayName":"Shadow","FieldType":"Boolean","DefaultValue":"False","Description":"Elevation","List":""},{"Key":"Visible","DisplayName":"Visible","FieldType":"Boolean","DefaultValue":"True","Description":"If visible.","List":""},{"Key":"MarginAXYTBLR","DisplayName":"Margins","FieldType":"String","DefaultValue":"a=?; x=?; y=?; t=?; b=?; l=?; r=?","Description":"Margins A-X-Y-T-B-L-R","List":""},{"Key":"PaddingAXYTBLR","DisplayName":"Paddings","FieldType":"String","DefaultValue":"a=?; x=?; y=?; t=?; b=?; l=?; r=?","Description":"Paddings A-X-Y-T-B-L-R","List":""},{"Key":"RawClasses","DisplayName":"Classes","FieldType":"String","DefaultValue":"","Description":"Classes added to the HTML tag.","List":""},{"Key":"RawStyles","DisplayName":"Styles","FieldType":"String","DefaultValue":"","Description":"Styles added to the HTML tag. Must be a json String- use =","List":""},{"Key":"RawAttributes","DisplayName":"Attributes","FieldType":"String","DefaultValue":"","Description":"Attributes added to the HTML tag. Must be a json String- use =","List":""}],"events":[{"name":"Click (e As BANanoEvent)"}],"methods":[{"name":"Initialize","signature":"Initialize (CallBack As Object, cName As String, EventName As String)"},{"name":"setTextColor","signature":"setTextColor(s As String)"},{"name":"setLazyLoad","signature":"setLazyLoad(b As Boolean)"},{"name":"TextColorIntensity","signature":"TextColorIntensity(hcolor As String, intensity As String)"},{"name":"setOnlineColor","signature":"setOnlineColor(s As String)"},{"name":"shadow","signature":"shadow(s As String)"},{"name":"RemoveClass","signature":"RemoveClass(xText As String)"},{"name":"AddClass","signature":"AddClass(xText As String)"},{"name":"AddAvatar","signature":"AddAvatar(mCallback As Object, ParentID As String, ID As String, Size As Int, ImgURL As String)"},{"name":"AddAvatarPlaceHolder","signature":"AddAvatarPlaceHolder(mCallback As Object, ParentID As String, ID As String, pSize As Int, pTextSize As String, pContent As String, pColor As String, pTextColor As String)"},{"name":"AddAvatarGroup","signature":"AddAvatarGroup(mCallback As Object, ParentID As String, ID As String, Size As Int)"},{"name":"setTextSize","signature":"setTextSize(s As String)"},{"name":"setCaption","signature":"setCaption(c As String)"},{"name":"getCaption","signature":"getCaption As String"},{"name":"CaptionColorIntensity","signature":"CaptionColorIntensity(c As String, i As String)"},{"name":"Circle","signature":"Circle"},{"name":"IsRounded","signature":"IsRounded"},{"name":"setRing","signature":"setRing(b As Boolean)"},{"name":"setRingColor","signature":"setRingColor(c As String)"},{"name":"RingColorIntensity","signature":"RingColorIntensity(c As String, i As String)"},{"name":"setRingOffset","signature":"setRingOffset(c As String)"},{"name":"RingOffsetColorIntensity","signature":"RingOffsetColorIntensity(c As String, i As String)"},{"name":"setRoundedSize","signature":"setRoundedSize(s As String)"},{"name":"Clear","signature":"Clear"},{"name":"AssignElement","signature":"AssignElement(mCallBack As Object, ID As String)"},{"name":"setBGColor","signature":"setBGColor(s As String)"},{"name":"BGColorIntensity","signature":"BGColorIntensity(c As String, s As String)"},{"name":"setBadgeColor","signature":"setBadgeColor(value As String)"},{"name":"setBadgeValue","signature":"setBadgeValue(value As String)"},{"name":"setBadgeOutline","signature":"setBadgeOutline(b As Boolean)"},{"name":"setBadgeIsRound","signature":"setBadgeIsRound(b As Boolean)"},{"name":"setBadgeVisible","signature":"setBadgeVisible(b As Boolean)"},{"name":"On","signature":"On(event As String, CallBack As Object, MethodName As String)"},{"name":"Enable","signature":"Enable"},{"name":"Disable","signature":"Disable"},{"name":"Show","signature":"Show"},{"name":"Hide","signature":"Hide"},{"name":"SetImages","signature":"SetImages(imgs As List)"},{"name":"GetImages","signature":"GetImages As List"},{"name":"AddItem","signature":"AddItem(imgURL As String)"},{"name":"AddItemPlaceHolder","signature":"AddItemPlaceHolder(value As String)"},{"name":"setShape","signature":"setShape(xShape As String)"},{"name":"getName","signature":"getName As String"},{"name":"getHere","signature":"getHere As String"},{"name":"setSrc","signature":"setSrc(l As String)"},{"name":"getSrc","signature":"getSrc As String"},{"name":"setSize","signature":"setSize(l As String)"},{"name":"setAvatarGroup","signature":"setAvatarGroup(b As Boolean)"},{"name":"setOnline","signature":"setOnline(b As Boolean)"},{"name":"setOffline","signature":"setOffline(b As Boolean)"},{"name":"AddToParent","signature":"AddToParent(targetID As String, props As Map)"},{"name":"AddToolTip","signature":"AddToolTip(tooltip As String, color As String, position As String, normalcase As Boolean)"},{"name":"HideOnSmall","signature":"HideOnSmall"},{"name":"HideOnMedium","signature":"HideOnMedium"},{"name":"HideOnLarge","signature":"HideOnLarge"},{"name":"LinkExisting","signature":"LinkExisting"},{"name":"setParentID","signature":"setParentID(s As String)"},{"name":"setImageUrl","signature":"setImageUrl(s As String)"},{"name":"setStatus","signature":"setStatus(s As String)"},{"name":"setPlaceHolder","signature":"setPlaceHolder(s As String)"},{"name":"setRingOffsetColor","signature":"setRingOffsetColor(s As String)"},{"name":"setVisible","signature":"setVisible(b As Boolean)"},{"name":"setMarginAXYTBLR","signature":"setMarginAXYTBLR(s As String)"},{"name":"setPaddingAXYTBLR","signature":"setPaddingAXYTBLR(s As String)"},{"name":"setClasses","signature":"setClasses(s As String)"},{"name":"setStyles","signature":"setStyles(s As String)"},{"name":"setAttributes","signature":"setAttributes(s As String)"},{"name":"getParentID","signature":"getParentID As String"},{"name":"getSize","signature":"getSize As String"},{"name":"getImageUrl","signature":"getImageUrl As String"},{"name":"getShape","signature":"getShape As String"},{"name":"getStatus","signature":"getStatus As String"},{"name":"getOnlineColor","signature":"getOnlineColor As String"},{"name":"getAvatarGroup","signature":"getAvatarGroup As Boolean"},{"name":"getLazyLoad","signature":"getLazyLoad As Boolean"},{"name":"getBadgeValue","signature":"getBadgeValue As String"},{"name":"getBadgeColor","signature":"getBadgeColor As String"},{"name":"getBadgeOutline","signature":"getBadgeOutline As Boolean"},{"name":"getBadgeVisible","signature":"getBadgeVisible As Boolean"},{"name":"getPlaceHolder","signature":"getPlaceHolder As String"},{"name":"getTextSize","signature":"getTextSize As String"},{"name":"getBgColor","signature":"getBgColor As String"},{"name":"getTextColor","signature":"getTextColor As String"},{"name":"getRing","signature":"getRing As Boolean"},{"name":"getRingColor","signature":"getRingColor As String"},{"name":"getRingOffset","signature":"getRingOffset As String"},{"name":"getRingOffsetColor","signature":"getRingOffsetColor As String"},{"name":"getVisible","signature":"getVisible As Boolean"},{"name":"getMarginAXYTBLR","signature":"getMarginAXYTBLR As String"},{"name":"getPaddingAXYTBLR","signature":"getPaddingAXYTBLR As String"},{"name":"getClasses","signature":"getClasses As String"},{"name":"getStyles","signature":"getStyles As String"},{"name":"getAttributes","signature":"getAttributes As String"}]}