{"properties":[{"Key":"ParentID","DisplayName":"ParentID","FieldType":"String","DefaultValue":"","Description":"The ParentID of this div","List":""},{"Key":"InputType","DisplayName":"Type","FieldType":"String","DefaultValue":"default","Description":"","List":"camera|video|microphone|default|input-group|progress"},{"Key":"Size","DisplayName":"Size","FieldType":"String","DefaultValue":"none","Description":"Size","List":"lg|md|sm|xs|none"},{"Key":"OwnSize","DisplayName":"OwnSize","FieldType":"String","DefaultValue":"100px","Description":"Own Size for progress & camera","List":""},{"Key":"Width","DisplayName":"Width","FieldType":"String","DefaultValue":"full","Description":"Width","List":""},{"Key":"Caption","DisplayName":"Caption","FieldType":"String","DefaultValue":"Progress 1","Description":"Caption","List":""},{"Key":"Color","DisplayName":"Color","FieldType":"String","DefaultValue":"primary","Description":"Variant","List":"accent|error|ghost|ghost|info|none|nuetral|primary|secondary|success|warning"},{"Key":"Bordered","DisplayName":"Bordered","FieldType":"Boolean","DefaultValue":"True","Description":"Bordered","List":""},{"Key":"AutoFocus","DisplayName":"Auto Focus","FieldType":"Boolean","DefaultValue":"False","Description":"Auto Focus","List":""},{"Key":"Multiple","DisplayName":"Multiple","FieldType":"Boolean","DefaultValue":"False","Description":"Multiple","List":""},{"Key":"Accept","DisplayName":"Accept","FieldType":"String","DefaultValue":"","Description":"Accept","List":""},{"Key":"Prefix","DisplayName":"Prefix","FieldType":"String","DefaultValue":"","Description":"Prefix","List":""},{"Key":"PrependIcon","DisplayName":"Prepend Icon","FieldType":"String","DefaultValue":"","Description":"Prepend Icon","List":""},{"Key":"AppendIcon","DisplayName":"Append Icon","FieldType":"String","DefaultValue":"","Description":"Append Icon","List":""},{"Key":"Suffix","DisplayName":"Suffix","FieldType":"String","DefaultValue":"","Description":"Suffix","List":""},{"Key":"Disabled","DisplayName":"Disabled","FieldType":"Boolean","DefaultValue":"False","Description":"If Disabled","List":""},{"Key":"ErrorMessage","DisplayName":"Error Message","FieldType":"String","DefaultValue":"","Description":"Error Message","List":""},{"Key":"HideDetails","DisplayName":"Hide Details","FieldType":"Boolean","DefaultValue":"False","Description":"Hide Details","List":""},{"Key":"Hint","DisplayName":"Hint","FieldType":"String","DefaultValue":"","Description":"Hint","List":""},{"Key":"ReadOnly","DisplayName":"Read Only","FieldType":"Boolean","DefaultValue":"False","Description":"Read Only","List":""},{"Key":"Required","DisplayName":"Required","FieldType":"Boolean","DefaultValue":"False","Description":"Is Required","List":""},{"Key":"RoundedFull","DisplayName":"Rounded Full","FieldType":"Boolean","DefaultValue":"False","Description":"Rounded Full","List":""},{"Key":"Visible","DisplayName":"Visible","FieldType":"Boolean","DefaultValue":"True","Description":"If visible.","List":""},{"Key":"AppendIconRemoved","DisplayName":"Append Icon Removed","FieldType":"Boolean","DefaultValue":"False","Description":"Append Icon Removed","List":""},{"Key":"HintTextRemoved","DisplayName":"Hint Text Removed","FieldType":"Boolean","DefaultValue":"False","Description":"Hint Text Removed","List":""},{"Key":"IndicatorRemoved","DisplayName":"Indicator Removed","FieldType":"Boolean","DefaultValue":"False","Description":"Indicator Removed","List":""},{"Key":"LabelRemoved","DisplayName":"Label Removed","FieldType":"Boolean","DefaultValue":"False","Description":"Label Removed","List":""},{"Key":"PrefixRemoved","DisplayName":"Prefix Removed","FieldType":"Boolean","DefaultValue":"False","Description":"Prefix Removed","List":""},{"Key":"PrependButtonRemoved","DisplayName":"Prepend Button Removed","FieldType":"Boolean","DefaultValue":"False","Description":"Prepend Button Removed","List":""},{"Key":"SuffixRemoved","DisplayName":"Suffix Removed","FieldType":"Boolean","DefaultValue":"False","Description":"Suffix Removed","List":""},{"Key":"MarginAXYTBLR","DisplayName":"Margins","FieldType":"String","DefaultValue":"a=?; x=?; y=?; t=?; b=?; l=?; r=?","Description":"Margins A-X-Y-T-B-L-R","List":""},{"Key":"PaddingAXYTBLR","DisplayName":"Paddings","FieldType":"String","DefaultValue":"a=?; x=?; y=?; t=?; b=?; l=?; r=?","Description":"Paddings A-X-Y-T-B-L-R","List":""},{"Key":"RawClasses","DisplayName":"Classes","FieldType":"String","DefaultValue":"","Description":"Classes added to the HTML tag.","List":""},{"Key":"RawStyles","DisplayName":"Styles","FieldType":"String","DefaultValue":"","Description":"Styles added to the HTML tag. Must be a json String- use =","List":""},{"Key":"RawAttributes","DisplayName":"Attributes","FieldType":"String","DefaultValue":"","Description":"Attributes added to the HTML tag. Must be a json String- use =","List":""}],"events":[{"name":"Focus (event As BANanoEvent)"},{"name":"Blur (event As BANanoEvent)"},{"name":"Keydown (event As BANanoEvent)"},{"name":"KeyUp (event As BANanoEvent)"},{"name":"TouchEnd (event As BANanoEvent)"},{"name":"Change (event As BANanoEvent)"},{"name":"Prepend_Click (event As BANanoEvent)"},{"name":"Append_Click (event As BANanoEvent)"},{"name":"Click (event As BANanoEvent)"},{"name":"Uploading (b as Boolean)"}],"methods":[{"name":"BorderColorIntensity","signature":"BorderColorIntensity(c As String, i As String)"},{"name":"Enable","signature":"Enable"},{"name":"Disable","signature":"Disable"},{"name":"AddFileInput","signature":"AddFileInput(mCallback As Object, ParentID As String, ID As String) As SDUIFileInput"},{"name":"setFieldName","signature":"setFieldName(s As String)"},{"name":"AddFileInputProgress","signature":"AddFileInputProgress(mCallback As Object, ParentID As String, ID As String, xSize As String, xColor As String) As SDUIFileInput"},{"name":"setIconName","signature":"setIconName(i As String)"},{"name":"TriggerClick","signature":"TriggerClick"},{"name":"Click","signature":"Click"},{"name":"Nullify","signature":"Nullify"},{"name":"setLoadingFile","signature":"setLoadingFile(b As Boolean)"},{"name":"setW","signature":"setW(v As String)"},{"name":"uploadit_tick","signature":"uploadit_tick"},{"name":"setPreviewImage","signature":"setPreviewImage(s As String)"},{"name":"setBadgesSize","signature":"setBadgesSize(s As String)"},{"name":"getBadgesSize","signature":"getBadgesSize As String"},{"name":"AddFileInputGroup","signature":"AddFileInputGroup(mCallback As Object, ParentID As String, sID As String, xCaption As String, xHint As String, xPrefix As String, xSuffix As String) As SDUIFileInput"},{"name":"RemovePrependIcon","signature":"RemovePrependIcon"},{"name":"RemoveAppendIcon","signature":"RemoveAppendIcon"},{"name":"RemoveHint","signature":"RemoveHint"},{"name":"RemoveLabel","signature":"RemoveLabel"},{"name":"RemovePrefix","signature":"RemovePrefix"},{"name":"RemoveSuffix","signature":"RemoveSuffix"},{"name":"setHideDetails","signature":"setHideDetails(b As Boolean)"},{"name":"AssignElement","signature":"AssignElement(mCallBack As Object, ID As String)"},{"name":"setMultiple","signature":"setMultiple(b As Boolean) As SDUIFileInput"},{"name":"setPrependIcon","signature":"setPrependIcon(picon As String)"},{"name":"setAppendIcon","signature":"setAppendIcon(picon As String)"},{"name":"setAppendIconHoverBGColor","signature":"setAppendIconHoverBGColor(c As String)"},{"name":"setPrependIconHoverBGColor","signature":"setPrependIconHoverBGColor(c As String)"},{"name":"setAppendIconBGColor","signature":"setAppendIconBGColor(c As String)"},{"name":"setPrependIconBGColor","signature":"setPrependIconBGColor(c As String)"},{"name":"setValue","signature":"setValue(s As String)"},{"name":"getValue","signature":"getValue As String"},{"name":"setCaption","signature":"setCaption(l As String)"},{"name":"setHintCaption","signature":"setHintCaption(l As String)"},{"name":"setPrefix","signature":"setPrefix(l As String)"},{"name":"AddStyle","signature":"AddStyle(attr As String, text As String)"},{"name":"setSuffix","signature":"setSuffix(l As String)"},{"name":"On","signature":"On(event As String, CallBack As Object, MethodName As String)"},{"name":"getName","signature":"getName As String"},{"name":"getHere","signature":"getHere As String"},{"name":"setBordered","signature":"setBordered(b As Boolean)"},{"name":"setGhost","signature":"setGhost(b As Boolean)"},{"name":"setPlaceholder","signature":"setPlaceholder(s As String)"},{"name":"getDisabled","signature":"getDisabled As Boolean"},{"name":"setRequired","signature":"setRequired(b As Boolean)"},{"name":"setReadOnly","signature":"setReadOnly(b As Boolean)"},{"name":"setInputGroupSize","signature":"setInputGroupSize(S As String)"},{"name":"setInputGroupVertical","signature":"setInputGroupVertical(b As Boolean)"},{"name":"AddClass","signature":"AddClass(xText As String)"},{"name":"RemoveClass","signature":"RemoveClass(xText As String)"},{"name":"Show","signature":"Show"},{"name":"Hide","signature":"Hide"},{"name":"setColor","signature":"setColor(s As String)"},{"name":"setSize","signature":"setSize(s As String)"},{"name":"setAutoFocus","signature":"setAutoFocus(p As Boolean)"},{"name":"setAccept","signature":"setAccept(s As String)"},{"name":"setErrorMessage","signature":"setErrorMessage(p As String)"},{"name":"HintColorIntensity","signature":"HintColorIntensity(hcolor As String, intensity As String)"},{"name":"IsBlank","signature":"IsBlank As Boolean"},{"name":"ResetValidation","signature":"ResetValidation"},{"name":"Large","signature":"Large"},{"name":"Small","signature":"Small"},{"name":"Medium","signature":"Medium"},{"name":"Tiny","signature":"Tiny"},{"name":"CamCorder","signature":"CamCorder"},{"name":"Microphone","signature":"Microphone"},{"name":"BackCamera","signature":"BackCamera"},{"name":"FrontCamera","signature":"FrontCamera"},{"name":"AcceptImagesOnly","signature":"AcceptImagesOnly"},{"name":"AcceptJSON","signature":"AcceptJSON"},{"name":"AcceptExcel","signature":"AcceptExcel"},{"name":"AcceptPDF","signature":"AcceptPDF"},{"name":"AccectWord","signature":"AccectWord"},{"name":"ChangeSingleAsJSon","signature":"ChangeSingleAsJSon"},{"name":"ChangeSingleAsArrayBuffer","signature":"ChangeSingleAsArrayBuffer"},{"name":"ChangeSingleAsText","signature":"ChangeSingleAsText"},{"name":"ChangeSingleAsDataURL","signature":"ChangeSingleAsDataURL"},{"name":"ChangeSingle","signature":"ChangeSingle"},{"name":"ChangeMultiple","signature":"ChangeMultiple"},{"name":"SizeLG","signature":"SizeLG"},{"name":"SizeSM","signature":"SizeSM"},{"name":"SizeMD","signature":"SizeMD"},{"name":"SizeXS","signature":"SizeXS"},{"name":"SizeLGResponsive","signature":"SizeLGResponsive(xs As Boolean, sm As Boolean, md As Boolean, lg As Boolean)"},{"name":"SizeMDResponsive","signature":"SizeMDResponsive(xs As Boolean, sm As Boolean, md As Boolean, lg As Boolean)"},{"name":"SizeSMResponsive","signature":"SizeSMResponsive(xs As Boolean, sm As Boolean, md As Boolean, lg As Boolean)"},{"name":"SizeXSResponsive","signature":"SizeXSResponsive(xs As Boolean, sm As Boolean, md As Boolean, lg As Boolean)"},{"name":"GetFiles","signature":"GetFiles As List"},{"name":"GetFile","signature":"GetFile As Map"},{"name":"rounded","signature":"rounded(s As String) As SDUIFileInput"},{"name":"roundedFull","signature":"roundedFull As SDUIFileInput"},{"name":"wFull","signature":"wFull As SDUIFileInput"},{"name":"Initialize","signature":"Initialize (CallBack As Object, cName As String, EventName As String)"},{"name":"AddToParent","signature":"AddToParent(targetID As String, props As Map)"},{"name":"focus","signature":"focus"},{"name":"HideOnSmall","signature":"HideOnSmall"},{"name":"HideOnMedium","signature":"HideOnMedium"},{"name":"HideOnLarge","signature":"HideOnLarge"},{"name":"LinkExisting","signature":"LinkExisting"},{"name":"setParentID","signature":"setParentID(s As String)"},{"name":"setInputType","signature":"setInputType(s As String)"},{"name":"setOwnSize","signature":"setOwnSize(s As String)"},{"name":"setWidth","signature":"setWidth(s As String)"},{"name":"setDisabled","signature":"setDisabled(b As Boolean)"},{"name":"setHint","signature":"setHint(s As String)"},{"name":"setVisible","signature":"setVisible(b As Boolean)"},{"name":"setMarginAXYTBLR","signature":"setMarginAXYTBLR(s As String)"},{"name":"setPaddingAXYTBLR","signature":"setPaddingAXYTBLR(s As String)"},{"name":"setClasses","signature":"setClasses(s As String)"},{"name":"setStyles","signature":"setStyles(s As String)"},{"name":"setAttributes","signature":"setAttributes(s As String)"},{"name":"getParentID","signature":"getParentID As String"},{"name":"getInputType","signature":"getInputType As String"},{"name":"getSize","signature":"getSize As String"},{"name":"getOwnSize","signature":"getOwnSize As String"},{"name":"getWidth","signature":"getWidth As String"},{"name":"getCaption","signature":"getCaption As String"},{"name":"getColor","signature":"getColor As String"},{"name":"getBordered","signature":"getBordered As Boolean"},{"name":"getAutoFocus","signature":"getAutoFocus As Boolean"},{"name":"getMultiple","signature":"getMultiple As Boolean"},{"name":"getAccept","signature":"getAccept As String"},{"name":"getPrefix","signature":"getPrefix As String"},{"name":"getPrependIcon","signature":"getPrependIcon As String"},{"name":"getAppendIcon","signature":"getAppendIcon As String"},{"name":"getSuffix","signature":"getSuffix As String"},{"name":"getErrorMessage","signature":"getErrorMessage As String"},{"name":"getHideDetails","signature":"getHideDetails As Boolean"},{"name":"getHint","signature":"getHint As String"},{"name":"getReadOnly","signature":"getReadOnly As Boolean"},{"name":"getRequired","signature":"getRequired As Boolean"},{"name":"getVisible","signature":"getVisible As Boolean"},{"name":"getMarginAXYTBLR","signature":"getMarginAXYTBLR As String"},{"name":"getPaddingAXYTBLR","signature":"getPaddingAXYTBLR As String"},{"name":"getClasses","signature":"getClasses As String"},{"name":"getStyles","signature":"getStyles As String"},{"name":"getAttributes","signature":"getAttributes As String"},{"name":"getAppendIconRemoved","signature":"getAppendIconRemoved As Boolean"},{"name":"getHintTextRemoved","signature":"getHintTextRemoved As Boolean"},{"name":"getIndicatorRemoved","signature":"getIndicatorRemoved As Boolean"},{"name":"getLabelRemoved","signature":"getLabelRemoved As Boolean"},{"name":"getPrefixRemoved","signature":"getPrefixRemoved As Boolean"},{"name":"getPrependButtonRemoved","signature":"getPrependButtonRemoved As Boolean"},{"name":"getSuffixRemoved","signature":"getSuffixRemoved As Boolean"},{"name":"setAppendIconRemoved","signature":"setAppendIconRemoved(b As Boolean)"},{"name":"setHintTextRemoved","signature":"setHintTextRemoved(b As Boolean)"},{"name":"setIndicatorRemoved","signature":"setIndicatorRemoved(b As Boolean)"},{"name":"setLabelRemoved","signature":"setLabelRemoved(b As Boolean)"},{"name":"setPrefixRemoved","signature":"setPrefixRemoved(b As Boolean)"},{"name":"setPrependButtonRemoved","signature":"setPrependButtonRemoved(b As Boolean)"},{"name":"setSuffixRemoved","signature":"setSuffixRemoved(b As Boolean)"}]}