{"properties":[{"Key":"ParentID","DisplayName":"ParentID","FieldType":"String","DefaultValue":"","Description":"The ParentID of this div","List":""},{"Key":"InputType","DisplayName":"Input Type","FieldType":"String","DefaultValue":"default","Description":"","List":"date-picker|date-time-picker|default|input-group|roll-date|roll-date-time|roll-time|password|telephone|number|time-picker|dialer|color-wheel"},{"Key":"Caption","DisplayName":"Caption","FieldType":"String","DefaultValue":"TextBox1","Description":"Caption","List":""},{"Key":"PlaceHolder","DisplayName":"Place Holder","FieldType":"String","DefaultValue":"","Description":"Placeholder","List":""},{"Key":"Size","DisplayName":"Size","FieldType":"String","DefaultValue":"none","Description":"Size","List":"lg|md|sm|xs|none"},{"Key":"Width","DisplayName":"Width","FieldType":"String","DefaultValue":"full","Description":"Width","List":""},{"Key":"Height","DisplayName":"Height","FieldType":"String","DefaultValue":"","Description":"Height","List":""},{"Key":"Inline","DisplayName":"DP Inline","FieldType":"Boolean","DefaultValue":"False","Description":"Date Picker Inline","List":""},{"Key":"HideInput","DisplayName":"Hide Input","FieldType":"Boolean","DefaultValue":"False","Description":"Hide Input","List":""},{"Key":"Color","DisplayName":"Color","FieldType":"String","DefaultValue":"","Description":"Color","List":"accent|error|ghost|ghost|info|none|nuetral|primary|secondary|success|warning"},{"Key":"CaptionColor","DisplayName":"Caption Color","FieldType":"String","DefaultValue":"","Description":"Caption Color","List":""},{"Key":"Value","DisplayName":"Value","FieldType":"String","DefaultValue":"","Description":"Value","List":""},{"Key":"TextAlignment","DisplayName":"Text Alignment","FieldType":"String","DefaultValue":"none","Description":"Text Alignment","List":"center|left|right|none"},{"Key":"MaxLength","DisplayName":"Max Length","FieldType":"String","DefaultValue":"","Description":"Max Length","List":""},{"Key":"ShowEyes","DisplayName":"Show Eyes","FieldType":"Boolean","DefaultValue":"False","Description":"Show Password Eyes","List":""},{"Key":"StartYear","DisplayName":"RollDate Start","FieldType":"String","DefaultValue":"2000","Description":"Start Year for roll date/time","List":""},{"Key":"EndYear","DisplayName":"RollDate End","FieldType":"String","DefaultValue":"3000","Description":"End Year for roll date/time","List":""},{"Key":"ConfirmText","DisplayName":"RollDate Confirm Text","FieldType":"String","DefaultValue":"Confirm","Description":"Confirm Text","List":""},{"Key":"CancelText","DisplayName":"RollDate Cancel Text","FieldType":"String","DefaultValue":"Cancel","Description":"Cancel Text","List":""},{"Key":"DateSteps","DisplayName":"RollDate Step","FieldType":"String","DefaultValue":"1","Description":"Date Step value fo roll date/timee","List":""},{"Key":"Prefix","DisplayName":"Prefix","FieldType":"String","DefaultValue":"","Description":"Prefix","List":""},{"Key":"PrependIcon","DisplayName":"Prepend Icon","FieldType":"String","DefaultValue":"","Description":"Prepend Icon","List":""},{"Key":"Suffix","DisplayName":"Suffix","FieldType":"String","DefaultValue":"","Description":"Suffix","List":""},{"Key":"AppendIcon","DisplayName":"Append Icon","FieldType":"String","DefaultValue":"","Description":"Append Icon","List":""},{"Key":"MaxValue","DisplayName":"Max Value","FieldType":"Int","DefaultValue":"0","Description":"Maximum Value","List":""},{"Key":"MinValue","DisplayName":"Min Value","FieldType":"Int","DefaultValue":"0","Description":"Minimum Value","List":""},{"Key":"StepValue","DisplayName":"Step Value","FieldType":"Int","DefaultValue":"0","Description":"Step Value","List":""},{"Key":"AutoComplete","DisplayName":"Auto Complete","FieldType":"Boolean","DefaultValue":"False","Description":"Auto Complete","List":""},{"Key":"AutoCompleteList","DisplayName":"Auto Complete List","FieldType":"Boolean","DefaultValue":"False","Description":"Auto Complete List","List":""},{"Key":"AutoFocus","DisplayName":"Auto Focus","FieldType":"Boolean","DefaultValue":"False","Description":"Auto Focus","List":""},{"Key":"Bordered","DisplayName":"Bordered","FieldType":"Boolean","DefaultValue":"True","Description":"Bordered","List":""},{"Key":"DateTimeFormat","DisplayName":"Date Time Format","FieldType":"String","DefaultValue":"yyyy-mm-dd hh-mm","Description":"Date Time Picker Display Format","List":""},{"Key":"DpAltInput","DisplayName":"DP Alt Input","FieldType":"Boolean","DefaultValue":"True","Description":"Alt Input","List":""},{"Key":"DpAltFormat","DisplayName":"DP Alt Format","FieldType":"String","DefaultValue":"","Description":"Date Picker Alt-format","List":""},{"Key":"DatePickerLocale","DisplayName":"DP Locale","FieldType":"String","DefaultValue":"en","Description":"Date Picker Locale","List":""},{"Key":"DpMode","DisplayName":"DP Mode","FieldType":"String","DefaultValue":"none","Description":"Date Picker Mode","List":"multiple|none|range"},{"Key":"DpNoCalendar","DisplayName":"DP No Calendar","FieldType":"Boolean","DefaultValue":"False","Description":"No Calendar","List":""},{"Key":"DpWeekNumbers","DisplayName":"DP Week Numbers","FieldType":"Boolean","DefaultValue":"False","Description":"Show Week Numbers","List":""},{"Key":"Disabled","DisplayName":"Disabled","FieldType":"Boolean","DefaultValue":"False","Description":"If Disabled","List":""},{"Key":"ErrorMessage","DisplayName":"Error Message","FieldType":"String","DefaultValue":"","Description":"Error Message","List":""},{"Key":"HideDetails","DisplayName":"Hide Details","FieldType":"Boolean","DefaultValue":"False","Description":"Hide Details","List":""},{"Key":"Hint","DisplayName":"Hint","FieldType":"String","DefaultValue":"","Description":"Hint","List":""},{"Key":"InputGroupVertical","DisplayName":"Input Group Vertical","FieldType":"Boolean","DefaultValue":"False","Description":"Input Group Vertical","List":""},{"Key":"ReadOnly","DisplayName":"Read Only","FieldType":"Boolean","DefaultValue":"False","Description":"Read Only","List":""},{"Key":"Required","DisplayName":"Required","FieldType":"Boolean","DefaultValue":"False","Description":"Is Required","List":""},{"Key":"Visible","DisplayName":"Visible","FieldType":"Boolean","DefaultValue":"True","Description":"If visible.","List":""},{"Key":"AppendIconRemoved","DisplayName":"Append Icon Removed","FieldType":"Boolean","DefaultValue":"False","Description":"Append Icon Removed","List":""},{"Key":"HintTextRemoved","DisplayName":"Hint Text Removed","FieldType":"Boolean","DefaultValue":"False","Description":"Hint Text Removed","List":""},{"Key":"IndicatorRemoved","DisplayName":"Indicator Removed","FieldType":"Boolean","DefaultValue":"False","Description":"Indicator Removed","List":""},{"Key":"LabelRemoved","DisplayName":"Label Removed","FieldType":"Boolean","DefaultValue":"False","Description":"Label Removed","List":""},{"Key":"PrefixRemoved","DisplayName":"Prefix Removed","FieldType":"Boolean","DefaultValue":"False","Description":"Prefix Removed","List":""},{"Key":"PrependButtonRemoved","DisplayName":"Prepend Button Removed","FieldType":"Boolean","DefaultValue":"False","Description":"Prepend Button Removed","List":""},{"Key":"SuffixRemoved","DisplayName":"Suffix Removed","FieldType":"Boolean","DefaultValue":"False","Description":"Suffix Removed","List":""},{"Key":"MarginAXYTBLR","DisplayName":"Margins","FieldType":"String","DefaultValue":"a=?; x=?; y=?; t=?; b=?; l=?; r=?","Description":"Margins A-X-Y-T-B-L-R","List":""},{"Key":"PaddingAXYTBLR","DisplayName":"Paddings","FieldType":"String","DefaultValue":"a=?; x=?; y=?; t=?; b=?; l=?; r=?","Description":"Paddings A-X-Y-T-B-L-R","List":""},{"Key":"RawClasses","DisplayName":"Classes","FieldType":"String","DefaultValue":"","Description":"Classes added to the HTML tag.","List":""},{"Key":"RawStyles","DisplayName":"Styles","FieldType":"String","DefaultValue":"","Description":"Styles added to the HTML tag. Must be a json String- use =","List":""},{"Key":"RawAttributes","DisplayName":"Attributes","FieldType":"String","DefaultValue":"","Description":"Attributes added to the HTML tag. Must be a json String- use =","List":""}],"events":[{"name":"Focus (event As BANanoEvent)"},{"name":"Blur (event As BANanoEvent)"},{"name":"Keydown (event As BANanoEvent)"},{"name":"KeyUp (event As BANanoEvent)"},{"name":"TouchEnd (event As BANanoEvent)"},{"name":"Change (event As BANanoEvent)"},{"name":"Prepend_Click (event As BANanoEvent)"},{"name":"Append_Click (event As BANanoEvent)"},{"name":"Click (event As BANanoEvent)"},{"name":"ConfirmDate (dateChosen As Object)"},{"name":"CancelDate (event As BANanoEvent)"},{"name":"Uploading (b as Boolean)"},{"name":"Minus (event As BANanoEvent)"},{"name":"Plus (event As BANanoEvent)"},{"name":"Toggle (Status As Boolean)"},{"name":"ColorChange (hexColor As String)"}],"methods":[{"name":"setDpAltFormat","signature":"setDpAltFormat(s As String)"},{"name":"setDpAltInput","signature":"setDpAltInput(b As Boolean)"},{"name":"setInputType","signature":"setInputType(s As String)"},{"name":"getInputType","signature":"getInputType As String"},{"name":"Enable","signature":"Enable"},{"name":"setBadgesSize","signature":"setBadgesSize(s As String)"},{"name":"getBadgesSize","signature":"getBadgesSize As String"},{"name":"setConfirmText","signature":"setConfirmText(s As String)"},{"name":"setCancelText","signature":"setCancelText(s As String)"},{"name":"Disable","signature":"Disable"},{"name":"setEnabled","signature":"setEnabled(b As Boolean)"},{"name":"getEnabled","signature":"getEnabled As Boolean"},{"name":"AddTextBox","signature":"AddTextBox(mCallback As Object, ParentID As String, ID As String) As SDUITextBox"},{"name":"setFieldName","signature":"setFieldName(s As String)"},{"name":"AddTextBoxGroup","signature":"AddTextBoxGroup(mCallback As Object, ParentID As String, sID As String, xCaption As String, xHint As String, xPrefix As String, xSuffix As String) As SDUITextBox"},{"name":"setAppendIconRemoved","signature":"setAppendIconRemoved(b As Boolean)"},{"name":"setHintTextRemoved","signature":"setHintTextRemoved(b As Boolean)"},{"name":"setIndicatorRemoved","signature":"setIndicatorRemoved(b As Boolean)"},{"name":"setLabelRemoved","signature":"setLabelRemoved(b As Boolean)"},{"name":"setPrefixRemoved","signature":"setPrefixRemoved(b As Boolean)"},{"name":"setPrependButtonRemoved","signature":"setPrependButtonRemoved(b As Boolean)"},{"name":"setSuffixRemoved","signature":"setSuffixRemoved(b As Boolean)"},{"name":"AutoCompleteClear","signature":"AutoCompleteClear"},{"name":"AutoCompleteAddItem","signature":"AutoCompleteAddItem(k As String, v As String)"},{"name":"AutoCompleteFromList","signature":"AutoCompleteFromList(Options As List, bSort As Boolean)"},{"name":"AutoCompleteFromMap","signature":"AutoCompleteFromMap(Options As Map)"},{"name":"AddTextBoxColor","signature":"AddTextBoxColor(mCallback As Object, ParentID As String, sID As String, xCaption As String, xHint As String) As SDUITextBox"},{"name":"AddTextBoxColorWheel","signature":"AddTextBoxColorWheel(mCallback As Object, ParentID As String, sID As String, xCaption As String, xHint As String, hexColor As String, wheelDiameter As Int, wheelThickness As Int, handleDiameter As Int) As SDUITextBox"},{"name":"RemovePrependIcon","signature":"RemovePrependIcon"},{"name":"RemoveAppendIcon","signature":"RemoveAppendIcon"},{"name":"RemoveHint","signature":"RemoveHint"},{"name":"RemoveLabel","signature":"RemoveLabel"},{"name":"RemovePrefix","signature":"RemovePrefix"},{"name":"RemoveSuffix","signature":"RemoveSuffix"},{"name":"setW","signature":"setW(v As String)"},{"name":"setHideDetails","signature":"setHideDetails(b As Boolean)"},{"name":"AddRollDateTime","signature":"AddRollDateTime(mCallback As Object, ParentID As String, sID As String, xCaption As String, xHint As String, xPrefix As String, xSuffix As String, options As RollDateOptions) As SDUITextBox"},{"name":"AddFlatPickDateTime","signature":"AddFlatPickDateTime(mCallback As Object, ParentID As String, sID As String, xCaption As String, xHint As String, xPrefix As String, xSuffix As String, bIncludeTime As Boolean) As SDUITextBox"},{"name":"RefreshDateTimePicker","signature":"RefreshDateTimePicker"},{"name":"AddFlatPickDateTime1","signature":"AddFlatPickDateTime1(mCallback As Object, ParentID As String, sID As String, xCaption As String, xHint As String, xPrefix As String, xSuffix As String, bIncludeTime As Boolean, slocale As String) As SDUITextBox"},{"name":"AddFlatPickTime","signature":"AddFlatPickTime(mCallback As Object, ParentID As String, sID As String, xCaption As String, xHint As String, xPrefix As String, xSuffix As String, slocale As String, b24Hours As Boolean) As SDUITextBox"},{"name":"AddFlatPickTime1","signature":"AddFlatPickTime1(mCallback As Object, ParentID As String, sID As String, xCaption As String, xHint As String, xPrefix As String, xSuffix As String, slocale As String) As SDUITextBox"},{"name":"AddDateTimePicker","signature":"AddDateTimePicker(mCallback As Object, ParentID As String, sID As String, xCaption As String, xHint As String, xPrefix As String, xSuffix As String, bIncludeTime As Boolean, sDateFormat As String, nMode As String, bAltInput As Boolean, saltFormat As String, bNoCalendar As Boolean, bWeekNumbers As Boolean) As SDUITextBox"},{"name":"AddDateTimePicker1","signature":"AddDateTimePicker1(mCallback As Object, ParentID As String, sID As String, xCaption As String, xHint As String, xPrefix As String, xSuffix As String, bIncludeTime As Boolean, sDateFormat As String, nMode As String, bAltInput As Boolean, saltFormat As String, bNoCalendar As Boolean, bWeekNumbers As Boolean, sLocale As String) As SDUITextBox"},{"name":"ShowRollDateTime","signature":"ShowRollDateTime"},{"name":"HideRollDateTime","signature":"HideRollDateTime"},{"name":"AssignElement","signature":"AssignElement(mCallBack As Object, ID As String)"},{"name":"setDatePickerLocale","signature":"setDatePickerLocale(s As String)"},{"name":"setAutoCompleteList","signature":"setAutoCompleteList(b As Boolean)"},{"name":"setPassword","signature":"setPassword(b As Boolean)"},{"name":"setShowEyes","signature":"setShowEyes(b As Boolean)"},{"name":"ToggleEyes","signature":"ToggleEyes"},{"name":"setPrependIcon","signature":"setPrependIcon(picon As String)"},{"name":"setAppendIcon","signature":"setAppendIcon(picon As String)"},{"name":"setAppendIconBGColor","signature":"setAppendIconBGColor(c As String)"},{"name":"setAppendIconHoverBGColor","signature":"setAppendIconHoverBGColor(c As String)"},{"name":"setPrependIconHoverBGColor","signature":"setPrependIconHoverBGColor(c As String)"},{"name":"setPrependIconBGColor","signature":"setPrependIconBGColor(c As String)"},{"name":"setValue","signature":"setValue(s As String)"},{"name":"getValue","signature":"getValue As String"},{"name":"setCaption","signature":"setCaption(l As String)"},{"name":"setHintCaption","signature":"setHintCaption(l As String)"},{"name":"setPrefix","signature":"setPrefix(l As String)"},{"name":"setSuffix","signature":"setSuffix(l As String)"},{"name":"On","signature":"On(event As String, CallBack As Object, MethodName As String)"},{"name":"getName","signature":"getName As String"},{"name":"getHere","signature":"getHere As String"},{"name":"setBordered","signature":"setBordered(b As Boolean)"},{"name":"setGhost","signature":"setGhost(b As Boolean)"},{"name":"setPlaceholder","signature":"setPlaceholder(s As String)"},{"name":"getDisabled","signature":"getDisabled As Boolean"},{"name":"setRequired","signature":"setRequired(b As Boolean)"},{"name":"setReadOnly","signature":"setReadOnly(b As Boolean)"},{"name":"setTypeOf","signature":"setTypeOf(s As String)"},{"name":"setInputGroupSize","signature":"setInputGroupSize(S As String)"},{"name":"setInputGroupVertical","signature":"setInputGroupVertical(b As Boolean)"},{"name":"AddClass","signature":"AddClass(xText As String)"},{"name":"RemoveStyle","signature":"RemoveStyle(s As String)"},{"name":"ToggleClass","signature":"ToggleClass(s As String)"},{"name":"RemoveClass","signature":"RemoveClass(xText As String)"},{"name":"Show","signature":"Show"},{"name":"Hide","signature":"Hide"},{"name":"setColor","signature":"setColor(s As String)"},{"name":"setSize","signature":"setSize(s As String)"},{"name":"setMinValue","signature":"setMinValue(i As String)"},{"name":"getStepValue","signature":"getStepValue As String"},{"name":"getMinValue","signature":"getMinValue As String"},{"name":"getMaxValue","signature":"getMaxValue As String"},{"name":"setMaxValue","signature":"setMaxValue(i As String)"},{"name":"setStepValue","signature":"setStepValue(i As String)"},{"name":"setPattern","signature":"setPattern(p As String)"},{"name":"setAutoFocus","signature":"setAutoFocus(p As Boolean)"},{"name":"setAutoComplete","signature":"setAutoComplete(p As Boolean)"},{"name":"setErrorMessage","signature":"setErrorMessage(p As String)"},{"name":"HintColorIntensity","signature":"HintColorIntensity(hcolor As String, intensity As String)"},{"name":"IsMatch","signature":"IsMatch(otherValue As String, tErrorMessage As String) As Boolean"},{"name":"IsMinLength","signature":"IsMinLength(minLen As Int, tErrorMessage As String) As Boolean"},{"name":"IsBlank","signature":"IsBlank As Boolean"},{"name":"ResetValidation","signature":"ResetValidation"},{"name":"Large","signature":"Large"},{"name":"Small","signature":"Small"},{"name":"Medium","signature":"Medium"},{"name":"Tiny","signature":"Tiny"},{"name":"SizeLG","signature":"SizeLG"},{"name":"SizeSM","signature":"SizeSM"},{"name":"SizeMD","signature":"SizeMD"},{"name":"SizeXS","signature":"SizeXS"},{"name":"SizeLGResponsive","signature":"SizeLGResponsive(xs As Boolean, sm As Boolean, md As Boolean, lg As Boolean)"},{"name":"SizeMDResponsive","signature":"SizeMDResponsive(xs As Boolean, sm As Boolean, md As Boolean, lg As Boolean)"},{"name":"SizeSMResponsive","signature":"SizeSMResponsive(xs As Boolean, sm As Boolean, md As Boolean, lg As Boolean)"},{"name":"SizeXSResponsive","signature":"SizeXSResponsive(xs As Boolean, sm As Boolean, md As Boolean, lg As Boolean)"},{"name":"roundedFull","signature":"roundedFull As SDUITextBox"},{"name":"wFull","signature":"wFull As SDUITextBox"},{"name":"Count","signature":"Count As Int"},{"name":"DesignerCreateView","signature":"DesignerCreateView (Target As BANanoElement, Props As Map)"},{"name":"NoArrowButtons","signature":"NoArrowButtons"},{"name":"setCaptionColor","signature":"setCaptionColor(s As String)"},{"name":"getCaptionColor","signature":"getCaptionColor As String"},{"name":"setHeight","signature":"setHeight(s As String)"},{"name":"setHideInput","signature":"setHideInput(b As Boolean)"},{"name":"setInline","signature":"setInline(b As Boolean)"},{"name":"getHeight","signature":"getHeight As String"},{"name":"getHideInput","signature":"getHideInput As Boolean"},{"name":"getInline","signature":"getInline As Boolean"},{"name":"setTextAlignment","signature":"setTextAlignment(s As String)"},{"name":"getTextAlignment","signature":"getTextAlignment As String"},{"name":"setMaxLength","signature":"setMaxLength(s As String)"},{"name":"BorderColorIntensity","signature":"BorderColorIntensity(c As String, i As String)"},{"name":"Initialize","signature":"Initialize (CallBack As Object, cName As String, EventName As String)"},{"name":"shadow","signature":"shadow(s As String)"},{"name":"RoundedBox","signature":"RoundedBox"},{"name":"TextColorIntensity","signature":"TextColorIntensity(hcolor As String, intensity As String)"},{"name":"BGColorIntensity","signature":"BGColorIntensity(c As String, s As String)"},{"name":"InitRollDateTime","signature":"InitRollDateTime As RollDateOptions"},{"name":"LoadComponentJson","signature":"LoadComponentJson(designName As String)"},{"name":"AddToParent","signature":"AddToParent(targetID As String, props As Map)"},{"name":"focus","signature":"focus"},{"name":"setDate","signature":"setDate(dt As String)"},{"name":"HideOnSmall","signature":"HideOnSmall"},{"name":"HideOnMedium","signature":"HideOnMedium"},{"name":"HideOnLarge","signature":"HideOnLarge"},{"name":"LinkExisting","signature":"LinkExisting"},{"name":"OnEvent\t\t\t'ignore","signature":"OnEvent(event As String, Module As Object, methodName As String, args As List)\t\t\t'ignore"},{"name":"setParentID","signature":"setParentID(s As String)"},{"name":"setWidth","signature":"setWidth(s As String)"},{"name":"setStartYear","signature":"setStartYear(s As String)"},{"name":"setEndYear","signature":"setEndYear(s As String)"},{"name":"setDateSteps","signature":"setDateSteps(s As String)"},{"name":"setDateTimeFormat","signature":"setDateTimeFormat(s As String)"},{"name":"setDpMode","signature":"setDpMode(s As String)"},{"name":"setDpNoCalendar","signature":"setDpNoCalendar(b As Boolean)"},{"name":"setDpWeekNumbers","signature":"setDpWeekNumbers(b As Boolean)"},{"name":"setDisabled","signature":"setDisabled(b As Boolean)"},{"name":"setHint","signature":"setHint(s As String)"},{"name":"setVisible","signature":"setVisible(b As Boolean)"},{"name":"setMarginAXYTBLR","signature":"setMarginAXYTBLR(s As String)"},{"name":"setPaddingAXYTBLR","signature":"setPaddingAXYTBLR(s As String)"},{"name":"setClasses","signature":"setClasses(s As String)"},{"name":"setStyles","signature":"setStyles(s As String)"},{"name":"setAttributes","signature":"setAttributes(s As String)"},{"name":"getParentID","signature":"getParentID As String"},{"name":"getSize","signature":"getSize As String"},{"name":"getWidth","signature":"getWidth As String"},{"name":"getCaption","signature":"getCaption As String"},{"name":"getPlaceHolder","signature":"getPlaceHolder As String"},{"name":"getColor","signature":"getColor As String"},{"name":"getMaxLength","signature":"getMaxLength As String"},{"name":"getShowEyes","signature":"getShowEyes As Boolean"},{"name":"getStartYear","signature":"getStartYear As String"},{"name":"getEndYear","signature":"getEndYear As String"},{"name":"getConfirmText","signature":"getConfirmText As String"},{"name":"getCancelText","signature":"getCancelText As String"},{"name":"getDateSteps","signature":"getDateSteps As String"},{"name":"getPrefix","signature":"getPrefix As String"},{"name":"getPrependIcon","signature":"getPrependIcon As String"},{"name":"getSuffix","signature":"getSuffix As String"},{"name":"getAppendIcon","signature":"getAppendIcon As String"},{"name":"getAutoComplete","signature":"getAutoComplete As Boolean"},{"name":"getAutoCompleteList","signature":"getAutoCompleteList As Boolean"},{"name":"getAutoFocus","signature":"getAutoFocus As Boolean"},{"name":"getBordered","signature":"getBordered As Boolean"},{"name":"getDateTimeFormat","signature":"getDateTimeFormat As String"},{"name":"getDpAltInput","signature":"getDpAltInput As Boolean"},{"name":"getDpAltFormat","signature":"getDpAltFormat As String"},{"name":"getDatePickerLocale","signature":"getDatePickerLocale As String"},{"name":"getDpMode","signature":"getDpMode As String"},{"name":"getDpNoCalendar","signature":"getDpNoCalendar As Boolean"},{"name":"getDpWeekNumbers","signature":"getDpWeekNumbers As Boolean"},{"name":"getErrorMessage","signature":"getErrorMessage As String"},{"name":"getHideDetails","signature":"getHideDetails As Boolean"},{"name":"getHint","signature":"getHint As String"},{"name":"getInputGroupVertical","signature":"getInputGroupVertical As Boolean"},{"name":"getReadOnly","signature":"getReadOnly As Boolean"},{"name":"getRequired","signature":"getRequired As Boolean"},{"name":"getVisible","signature":"getVisible As Boolean"},{"name":"getMarginAXYTBLR","signature":"getMarginAXYTBLR As String"},{"name":"getPaddingAXYTBLR","signature":"getPaddingAXYTBLR As String"},{"name":"getClasses","signature":"getClasses As String"},{"name":"getStyles","signature":"getStyles As String"},{"name":"getAttributes","signature":"getAttributes As String"},{"name":"getAppendIconRemoved","signature":"getAppendIconRemoved As Boolean"},{"name":"getHintTextRemoved","signature":"getHintTextRemoved As Boolean"},{"name":"getIndicatorRemoved","signature":"getIndicatorRemoved As Boolean"},{"name":"getLabelRemoved","signature":"getLabelRemoved As Boolean"},{"name":"getPrefixRemoved","signature":"getPrefixRemoved As Boolean"},{"name":"getPrependButtonRemoved","signature":"getPrependButtonRemoved As Boolean"},{"name":"getSuffixRemovReturned","signature":"getSuffixRemovReturned As Boolean"},{"name":"getSuffixRemoved","signature":"getSuffixRemoved As Boolean"}]}