{"properties":[{"Key":"ParentID","DisplayName":"ParentID","FieldType":"String","DefaultValue":"","Description":"The ParentID of this div","List":""},{"Key":"InputType","DisplayName":"Input Type","FieldType":"String","DefaultValue":"default","Description":"","List":"default|input-group"},{"Key":"Caption","DisplayName":"Caption","FieldType":"String","DefaultValue":"Rating","Description":"Caption","List":""},{"Key":"CaptionColor","DisplayName":"Caption Color","FieldType":"String","DefaultValue":"","Description":"Caption Color","List":""},{"Key":"RateLength","DisplayName":"Length","FieldType":"String","DefaultValue":"5","Description":"Number Of Stars","List":""},{"Key":"Value","DisplayName":"Value","FieldType":"String","DefaultValue":"3","Description":"Value","List":""},{"Key":"Mask","DisplayName":"Mask","FieldType":"String","DefaultValue":"star-2","Description":"Mask","List":"squircle|heart|hexagon|hexagon-2|decagon|pentagon|diamond|square|circle|parallelogram|parallelogram-2|parallelogram-3|parallelogram-4|star|star-2|triangle|triangle-2|triangle-3|triangle-4|half-1|half-2"},{"Key":"Size","DisplayName":"Size","FieldType":"String","DefaultValue":"none","Description":"Size","List":"lg|md|sm|xs|none"},{"Key":"Width","DisplayName":"Width","FieldType":"String","DefaultValue":"full","Description":"Width","List":""},{"Key":"AutoFocus","DisplayName":"Auto Focus","FieldType":"Boolean","DefaultValue":"False","Description":"Auto Focus","List":""},{"Key":"BgColor","DisplayName":"Bg Color","FieldType":"String","DefaultValue":"orange","Description":"Background Color","List":""},{"Key":"BgColorIntensity","DisplayName":"Bg Color Intensity","FieldType":"String","DefaultValue":"600","Description":"Background Color Intensity","List":""},{"Key":"Prefix","DisplayName":"Prefix","FieldType":"String","DefaultValue":"","Description":"Prefix","List":""},{"Key":"PrependIcon","DisplayName":"Prepend Icon","FieldType":"String","DefaultValue":"","Description":"Prepend Icon","List":""},{"Key":"AppendIcon","DisplayName":"Append Icon","FieldType":"String","DefaultValue":"","Description":"Append Icon","List":""},{"Key":"Suffix","DisplayName":"Suffix","FieldType":"String","DefaultValue":"","Description":"Suffix","List":""},{"Key":"Bordered","DisplayName":"Bordered","FieldType":"Boolean","DefaultValue":"False","Description":"Bordered","List":""},{"Key":"BorderColor","DisplayName":"Border Color","FieldType":"String","DefaultValue":"","Description":"Border Color","List":""},{"Key":"BorderColorIntensity","DisplayName":"Border Color Intensity","FieldType":"String","DefaultValue":"","Description":"Border Color Intensity","List":""},{"Key":"Disabled","DisplayName":"Disabled","FieldType":"Boolean","DefaultValue":"False","Description":"If Disabled","List":""},{"Key":"ErrorMessage","DisplayName":"Error Message","FieldType":"String","DefaultValue":"","Description":"Error Message","List":""},{"Key":"HideDetails","DisplayName":"Hide Details","FieldType":"Boolean","DefaultValue":"False","Description":"Hide Details","List":""},{"Key":"Hint","DisplayName":"Hint","FieldType":"String","DefaultValue":"","Description":"Hint","List":""},{"Key":"ReadOnly","DisplayName":"Read Only","FieldType":"Boolean","DefaultValue":"False","Description":"Read Only","List":""},{"Key":"Required","DisplayName":"Required","FieldType":"Boolean","DefaultValue":"False","Description":"Is Required","List":""},{"Key":"Visible","DisplayName":"Visible","FieldType":"Boolean","DefaultValue":"True","Description":"If visible.","List":""},{"Key":"AppendIconRemoved","DisplayName":"Append Icon Removed","FieldType":"Boolean","DefaultValue":"False","Description":"Append Icon Removed","List":""},{"Key":"HintTextRemoved","DisplayName":"Hint Text Removed","FieldType":"Boolean","DefaultValue":"False","Description":"Hint Text Removed","List":""},{"Key":"IndicatorRemoved","DisplayName":"Indicator Removed","FieldType":"Boolean","DefaultValue":"False","Description":"Indicator Removed","List":""},{"Key":"LabelRemoved","DisplayName":"Label Removed","FieldType":"Boolean","DefaultValue":"False","Description":"Label Removed","List":""},{"Key":"PrefixRemoved","DisplayName":"Prefix Removed","FieldType":"Boolean","DefaultValue":"False","Description":"Prefix Removed","List":""},{"Key":"PrependButtonRemoved","DisplayName":"Prepend Button Removed","FieldType":"Boolean","DefaultValue":"False","Description":"Prepend Button Removed","List":""},{"Key":"SuffixRemoved","DisplayName":"Suffix Removed","FieldType":"Boolean","DefaultValue":"False","Description":"Suffix Removed","List":""},{"Key":"MarginAXYTBLR","DisplayName":"Margins","FieldType":"String","DefaultValue":"a=?; x=?; y=?; t=?; b=?; l=?; r=?","Description":"Margins A-X-Y-T-B-L-R","List":""},{"Key":"PaddingAXYTBLR","DisplayName":"Paddings","FieldType":"String","DefaultValue":"a=?; x=?; y=?; t=?; b=?; l=?; r=?","Description":"Paddings A-X-Y-T-B-L-R","List":""},{"Key":"RawClasses","DisplayName":"Classes","FieldType":"String","DefaultValue":"","Description":"Classes added to the HTML tag.","List":""},{"Key":"RawStyles","DisplayName":"Styles","FieldType":"String","DefaultValue":"","Description":"Styles added to the HTML tag. Must be a json String- use =","List":""},{"Key":"RawAttributes","DisplayName":"Attributes","FieldType":"String","DefaultValue":"","Description":"Attributes added to the HTML tag. Must be a json String- use =","List":""}],"events":[{"name":"Change (value As Double)"}],"methods":[{"name":"Initialize","signature":"Initialize (CallBack As Object, cName As String, EventName As String)"},{"name":"AddRating","signature":"AddRating(mCallback As Object, ParentID As String, ID As String, rSize As Int)"},{"name":"AssignElement","signature":"AssignElement(mCallBack As Object, ID As String)"},{"name":"setCaptionColor","signature":"setCaptionColor(s As String)"},{"name":"getCaptionColor","signature":"getCaptionColor As String"},{"name":"AddRatingLabel","signature":"AddRatingLabel(mCallback As Object, ParentID As String, sID As String, xCaption As String, xHint As String, xSize As String) As SDUIRating"},{"name":"RemovePrependIcon","signature":"RemovePrependIcon"},{"name":"RemoveAppendIcon","signature":"RemoveAppendIcon"},{"name":"RemoveHint","signature":"RemoveHint"},{"name":"RemoveLabel","signature":"RemoveLabel"},{"name":"RemovePrefix","signature":"RemovePrefix"},{"name":"RemoveSuffix","signature":"RemoveSuffix"},{"name":"setW","signature":"setW(v As String)"},{"name":"setCaption","signature":"setCaption(l As String)"},{"name":"setHideDetails","signature":"setHideDetails(b As Boolean)"},{"name":"setBordered","signature":"setBordered(b As Boolean)"},{"name":"setHintCaption","signature":"setHintCaption(l As String)"},{"name":"setAutoFocus","signature":"setAutoFocus(p As Boolean)"},{"name":"BGColorIntensity","signature":"BGColorIntensity(color As String, intensity As String)"},{"name":"ItemBGColorIntensity","signature":"ItemBGColorIntensity(pos As Int, color As String, intensity As Int)"},{"name":"Item","signature":"Item(i As Int) As SDUIRadio"},{"name":"Enable","signature":"Enable"},{"name":"Disable","signature":"Disable"},{"name":"Show","signature":"Show"},{"name":"Hide","signature":"Hide"},{"name":"setShape","signature":"setShape(xShape As String)"},{"name":"setMask","signature":"setMask(xmask As String)"},{"name":"setValue","signature":"setValue(ivalue As Int)"},{"name":"getValue","signature":"getValue As Int"},{"name":"On","signature":"On(event As String, CallBack As Object, MethodName As String)"},{"name":"getName","signature":"getName As String"},{"name":"getHere","signature":"getHere As String"},{"name":"setHalf","signature":"setHalf(b As Boolean)"},{"name":"ItemHidden","signature":"ItemHidden(pos As Int, b As Boolean)"},{"name":"setPrependIcon","signature":"setPrependIcon(picon As String)"},{"name":"setAppendIconHoverBGColor","signature":"setAppendIconHoverBGColor(c As String)"},{"name":"setPrependIconHoverBGColor","signature":"setPrependIconHoverBGColor(c As String)"},{"name":"setAppendIconBGColor","signature":"setAppendIconBGColor(c As String)"},{"name":"setPrependIconBGColor","signature":"setPrependIconBGColor(c As String)"},{"name":"setAppendIcon","signature":"setAppendIcon(picon As String)"},{"name":"setRequired","signature":"setRequired(b As Boolean)"},{"name":"setReadOnly","signature":"setReadOnly(b As Boolean)"},{"name":"SizeLG","signature":"SizeLG"},{"name":"SizeSM","signature":"SizeSM"},{"name":"SizeMD","signature":"SizeMD"},{"name":"SizeXS","signature":"SizeXS"},{"name":"setSize","signature":"setSize(s As String)"},{"name":"SizeLGResponsive","signature":"SizeLGResponsive(xs As Boolean, sm As Boolean, md As Boolean, lg As Boolean)"},{"name":"SizeMDResponsive","signature":"SizeMDResponsive(xs As Boolean, sm As Boolean, md As Boolean, lg As Boolean)"},{"name":"SizeSMResponsive","signature":"SizeSMResponsive(xs As Boolean, sm As Boolean, md As Boolean, lg As Boolean)"},{"name":"SizeXSResponsive","signature":"SizeXSResponsive(xs As Boolean, sm As Boolean, md As Boolean, lg As Boolean)"},{"name":"BorderColorIntensity","signature":"BorderColorIntensity(c As String, i As String)"},{"name":"setErrorMessage","signature":"setErrorMessage(p As String)"},{"name":"setPrefix","signature":"setPrefix(l As String)"},{"name":"AddStyle","signature":"AddStyle(attr As String, text As String)"},{"name":"setSuffix","signature":"setSuffix(l As String)"},{"name":"RemoveClass","signature":"RemoveClass(xText As String)"},{"name":"IsBlank","signature":"IsBlank As Boolean"},{"name":"ResetValidation","signature":"ResetValidation"},{"name":"HintColorIntensity","signature":"HintColorIntensity(hcolor As String, intensity As String)"},{"name":"AddToParent","signature":"AddToParent(targetID As String, props As Map)"},{"name":"focus","signature":"focus"},{"name":"wFull","signature":"wFull As SDUIRating"},{"name":"HideOnSmall","signature":"HideOnSmall"},{"name":"HideOnMedium","signature":"HideOnMedium"},{"name":"HideOnLarge","signature":"HideOnLarge"},{"name":"LinkExisting","signature":"LinkExisting"},{"name":"OnEvent\t\t\t'ignore","signature":"OnEvent(event As String, Module As Object, methodName As String, args As List)\t\t\t'ignore"},{"name":"setParentID","signature":"setParentID(s As String)"},{"name":"setInputType","signature":"setInputType(s As String)"},{"name":"setRateLength","signature":"setRateLength(s As String)"},{"name":"setWidth","signature":"setWidth(s As String)"},{"name":"setBgColor","signature":"setBgColor(s As String)"},{"name":"setBorderColor","signature":"setBorderColor(s As String)"},{"name":"setDisabled","signature":"setDisabled(b As Boolean)"},{"name":"setHint","signature":"setHint(s As String)"},{"name":"setVisible","signature":"setVisible(b As Boolean)"},{"name":"setMarginAXYTBLR","signature":"setMarginAXYTBLR(s As String)"},{"name":"setPaddingAXYTBLR","signature":"setPaddingAXYTBLR(s As String)"},{"name":"setClasses","signature":"setClasses(s As String)"},{"name":"setStyles","signature":"setStyles(s As String)"},{"name":"setAttributes","signature":"setAttributes(s As String)"},{"name":"getParentID","signature":"getParentID As String"},{"name":"getInputType","signature":"getInputType As String"},{"name":"getCaption","signature":"getCaption As String"},{"name":"getRateLength","signature":"getRateLength As String"},{"name":"getMask","signature":"getMask As String"},{"name":"getSize","signature":"getSize As String"},{"name":"getWidth","signature":"getWidth As String"},{"name":"getAutoFocus","signature":"getAutoFocus As Boolean"},{"name":"getBgColor","signature":"getBgColor As String"},{"name":"getPrefix","signature":"getPrefix As String"},{"name":"getPrependIcon","signature":"getPrependIcon As String"},{"name":"getAppendIcon","signature":"getAppendIcon As String"},{"name":"getSuffix","signature":"getSuffix As String"},{"name":"getBordered","signature":"getBordered As Boolean"},{"name":"getBorderColor","signature":"getBorderColor As String"},{"name":"getDisabled","signature":"getDisabled As Boolean"},{"name":"getErrorMessage","signature":"getErrorMessage As String"},{"name":"getHideDetails","signature":"getHideDetails As Boolean"},{"name":"getHint","signature":"getHint As String"},{"name":"getReadOnly","signature":"getReadOnly As Boolean"},{"name":"getRequired","signature":"getRequired As Boolean"},{"name":"getVisible","signature":"getVisible As Boolean"},{"name":"getMarginAXYTBLR","signature":"getMarginAXYTBLR As String"},{"name":"getPaddingAXYTBLR","signature":"getPaddingAXYTBLR As String"},{"name":"getClasses","signature":"getClasses As String"},{"name":"getStyles","signature":"getStyles As String"},{"name":"getAttributes","signature":"getAttributes As String"},{"name":"getAppendIconRemoved","signature":"getAppendIconRemoved As Boolean"},{"name":"getHintTextRemoved","signature":"getHintTextRemoved As Boolean"},{"name":"getIndicatorRemoved","signature":"getIndicatorRemoved As Boolean"},{"name":"getLabelRemoved","signature":"getLabelRemoved As Boolean"},{"name":"getPrefixRemoved","signature":"getPrefixRemoved As Boolean"},{"name":"getPrependButtonRemoved","signature":"getPrependButtonRemoved As Boolean"},{"name":"getSuffixRemoved","signature":"getSuffixRemoved As Boolean"},{"name":"setAppendIconRemoved","signature":"setAppendIconRemoved(b As Boolean)"},{"name":"setHintTextRemoved","signature":"setHintTextRemoved(b As Boolean)"},{"name":"setIndicatorRemoved","signature":"setIndicatorRemoved(b As Boolean)"},{"name":"setLabelRemoved","signature":"setLabelRemoved(b As Boolean)"},{"name":"setPrefixRemoved","signature":"setPrefixRemoved(b As Boolean)"},{"name":"setPrependButtonRemoved","signature":"setPrependButtonRemoved(b As Boolean)"},{"name":"setSuffixRemoved","signature":"setSuffixRemoved(b As Boolean)"}]}