{"properties":[{"Key":"ParentID","DisplayName":"ParentID","FieldType":"String","DefaultValue":"","Description":"The ParentID of this div","List":""},{"Key":"Alignment","DisplayName":"Alignment","FieldType":"String","DefaultValue":"none","Description":"Alignment","List":"horizontal|none|vertical"},{"Key":"Caption","DisplayName":"Caption","FieldType":"String","DefaultValue":"","Description":"Caption","List":""},{"Key":"BgColor","DisplayName":"Bg Color","FieldType":"String","DefaultValue":"","Description":"Background Color","List":""},{"Key":"BgColorIntensity","DisplayName":"Bg Color Intensity","FieldType":"String","DefaultValue":"","Description":"Background Color Intensity","List":""},{"Key":"TextColor","DisplayName":"Text Color","FieldType":"String","DefaultValue":"","Description":"Text Color","List":""},{"Key":"TextColorIntensity","DisplayName":"Text Color Intensity","FieldType":"String","DefaultValue":"","Description":"Text Color Intensity","List":""},{"Key":"Visible","DisplayName":"Visible","FieldType":"Boolean","DefaultValue":"True","Description":"If visible.","List":""},{"Key":"MarginAXYTBLR","DisplayName":"Margins","FieldType":"String","DefaultValue":"a=?; x=?; y=?; t=?; b=?; l=?; r=?","Description":"Margins A-X-Y-T-B-L-R","List":""},{"Key":"PaddingAXYTBLR","DisplayName":"Paddings","FieldType":"String","DefaultValue":"a=?; x=?; y=?; t=?; b=?; l=?; r=?","Description":"Paddings A-X-Y-T-B-L-R","List":""},{"Key":"RawClasses","DisplayName":"Classes","FieldType":"String","DefaultValue":"","Description":"Classes added to the HTML tag.","List":""},{"Key":"RawStyles","DisplayName":"Styles","FieldType":"String","DefaultValue":"","Description":"Styles added to the HTML tag. Must be a json String- use =","List":""},{"Key":"RawAttributes","DisplayName":"Attributes","FieldType":"String","DefaultValue":"","Description":"Attributes added to the HTML tag. Must be a json String- use =","List":""}],"events":[],"methods":[{"name":"Initialize","signature":"Initialize (CallBack As Object, cName As String, EventName As String)"},{"name":"AddDivider","signature":"AddDivider(mCallback As Object, ParentID As String, ID As String)"},{"name":"AssignElement","signature":"AssignElement(mCallBack As Object, ID As String)"},{"name":"Enable","signature":"Enable"},{"name":"Disable","signature":"Disable"},{"name":"Show","signature":"Show"},{"name":"Hide","signature":"Hide"},{"name":"getName","signature":"getName As String"},{"name":"getHere","signature":"getHere As String"},{"name":"setCaption","signature":"setCaption(l As String)"},{"name":"Vertical","signature":"Vertical"},{"name":"Horizontal","signature":"Horizontal"},{"name":"setBGColor","signature":"setBGColor(s As String)"},{"name":"HorizontalResponsive","signature":"HorizontalResponsive(xs As Boolean, sm As Boolean, md As Boolean, lg As Boolean)"},{"name":"VerticalResponsive","signature":"VerticalResponsive(xs As Boolean, sm As Boolean, md As Boolean, lg As Boolean)"},{"name":"BGColorIntensity","signature":"BGColorIntensity(c As String, s As String)"},{"name":"TextColorIntensity","signature":"TextColorIntensity(hcolor As String, intensity As String)"},{"name":"AddToParent","signature":"AddToParent(targetID As String, props As Map)"},{"name":"HideOnSmall","signature":"HideOnSmall"},{"name":"HideOnMedium","signature":"HideOnMedium"},{"name":"HideOnLarge","signature":"HideOnLarge"},{"name":"LinkExisting","signature":"LinkExisting"},{"name":"setParentID","signature":"setParentID(s As String)"},{"name":"setAlignment","signature":"setAlignment(s As String)"},{"name":"setTextColor","signature":"setTextColor(s As String)"},{"name":"setVisible","signature":"setVisible(b As Boolean)"},{"name":"setMarginAXYTBLR","signature":"setMarginAXYTBLR(s As String)"},{"name":"setPaddingAXYTBLR","signature":"setPaddingAXYTBLR(s As String)"},{"name":"setClasses","signature":"setClasses(s As String)"},{"name":"setStyles","signature":"setStyles(s As String)"},{"name":"setAttributes","signature":"setAttributes(s As String)"},{"name":"getParentID","signature":"getParentID As String"},{"name":"getAlignment","signature":"getAlignment As String"},{"name":"getCaption","signature":"getCaption As String"},{"name":"getBgColor","signature":"getBgColor As String"},{"name":"getTextColor","signature":"getTextColor As String"},{"name":"getVisible","signature":"getVisible As Boolean"},{"name":"getMarginAXYTBLR","signature":"getMarginAXYTBLR As String"},{"name":"getPaddingAXYTBLR","signature":"getPaddingAXYTBLR As String"},{"name":"getClasses","signature":"getClasses As String"},{"name":"getStyles","signature":"getStyles As String"},{"name":"getAttributes","signature":"getAttributes As String"}]}