{"properties":[{"Key":"ParentID","DisplayName":"ParentID","FieldType":"String","DefaultValue":"","Description":"The ParentID of this div","List":""},{"Key":"ProgressType","DisplayName":"Type","FieldType":"String","DefaultValue":"default","Description":"","List":"default|input-group"},{"Key":"Size","DisplayName":"Size","FieldType":"String","DefaultValue":"none","Description":"Size","List":"lg|md|sm|xs|none"},{"Key":"Width","DisplayName":"Width","FieldType":"String","DefaultValue":"full","Description":"Width","List":""},{"Key":"Caption","DisplayName":"Caption","FieldType":"String","DefaultValue":"Progress 1","Description":"Caption","List":""},{"Key":"Value","DisplayName":"Value","FieldType":"String","DefaultValue":"50","Description":"Value","List":""},{"Key":"Hint","DisplayName":"Hint","FieldType":"String","DefaultValue":"","Description":"Hint","List":""},{"Key":"MinValue","DisplayName":"Min Value","FieldType":"String","DefaultValue":"0","Description":"Min Value","List":""},{"Key":"MaxValue","DisplayName":"Max Value","FieldType":"String","DefaultValue":"100","Description":"Max Value","List":""},{"Key":"StepValue","DisplayName":"Step Value","FieldType":"String","DefaultValue":"1","Description":"Step Value","List":""},{"Key":"AutoFocus","DisplayName":"Auto Focus","FieldType":"Boolean","DefaultValue":"False","Description":"Auto Focus","List":""},{"Key":"Bordered","DisplayName":"Bordered","FieldType":"Boolean","DefaultValue":"False","Description":"Bordered","List":""},{"Key":"Color","DisplayName":"Color","FieldType":"String","DefaultValue":"primary","Description":"Variant","List":"accent|error|ghost|info|none|nuetral|primary|secondary|success|warning"},{"Key":"Required","DisplayName":"Required","FieldType":"Boolean","DefaultValue":"False","Description":"Is Required","List":""},{"Key":"ErrorMessage","DisplayName":"Error Message","FieldType":"String","DefaultValue":"","Description":"Error Message","List":""},{"Key":"Prefix","DisplayName":"Prefix","FieldType":"String","DefaultValue":"","Description":"Prefix","List":""},{"Key":"PrependIcon","DisplayName":"Prepend Icon","FieldType":"String","DefaultValue":"","Description":"Prepend Icon","List":""},{"Key":"Suffix","DisplayName":"Suffix","FieldType":"String","DefaultValue":"","Description":"Suffix","List":""},{"Key":"AppendIcon","DisplayName":"Append Icon","FieldType":"String","DefaultValue":"","Description":"Append Icon","List":""},{"Key":"BgColor","DisplayName":"Bg Color","FieldType":"String","DefaultValue":"","Description":"Background Color","List":""},{"Key":"BgColorIntensity","DisplayName":"Bg Color Intensity","FieldType":"String","DefaultValue":"","Description":"Background Color Intensity","List":""},{"Key":"BgTransparent","DisplayName":"Bg Transparent","FieldType":"Boolean","DefaultValue":"False","Description":"Background Transparent","List":""},{"Key":"Indeterminate","DisplayName":"Indeterminate","FieldType":"Boolean","DefaultValue":"False","Description":"Indeterminate","List":""},{"Key":"ReadOnly","DisplayName":"Read Only","FieldType":"Boolean","DefaultValue":"False","Description":"Read Only","List":""},{"Key":"Visible","DisplayName":"Visible","FieldType":"Boolean","DefaultValue":"True","Description":"If visible.","List":""},{"Key":"AppendIconRemoved","DisplayName":"Append Icon Removed","FieldType":"Boolean","DefaultValue":"False","Description":"Append Icon Removed","List":""},{"Key":"HintTextRemoved","DisplayName":"Hint Text Removed","FieldType":"Boolean","DefaultValue":"False","Description":"Hint Text Removed","List":""},{"Key":"IndicatorRemoved","DisplayName":"Indicator Removed","FieldType":"Boolean","DefaultValue":"False","Description":"Indicator Removed","List":""},{"Key":"LabelRemoved","DisplayName":"Label Removed","FieldType":"Boolean","DefaultValue":"False","Description":"Label Removed","List":""},{"Key":"PrefixRemoved","DisplayName":"Prefix Removed","FieldType":"Boolean","DefaultValue":"False","Description":"Prefix Removed","List":""},{"Key":"PrependButtonRemoved","DisplayName":"Prepend Button Removed","FieldType":"Boolean","DefaultValue":"False","Description":"Prepend Button Removed","List":""},{"Key":"SuffixRemoved","DisplayName":"Suffix Removed","FieldType":"Boolean","DefaultValue":"False","Description":"Suffix Removed","List":""},{"Key":"MarginAXYTBLR","DisplayName":"Margins","FieldType":"String","DefaultValue":"a=?; x=?; y=?; t=?; b=?; l=?; r=?","Description":"Margins A-X-Y-T-B-L-R","List":""},{"Key":"PaddingAXYTBLR","DisplayName":"Paddings","FieldType":"String","DefaultValue":"a=?; x=?; y=?; t=?; b=?; l=?; r=?","Description":"Paddings A-X-Y-T-B-L-R","List":""},{"Key":"RawClasses","DisplayName":"Classes","FieldType":"String","DefaultValue":"","Description":"Classes added to the HTML tag.","List":""},{"Key":"RawStyles","DisplayName":"Styles","FieldType":"String","DefaultValue":"","Description":"Styles added to the HTML tag. Must be a json String- use =","List":""},{"Key":"RawAttributes","DisplayName":"Attributes","FieldType":"String","DefaultValue":"","Description":"Attributes added to the HTML tag. Must be a json String- use =","List":""}],"events":[{"name":"Change (value As int)"},{"name":"Prepend_Click (event As BANanoEvent)"},{"name":"Append_Click (event As BANanoEvent)"}],"methods":[{"name":"Enable","signature":"Enable"},{"name":"Disable","signature":"Disable"},{"name":"AddProgress","signature":"AddProgress(mCallback As Object, ParentID As String, ID As String, iValue As Int)"},{"name":"AddProgressLabel","signature":"AddProgressLabel(mCallback As Object, ParentID As String, sID As String, xCaption As String, iValue As Int, xHint As String, xPrefix As String, xSuffix As String) As SDUIProgress"},{"name":"RemovePrependIcon","signature":"RemovePrependIcon"},{"name":"RemoveAppendIcon","signature":"RemoveAppendIcon"},{"name":"RemoveHint","signature":"RemoveHint"},{"name":"RemoveLabel","signature":"RemoveLabel"},{"name":"RemovePrefix","signature":"RemovePrefix"},{"name":"RemoveSuffix","signature":"RemoveSuffix"},{"name":"setW","signature":"setW(v As String)"},{"name":"setHideDetails","signature":"setHideDetails(b As Boolean)"},{"name":"AssignElement","signature":"AssignElement(mCallBack As Object, ID As String)"},{"name":"setPrependIcon","signature":"setPrependIcon(picon As String)"},{"name":"setAppendIconHoverBGColor","signature":"setAppendIconHoverBGColor(c As String)"},{"name":"setPrependIconHoverBGColor","signature":"setPrependIconHoverBGColor(c As String)"},{"name":"setAppendIconBGColor","signature":"setAppendIconBGColor(c As String)"},{"name":"setPrependIconBGColor","signature":"setPrependIconBGColor(c As String)"},{"name":"setAppendIcon","signature":"setAppendIcon(picon As String)"},{"name":"setValue","signature":"setValue(s As String)"},{"name":"getValue","signature":"getValue As String"},{"name":"setCaption","signature":"setCaption(l As String)"},{"name":"setHintCaption","signature":"setHintCaption(l As String)"},{"name":"setPrefix","signature":"setPrefix(l As String)"},{"name":"AddStyle","signature":"AddStyle(attr As String, text As String)"},{"name":"setSuffix","signature":"setSuffix(l As String)"},{"name":"RemoveClass","signature":"RemoveClass(xText As String)"},{"name":"On","signature":"On(event As String, CallBack As Object, MethodName As String)"},{"name":"getName","signature":"getName As String"},{"name":"getHere","signature":"getHere As String"},{"name":"setBordered","signature":"setBordered(b As Boolean)"},{"name":"setGhost","signature":"setGhost(b As Boolean)"},{"name":"setReadOnly","signature":"setReadOnly(b As Boolean)"},{"name":"setInputGroupSize","signature":"setInputGroupSize(S As String)"},{"name":"setInputGroupVertical","signature":"setInputGroupVertical(b As Boolean)"},{"name":"AddClass","signature":"AddClass(xText As String)"},{"name":"RemoveStyle","signature":"RemoveStyle(s As String)"},{"name":"ToggleClass","signature":"ToggleClass(s As String)"},{"name":"Show","signature":"Show"},{"name":"Hide","signature":"Hide"},{"name":"setColor","signature":"setColor(s As String)"},{"name":"setSize","signature":"setSize(s As String)"},{"name":"setMinValue","signature":"setMinValue(i As String)"},{"name":"setMaxValue","signature":"setMaxValue(i As String)"},{"name":"setStepValue","signature":"setStepValue(i As String)"},{"name":"setAutoFocus","signature":"setAutoFocus(p As Boolean)"},{"name":"setBGTransparent","signature":"setBGTransparent(p As Boolean)"},{"name":"setErrorMessage","signature":"setErrorMessage(p As String)"},{"name":"setIndeterminate","signature":"setIndeterminate(b As Boolean)"},{"name":"SizeXLarge","signature":"SizeXLarge"},{"name":"SizeLarge","signature":"SizeLarge"},{"name":"SizeSmall","signature":"SizeSmall"},{"name":"SizeMedium","signature":"SizeMedium"},{"name":"SizeTiny","signature":"SizeTiny"},{"name":"Initialize","signature":"Initialize (CallBack As Object, cName As String, EventName As String)"},{"name":"shadow","signature":"shadow(s As String)"},{"name":"RoundedBox","signature":"RoundedBox"},{"name":"TextColorIntensity","signature":"TextColorIntensity(hcolor As String, intensity As String)"},{"name":"BGColorIntensity","signature":"BGColorIntensity(c As String, s As String)"},{"name":"LoadComponentJson","signature":"LoadComponentJson(designName As String)"},{"name":"AddToParent","signature":"AddToParent(targetID As String, props As Map)"},{"name":"wFull","signature":"wFull As SDUIProgress"},{"name":"HideOnSmall","signature":"HideOnSmall"},{"name":"HideOnMedium","signature":"HideOnMedium"},{"name":"HideOnLarge","signature":"HideOnLarge"},{"name":"LinkExisting","signature":"LinkExisting"},{"name":"OnEvent\t\t\t'ignore","signature":"OnEvent(event As String, Module As Object, methodName As String, args As List)\t\t\t'ignore"},{"name":"setParentID","signature":"setParentID(s As String)"},{"name":"setProgressType","signature":"setProgressType(s As String)"},{"name":"setWidth","signature":"setWidth(s As String)"},{"name":"setHint","signature":"setHint(s As String)"},{"name":"setRequired","signature":"setRequired(b As Boolean)"},{"name":"setBgColor","signature":"setBgColor(s As String)"},{"name":"setVisible","signature":"setVisible(b As Boolean)"},{"name":"setMarginAXYTBLR","signature":"setMarginAXYTBLR(s As String)"},{"name":"setPaddingAXYTBLR","signature":"setPaddingAXYTBLR(s As String)"},{"name":"setClasses","signature":"setClasses(s As String)"},{"name":"setStyles","signature":"setStyles(s As String)"},{"name":"setAttributes","signature":"setAttributes(s As String)"},{"name":"getParentID","signature":"getParentID As String"},{"name":"getProgressType","signature":"getProgressType As String"},{"name":"getSize","signature":"getSize As String"},{"name":"getWidth","signature":"getWidth As String"},{"name":"getCaption","signature":"getCaption As String"},{"name":"getHint","signature":"getHint As String"},{"name":"getMinValue","signature":"getMinValue As String"},{"name":"getMaxValue","signature":"getMaxValue As String"},{"name":"getStepValue","signature":"getStepValue As String"},{"name":"getAutoFocus","signature":"getAutoFocus As Boolean"},{"name":"getBordered","signature":"getBordered As Boolean"},{"name":"getColor","signature":"getColor As String"},{"name":"getRequired","signature":"getRequired As Boolean"},{"name":"getErrorMessage","signature":"getErrorMessage As String"},{"name":"getPrefix","signature":"getPrefix As String"},{"name":"getPrependIcon","signature":"getPrependIcon As String"},{"name":"getSuffix","signature":"getSuffix As String"},{"name":"getAppendIcon","signature":"getAppendIcon As String"},{"name":"getBgColor","signature":"getBgColor As String"},{"name":"getBgTransparent","signature":"getBgTransparent As Boolean"},{"name":"getIndeterminate","signature":"getIndeterminate As Boolean"},{"name":"getReadOnly","signature":"getReadOnly As Boolean"},{"name":"getVisible","signature":"getVisible As Boolean"},{"name":"getMarginAXYTBLR","signature":"getMarginAXYTBLR As String"},{"name":"getPaddingAXYTBLR","signature":"getPaddingAXYTBLR As String"},{"name":"getClasses","signature":"getClasses As String"},{"name":"getStyles","signature":"getStyles As String"},{"name":"getAttributes","signature":"getAttributes As String"},{"name":"getAppendIconRemoved","signature":"getAppendIconRemoved As Boolean"},{"name":"getHintTextRemoved","signature":"getHintTextRemoved As Boolean"},{"name":"getIndicatorRemoved","signature":"getIndicatorRemoved As Boolean"},{"name":"getLabelRemoved","signature":"getLabelRemoved As Boolean"},{"name":"getPrefixRemoved","signature":"getPrefixRemoved As Boolean"},{"name":"getPrependButtonRemoved","signature":"getPrependButtonRemoved As Boolean"},{"name":"getSuffixRemoved","signature":"getSuffixRemoved As Boolean"},{"name":"setAppendIconRemoved","signature":"setAppendIconRemoved(b As Boolean)"},{"name":"setHintTextRemoved","signature":"setHintTextRemoved(b As Boolean)"},{"name":"setIndicatorRemoved","signature":"setIndicatorRemoved(b As Boolean)"},{"name":"setLabelRemoved","signature":"setLabelRemoved(b As Boolean)"},{"name":"setPrefixRemoved","signature":"setPrefixRemoved(b As Boolean)"},{"name":"setPrependButtonRemoved","signature":"setPrependButtonRemoved(b As Boolean)"},{"name":"setSuffixRemoved","signature":"setSuffixRemoved(b As Boolean)"}]}