{"properties":[{"Key":"ParentID","DisplayName":"ParentID","FieldType":"String","DefaultValue":"","Description":"The ParentID of this component","List":""},{"Key":"TeamTitle","DisplayName":"Team Title","FieldType":"String","DefaultValue":"Team","Description":"Team Title","List":""},{"Key":"Image","DisplayName":"Image Field","FieldType":"String","DefaultValue":"image","Description":"Image","List":""},{"Key":"Shape","DisplayName":"Shape","FieldType":"String","DefaultValue":"circle","Description":"Shape","List":"none|circle|rounded|squircle|heart|hexagon|hexagon-2|decagon|pentagon|diamond|square|parallelogram|parallelogram-2|parallelogram-3|parallelogram-4|star|star-2|triangle|triangle-2|triangle-3|triangle-4|half-1|half-2"},{"Key":"Fullname","DisplayName":"Fullname Field","FieldType":"String","DefaultValue":"fullname","Description":"Fullname","List":""},{"Key":"Title","DisplayName":"Title Field","FieldType":"String","DefaultValue":"title","Description":"Title","List":""},{"Key":"Bio","DisplayName":"Bio Field","FieldType":"String","DefaultValue":"bio","Description":"Bio","List":""},{"Key":"Google","DisplayName":"Google Field","FieldType":"String","DefaultValue":"google","Description":"Google","List":""},{"Key":"Email","DisplayName":"Email Field","FieldType":"String","DefaultValue":"email","Description":"Email","List":""},{"Key":"Facebook","DisplayName":"Facebook Field","FieldType":"String","DefaultValue":"facebook","Description":"Facebook","List":""},{"Key":"WebSite","DisplayName":"WebSite Field","FieldType":"String","DefaultValue":"website","Description":"WebSite","List":""},{"Key":"Github","DisplayName":"Github Field","FieldType":"String","DefaultValue":"github","Description":"Github","List":""},{"Key":"Instagram","DisplayName":"Instagram Field","FieldType":"String","DefaultValue":"instagram","Description":"Instagram","List":""},{"Key":"Linkedin","DisplayName":"LinkedIn Field","FieldType":"String","DefaultValue":"linkedin","Description":"Linkedin","List":""},{"Key":"Telephone","DisplayName":"Telephone Field","FieldType":"String","DefaultValue":"telephone","Description":"Telephone","List":""},{"Key":"Twitter","DisplayName":"Twitter Field","FieldType":"String","DefaultValue":"twitter","Description":"Twitter","List":""},{"Key":"Telegram","DisplayName":"Telegram Field","FieldType":"String","DefaultValue":"telegram","Description":"Telegram","List":""},{"Key":"Whatsapp","DisplayName":"WhatsApp Field","FieldType":"String","DefaultValue":"whatsapp","Description":"Whatsapp","List":""},{"Key":"HasAddnew","DisplayName":"Has AddNew","FieldType":"Boolean","DefaultValue":"True","Description":"Has Addnew","List":""},{"Key":"AddNewTooltip","DisplayName":"AddNew Tooltip","FieldType":"String","DefaultValue":"","Description":"Add New Tooltip","List":""},{"Key":"HasSearch","DisplayName":"Has Search","FieldType":"Boolean","DefaultValue":"False","Description":"Has Search","List":""},{"Key":"SearchSize","DisplayName":"Search Size","FieldType":"String","DefaultValue":"md","Description":"Search Size","List":"lg|md|sm|xs|none"},{"Key":"HasRefresh","DisplayName":"Has Refresh","FieldType":"Boolean","DefaultValue":"True","Description":"Has Refresh","List":""},{"Key":"RefreshTooltip","DisplayName":"Refresh Tooltip","FieldType":"String","DefaultValue":"","Description":"Refresh Tooltip","List":""},{"Key":"HasDeleteAll","DisplayName":"Has Delete All","FieldType":"Boolean","DefaultValue":"False","Description":"Has Delete All","List":""},{"Key":"DeleteAllTooltip","DisplayName":"Delete All Tooltip","FieldType":"String","DefaultValue":"","Description":"Delete All Tooltip","List":""},{"Key":"HasToolbarUpload","DisplayName":"Has Upload","FieldType":"Boolean","DefaultValue":"False","Description":"Has Toolbar Upload","List":""},{"Key":"UploadToolbarTooltip","DisplayName":"Upload Tooltip","FieldType":"String","DefaultValue":"","Description":"Upload Toolbar Tooltip","List":""},{"Key":"MultipleFiles","DisplayName":"Allow Multiple Files","FieldType":"Boolean","DefaultValue":"False","Description":"Allow Multiple Files to be Uploaded","List":""},{"Key":"HasListing","DisplayName":"Has Listing","FieldType":"Boolean","DefaultValue":"True","Description":"Has Listing","List":""},{"Key":"ListingTooltip","DisplayName":"Listing Tooltip","FieldType":"String","DefaultValue":"","Description":"Listing Tooltip","List":""},{"Key":"HasBack","DisplayName":"Has Back","FieldType":"Boolean","DefaultValue":"True","Description":"Has Back","List":""},{"Key":"HasEdit","DisplayName":"Has Edit","FieldType":"Boolean","DefaultValue":"True","Description":"Has Edit","List":""},{"Key":"EditTooltip","DisplayName":"Edit Tooltip","FieldType":"String","DefaultValue":"","Description":"Edit Tooltip","List":""},{"Key":"HasClone","DisplayName":"Has Clone","FieldType":"Boolean","DefaultValue":"True","Description":"Has Clone","List":""},{"Key":"CloneTooltip","DisplayName":"Clone Tooltip","FieldType":"String","DefaultValue":"","Description":"Clone Tooltip","List":""},{"Key":"HasDelete","DisplayName":"Has Delete","FieldType":"Boolean","DefaultValue":"True","Description":"Has Delete","List":""},{"Key":"DeleteTooltip","DisplayName":"Delete Tooltip","FieldType":"String","DefaultValue":"","Description":"Delete Tooltip","List":""},{"Key":"BackTooltip","DisplayName":"Back Tooltip","FieldType":"String","DefaultValue":"","Description":"Back Tooltip","List":""},{"Key":"BadgesOutlined","DisplayName":"Badges Outlined","FieldType":"Boolean","DefaultValue":"False","Description":"Badges Outlined","List":""},{"Key":"BadgesSize","DisplayName":"Badges Size","FieldType":"String","DefaultValue":"md","Description":"Badges Size","List":"lg|md|sm|xs|none"},{"Key":"ButtonSize","DisplayName":"Button Size","FieldType":"String","DefaultValue":"md","Description":"Button Size","List":"lg|md|sm|xs|none"},{"Key":"ComponentSize","DisplayName":"Component Size","FieldType":"String","DefaultValue":"sm","Description":"Button Size","List":"lg|md|sm|xs|none"},{"Key":"ButtonsOutlined","DisplayName":"Buttons Outlined","FieldType":"Boolean","DefaultValue":"False","Description":"Buttons Outlined","List":""},{"Key":"Pagination","DisplayName":"Pagination","FieldType":"Boolean","DefaultValue":"True","Description":"Pagination","List":""},{"Key":"ItemsPerPage","DisplayName":"Items Per Page","FieldType":"String","DefaultValue":"5","Description":"Items Per Page","List":""},{"Key":"Visible","DisplayName":"Visible","FieldType":"Boolean","DefaultValue":"True","Description":"If visible.","List":""},{"Key":"PositionStyle","DisplayName":"Position Style","FieldType":"String","DefaultValue":"none","Description":"Position","List":"absolute|fixed|none|relative|static|sticky"},{"Key":"RawPosition","DisplayName":"Position Locations","FieldType":"String","DefaultValue":"t=?; b=?; r=?; l=?","Description":"Position Locations","List":""},{"Key":"MarginAXYTBLR","DisplayName":"Margins","FieldType":"String","DefaultValue":"a=?; x=?; y=?; t=?; b=?; l=?; r=?","Description":"Margins A(all)-X(LR)-Y(TB)-T-B-L-R","List":""},{"Key":"PaddingAXYTBLR","DisplayName":"Paddings","FieldType":"String","DefaultValue":"a=?; x=?; y=?; t=?; b=?; l=?; r=?","Description":"Paddings A(all)-X(LR)-Y(TB)-T-B-L-R","List":""},{"Key":"RawClasses","DisplayName":"Classes (;)","FieldType":"String","DefaultValue":"","Description":"Classes added to the HTML tag.","List":""},{"Key":"RawStyles","DisplayName":"Styles (JSON)","FieldType":"String","DefaultValue":"","Description":"Styles added to the HTML tag. Must be a json String use = and ;","List":""},{"Key":"RawAttributes","DisplayName":"Attributes (JSON)","FieldType":"String","DefaultValue":"","Description":"Attributes added to the HTML tag. Must be a json String use = and ;","List":""}],"events":[{"name":"AlphaClick (item As String)"},{"name":"Click (e As BANanoEvent, Item As Map)"},{"name":"PlatFormName (e As BANanoEvent, Item As Map)"},{"name":"WebSite (e As BANanoEvent, Item As Map)"},{"name":"Google (e As BANanoEvent, Item As Map)"},{"name":"WhatsApp (e As BANanoEvent, Item As Map)"},{"name":"Telegram (e As BANanoEvent, Item As Map)"},{"name":"Email (e As BANanoEvent, Item As Map)"},{"name":"Facebook (e As BANanoEvent, Item As Map)"},{"name":"Instagram (e As BANanoEvent, Item As Map)"},{"name":"Github (e As BANanoEvent, Item As Map)"},{"name":"LinkedIn (e As BANanoEvent, Item As Map)"},{"name":"Telephone (e As BANanoEvent, Item As Map)"},{"name":"Twitter (e As BANanoEvent, Item As Map)"},{"name":"FileChange (e As BANanoEvent)"},{"name":"Custom_FileChange (e As BANanoEvent)"},{"name":"UploadToolbar (e As BANanoEvent)"},{"name":"CustomButton (e As BANanoEvent)"},{"name":"Add (e As BANanoEvent)"},{"name":"Refresh (e As BANanoEvent)"},{"name":"Back (e As BANanoEvent)"},{"name":"DeleteAll (e As BANanoEvent)"},{"name":"PrevPage (e As BANanoEvent)"},{"name":"NextPage (e As BANanoEvent)"},{"name":"Listing (e As BANanoEvent)"},{"name":"Edit (e As BANanoEvent, Item As Map)"},{"name":"Clone (e As BANanoEvent, Item As Map)"},{"name":"Delete (e As BANanoEvent, Item As Map)"}],"methods":[{"name":"Class_Globals","signature":"Class_Globals"},{"name":"Initialize","signature":"Initialize (Callback As Object, Name As String, EventName As String)"},{"name":"ClearFields","signature":"ClearFields"},{"name":"SetComputeValue","signature":"SetComputeValue(subName As String)"},{"name":"SetComputeFullName","signature":"SetComputeFullName(subName As String)"},{"name":"SetComputeTitle","signature":"SetComputeTitle(subName As String)"},{"name":"SetComputeImage","signature":"SetComputeImage(subName As String)"},{"name":"SetComputeBio","signature":"SetComputeBio(subName As String)"},{"name":"getElement","signature":"getElement() As BANanoElement"},{"name":"RemoveClassSaved","signature":"RemoveClassSaved(Prefix As String, attrName As String)"},{"name":"AddComputedStyleMap","signature":"AddComputedStyleMap(ms As Map)"},{"name":"getID","signature":"getID() As String"},{"name":"AddToParent","signature":"AddToParent(targetID As String, props As Map)"},{"name":"Remove","signature":"Remove()"},{"name":"setParentID","signature":"setParentID(s As String)"},{"name":"setTargetID","signature":"setTargetID(s As String)"},{"name":"setElement","signature":"setElement(e As BANanoElement)"},{"name":"Clear","signature":"Clear"},{"name":"Append","signature":"Append(tmp As Object)"},{"name":"SetHTML","signature":"SetHTML(sHTML As String)"},{"name":"LinkExisting","signature":"LinkExisting"},{"name":"TriggerEvent","signature":"TriggerEvent(event As String, params() As String)"},{"name":"getHere","signature":"getHere() As String"},{"name":"AddAttr","signature":"AddAttr(attr As String, text As Object)"},{"name":"AddDataAttr","signature":"AddDataAttr(attr As String, text As String)"},{"name":"GetDataAttr","signature":"GetDataAttr(attr As String) As String"},{"name":"GetAttr","signature":"GetAttr(attr As String) As String"},{"name":"AddClass","signature":"AddClass(text As String)"},{"name":"RemoveClass","signature":"RemoveClass(text As String)"},{"name":"AddAttrMap","signature":"AddAttrMap(ms As Map)"},{"name":"RemoveAttr","signature":"RemoveAttr(attr As String)"},{"name":"AddStyleComputed","signature":"AddStyleComputed(attr As String, text As String)"},{"name":"AddStyleMap","signature":"AddStyleMap(ms As Map)"},{"name":"AddStyle","signature":"AddStyle(k As String, v As String)"},{"name":"setVisible","signature":"setVisible(b As Boolean)"},{"name":"getVisible","signature":"getVisible As Boolean"},{"name":"OnEventMethod\t\t'ignore","signature":"OnEventMethod(event As String, Module As Object, MethodName As String, args As List)\t\t'ignore"},{"name":"getThis","signature":"getThis As BANanoObject"},{"name":"On","signature":"On(event As String, args As List)"},{"name":"OnEvent\t\t\t'ignore","signature":"OnEvent(event As String, Module As Object, methodName As String, args As List)\t\t\t'ignore"},{"name":"setPositionStyle","signature":"setPositionStyle(s As String)"},{"name":"getPositionStyle","signature":"getPositionStyle As String"},{"name":"setPosition","signature":"setPosition(s As String)"},{"name":"getPosition","signature":"getPosition As String"},{"name":"setAttributes","signature":"setAttributes(s As String)"},{"name":"setStyles","signature":"setStyles(s As String)"},{"name":"setClasses","signature":"setClasses(s As String)"},{"name":"setPaddingAXYTBLR","signature":"setPaddingAXYTBLR(s As String)"},{"name":"setMarginAXYTBLR","signature":"setMarginAXYTBLR(s As String)"},{"name":"getAttributes","signature":"getAttributes As String"},{"name":"getStyles","signature":"getStyles As String"},{"name":"getClasses","signature":"getClasses As String"},{"name":"getPaddingAXYTBLR","signature":"getPaddingAXYTBLR As String"},{"name":"getMarginAXYTBLR","signature":"getMarginAXYTBLR As String"},{"name":"getTargetID","signature":"getTargetID As String"},{"name":"OnChildEvent\t\t'ignore","signature":"OnChildEvent(child As String, event As String, Module As Object, methodName As String, args As List)\t\t'ignore"},{"name":"DesignerCreateView","signature":"DesignerCreateView (Target As BANanoElement, Props As Map)"},{"name":"AddPlatForm","signature":"AddPlatForm(platformName As String, fieldName As String, icon As String)"},{"name":"SetItems","signature":"SetItems(profiles As List)"},{"name":"AddProfile","signature":"AddProfile(profile As Map)"},{"name":"AddProfileActionButtonIcon","signature":"AddProfileActionButtonIcon(pos As Int, btnID As String, sIcon As String, btnColor As String, profile As Map) As SDUIButton"},{"name":"AddProfileToolbarActionButtonIcon","signature":"AddProfileToolbarActionButtonIcon(pos As Int, btnID As String, sIcon As String, btnColor As String, profile As Map) As SDUIButton"},{"name":"setProgressValue","signature":"setProgressValue(s As String)"},{"name":"setProgressLabel","signature":"setProgressLabel(s As String)"},{"name":"setWebSite","signature":"setWebSite(s As String)"},{"name":"setBio","signature":"setBio(s As String)"},{"name":"setEmail","signature":"setEmail(s As String)"},{"name":"setFacebook","signature":"setFacebook(s As String)"},{"name":"setFullname","signature":"setFullname(s As String)"},{"name":"setImage","signature":"setImage(s As String)"},{"name":"setGithub","signature":"setGithub(s As String)"},{"name":"setInstagram","signature":"setInstagram(s As String)"},{"name":"setLinkedin","signature":"setLinkedin(s As String)"},{"name":"setShape","signature":"setShape(s As String)"},{"name":"setTelephone","signature":"setTelephone(s As String)"},{"name":"setTitle","signature":"setTitle(s As String)"},{"name":"setTeamTitle","signature":"setTeamTitle(s As String)"},{"name":"setTwitter","signature":"setTwitter(s As String)"},{"name":"getBio","signature":"getBio As String"},{"name":"getEmail","signature":"getEmail As String"},{"name":"getFacebook","signature":"getFacebook As String"},{"name":"getFullname","signature":"getFullname As String"},{"name":"getGithub","signature":"getGithub As String"},{"name":"getInstagram","signature":"getInstagram As String"},{"name":"getLinkedin","signature":"getLinkedin As String"},{"name":"getShape","signature":"getShape As String"},{"name":"getTelephone","signature":"getTelephone As String"},{"name":"getTitle","signature":"getTitle As String"},{"name":"getTwitter","signature":"getTwitter As String"},{"name":"SetAlphaChooser","signature":"SetAlphaChooser(Status As Boolean, Height As String, ColumnName As String)"},{"name":"setAddNewTooltip","signature":"setAddNewTooltip(s As String)"},{"name":"setBackTooltip","signature":"setBackTooltip(s As String)"},{"name":"setBadgesOutlined","signature":"setBadgesOutlined(b As Boolean)"},{"name":"setBadgesSize","signature":"setBadgesSize(s As String)"},{"name":"setButtonSize","signature":"setButtonSize(s As String)"},{"name":"setDeleteAllTooltip","signature":"setDeleteAllTooltip(s As String)"},{"name":"setHasAddnew","signature":"setHasAddnew(b As Boolean)"},{"name":"setGoogle","signature":"setGoogle(s As String)"},{"name":"setHasListing","signature":"setHasListing(b As Boolean)"},{"name":"setListingTooltip","signature":"setListingTooltip(s As String)"},{"name":"getGoogle","signature":"getGoogle As String"},{"name":"getHasListing","signature":"getHasListing As Boolean"},{"name":"getListingTooltip","signature":"getListingTooltip As String"},{"name":"setHasBack","signature":"setHasBack(b As Boolean)"},{"name":"setHasDeleteAll","signature":"setHasDeleteAll(b As Boolean)"},{"name":"setHasRefresh","signature":"setHasRefresh(b As Boolean)"},{"name":"setHasSearch","signature":"setHasSearch(b As Boolean)"},{"name":"setHasToolbarUpload","signature":"setHasToolbarUpload(b As Boolean)"},{"name":"setItemsPerPage","signature":"setItemsPerPage(s As String)"},{"name":"setMultipleFiles","signature":"setMultipleFiles(b As Boolean)"},{"name":"setPagination","signature":"setPagination(b As Boolean)"},{"name":"setRefreshTooltip","signature":"setRefreshTooltip(s As String)"},{"name":"setSearchSize","signature":"setSearchSize(s As String)"},{"name":"setUploadToolbarTooltip","signature":"setUploadToolbarTooltip(s As String)"},{"name":"getAddNewTooltip","signature":"getAddNewTooltip As String"},{"name":"getBackTooltip","signature":"getBackTooltip As String"},{"name":"getBadgesOutlined","signature":"getBadgesOutlined As Boolean"},{"name":"getBadgesSize","signature":"getBadgesSize As String"},{"name":"getButtonSize","signature":"getButtonSize As String"},{"name":"getDeleteAllTooltip","signature":"getDeleteAllTooltip As String"},{"name":"getHasAddnew","signature":"getHasAddnew As Boolean"},{"name":"getHasBack","signature":"getHasBack As Boolean"},{"name":"getHasDeleteAll","signature":"getHasDeleteAll As Boolean"},{"name":"getHasRefresh","signature":"getHasRefresh As Boolean"},{"name":"getHasSearch","signature":"getHasSearch As Boolean"},{"name":"getHasToolbarUpload","signature":"getHasToolbarUpload As Boolean"},{"name":"getItemsPerPage","signature":"getItemsPerPage As String"},{"name":"getMultipleFiles","signature":"getMultipleFiles As Boolean"},{"name":"getPagination","signature":"getPagination As Boolean"},{"name":"getRefreshTooltip","signature":"getRefreshTooltip As String"},{"name":"getSearchSize","signature":"getSearchSize As String"},{"name":"getUploadToolbarTooltip","signature":"getUploadToolbarTooltip As String"},{"name":"AddToolbarButton","signature":"AddToolbarButton(btnID As String, btnCaption As String, btnColor As String) As SDUIButton"},{"name":"AddToolbarActionButton","signature":"AddToolbarActionButton(btnID As String, btnCaption As String, btnColor As String) As SDUIButton"},{"name":"SetToolbarButtonToolTip","signature":"SetToolbarButtonToolTip(btnID As String, tooltip As String, color As String, position As String, normalcase As Boolean)"},{"name":"AddToolbarButtonIcon","signature":"AddToolbarButtonIcon(btnID As String, sIcon As String, btnColor As String) As SDUIButton"},{"name":"AddToolbarFileUpload","signature":"AddToolbarFileUpload(btnID As String, sIcon As String, btnColor As String) As SDUIButton"},{"name":"AddToolbarFileUpload1","signature":"AddToolbarFileUpload1(btnID As String, sIcon As String, btnColor As String, bMultiple As Boolean) As SDUIButton"},{"name":"AddToolbarActionButtonIconTextColor","signature":"AddToolbarActionButtonIconTextColor(btnID As String, sIcon As String, btnColor As String, btnTextColor As String) As SDUIButton"},{"name":"AddToolbarButtonTextColor","signature":"AddToolbarButtonTextColor(btnID As String, btnCaption As String, btnColor As String, btnTextColor As String) As SDUIButton"},{"name":"AddToolbarActionButtonIcon","signature":"AddToolbarActionButtonIcon(btnID As String, sIcon As String, btnColor As String) As SDUIButton"},{"name":"AddToolbarDropDownIconTextColor","signature":"AddToolbarDropDownIconTextColor(btnID As String, sIcon As String, btnColor As String, btnTextColor As String) As SDUIDropDown"},{"name":"AddToolbarDropDownIcon","signature":"AddToolbarDropDownIcon(btnID As String, sIcon As String, btnColor As String) As SDUIDropDown"},{"name":"AddToolbarDropDown","signature":"AddToolbarDropDown(btnID As String, btnColor As String, btnLabel As String) As SDUIDropDown"},{"name":"AddToolbarDropDownAvatar","signature":"AddToolbarDropDownAvatar(btnID As Object, sSize As String, ImgURL As String) As SDUIDropDown"},{"name":"AddToolbarSelect","signature":"AddToolbarSelect(id As String, prependIcon As String, appendIcon As String, options As Map) As SDUISelect"},{"name":"AddToolbarSelectNormal","signature":"AddToolbarSelectNormal(id As String, options As Map) As SDUISelect"},{"name":"AddToolbarTextBox","signature":"AddToolbarTextBox(id As String, prependIcon As String, appendIcon As String) As SDUITextBox"},{"name":"AddToolbarTextBoxNormal","signature":"AddToolbarTextBoxNormal(id As String) As SDUITextBox"},{"name":"setComponentSize","signature":"setComponentSize(s As String)"},{"name":"setButtonsOutlined","signature":"setButtonsOutlined(b As Boolean)"},{"name":"SetSearchPlaceholder","signature":"SetSearchPlaceholder(s As String)"},{"name":"SetToolbarButtonBadge","signature":"SetToolbarButtonBadge(btn As String, value As String)"},{"name":"SetToolbarButtonBadgeColor","signature":"SetToolbarButtonBadgeColor(btn As String, value As String)"},{"name":"SetToolbarButtonBadgeSize","signature":"SetToolbarButtonBadgeSize(btn As String, value As String)"},{"name":"SetToolbarButtonBadgeRound","signature":"SetToolbarButtonBadgeRound(btn As String)"},{"name":"SetToolbarButtonBadgeTextColor","signature":"SetToolbarButtonBadgeTextColor(btn As String, value As String)"},{"name":"SetToolbarButtonTextColor","signature":"SetToolbarButtonTextColor(btn As String, value As String)"},{"name":"SetToolbarButtonVisible","signature":"SetToolbarButtonVisible(btn As String, value As Boolean)"},{"name":"SetToolbarButtonColor","signature":"SetToolbarButtonColor(btn As String, value As String)"},{"name":"setDeleteAllLoading","signature":"setDeleteAllLoading(b As Boolean)"},{"name":"setToolbarUploadLoading","signature":"setToolbarUploadLoading(b As Boolean)"},{"name":"setToolbarUploadDisabled","signature":"setToolbarUploadDisabled(b As Boolean)"},{"name":"setDeleteAllDisabled","signature":"setDeleteAllDisabled(b As Boolean)"},{"name":"ShowPreviousPage","signature":"ShowPreviousPage(event As BANanoEvent)"},{"name":"ShowNextPage","signature":"ShowNextPage(event As BANanoEvent)"},{"name":"getCurrentPage","signature":"getCurrentPage As Int"},{"name":"ShowPage","signature":"ShowPage(pgNumber As Int)"},{"name":"setPrevPageDisabled","signature":"setPrevPageDisabled(b As Boolean)"},{"name":"setNextPageDisabled","signature":"setNextPageDisabled(b As Boolean)"},{"name":"SetToolbarButtonDisabled","signature":"SetToolbarButtonDisabled(btn As String, b As Boolean)"},{"name":"ToolbarButtonDisabled","signature":"ToolbarButtonDisabled(btn As String, b As Boolean)"},{"name":"SetToolbarButtonEnable","signature":"SetToolbarButtonEnable(btn As String, b As Boolean)"},{"name":"ToolbarButtonEnable","signature":"ToolbarButtonEnable(btn As String, b As Boolean)"},{"name":"SetToolbarButtonLoading","signature":"SetToolbarButtonLoading(btn As String, b As Boolean)"},{"name":"ToolbarButtonLoading","signature":"ToolbarButtonLoading(btn As String, b As Boolean)"},{"name":"SetItemsPaginate","signature":"SetItemsPaginate(xItems As List)"},{"name":"SearchByAlphabet","signature":"SearchByAlphabet(item As String, columnName As String) As List"},{"name":"SetPrevPageTooltip","signature":"SetPrevPageTooltip(tooltip As String, color As String, position As String, normalcase As Boolean)"},{"name":"SetNextPageTooltip","signature":"SetNextPageTooltip(tooltip As String, color As String, position As String, normalcase As Boolean)"},{"name":"setCloneTooltip","signature":"setCloneTooltip(s As String)"},{"name":"setDeleteTooltip","signature":"setDeleteTooltip(s As String)"},{"name":"setEditTooltip","signature":"setEditTooltip(s As String)"},{"name":"setHasClone","signature":"setHasClone(b As Boolean)"},{"name":"setHasDelete","signature":"setHasDelete(b As Boolean)"},{"name":"setHasEdit","signature":"setHasEdit(b As Boolean)"},{"name":"setTelegram","signature":"setTelegram(s As String)"},{"name":"setWhatsapp","signature":"setWhatsapp(s As String)"},{"name":"getCloneTooltip","signature":"getCloneTooltip As String"},{"name":"getDeleteTooltip","signature":"getDeleteTooltip As String"},{"name":"getEditTooltip","signature":"getEditTooltip As String"},{"name":"getHasClone","signature":"getHasClone As Boolean"},{"name":"getHasDelete","signature":"getHasDelete As Boolean"},{"name":"getHasEdit","signature":"getHasEdit As Boolean"},{"name":"getTelegram","signature":"getTelegram As String"},{"name":"getWhatsapp","signature":"getWhatsapp As String"},{"name":"getWebSite","signature":"getWebSite As String"},{"name":"Show","signature":"Show"},{"name":"Hide","signature":"Hide"},{"name":"setRefreshLoading","signature":"setRefreshLoading(b As Boolean)"},{"name":"setAddLoading","signature":"setAddLoading(b As Boolean)"},{"name":"getParentID","signature":"getParentID As String"},{"name":"getTeamTitle","signature":"getTeamTitle As String"},{"name":"getImage","signature":"getImage As String"},{"name":"getComponentSize","signature":"getComponentSize As String"},{"name":"getButtonsOutlined","signature":"getButtonsOutlined As Boolean"}]}