{"properties":[{"Key":"ParentID","DisplayName":"ParentID","FieldType":"String","DefaultValue":"","Description":"The ParentID of this div","List":""},{"Key":"BadgeType","DisplayName":"Badge Type","FieldType":"String","DefaultValue":"default","Description":"Badge Type","List":"default|image-left|image-right|icon-left|icon-right|icon-closeable|chip-group"},{"Key":"Variant","DisplayName":"Variant","FieldType":"String","DefaultValue":"","Description":"Variant","List":"accent|error|ghost|info|none|primary|secondary|success|warning"},{"Key":"Size","DisplayName":"Badge Size","FieldType":"String","DefaultValue":"none","Description":"Size","List":"lg|md|sm|xs|none"},{"Key":"Caption","DisplayName":"Caption","FieldType":"String","DefaultValue":"Badge","Description":"Caption","List":""},{"Key":"Image","DisplayName":"Image Url","FieldType":"String","DefaultValue":"./assets/mashy.jpg","Description":"Image Url","List":""},{"Key":"AvatarSize","DisplayName":"Avatar Size / Height","FieldType":"String","DefaultValue":"8","Description":"Avatar Size / Height","List":""},{"Key":"AspectSquare","DisplayName":"Aspect Square","FieldType":"Boolean","DefaultValue":"False","Description":"Aspect Square","List":""},{"Key":"Height","DisplayName":"Height","FieldType":"String","DefaultValue":"","Description":"Height","List":""},{"Key":"Width","DisplayName":"Width","FieldType":"String","DefaultValue":"","Description":"Width","List":""},{"Key":"NoIcons","DisplayName":"No Icons","FieldType":"Boolean","DefaultValue":"False","Description":"Hide Left & Right Icons","List":""},{"Key":"LeftIconName","DisplayName":"Left Icon Name","FieldType":"String","DefaultValue":"fa-solid fa-cake-candles","Description":"Left Icon Name","List":""},{"Key":"RightIconName","DisplayName":"Right Icon Name","FieldType":"String","DefaultValue":"fa-solid fa-xmark","Description":"Right Icon Name","List":""},{"Key":"Outline","DisplayName":"Outline","FieldType":"Boolean","DefaultValue":"False","Description":"Outlined","List":""},{"Key":"Shadow","DisplayName":"Shadow","FieldType":"Boolean","DefaultValue":"False","Description":"Elevation","List":""},{"Key":"BgColor","DisplayName":"Bg Color","FieldType":"String","DefaultValue":"","Description":"Background Color","List":""},{"Key":"BgColorIntensity","DisplayName":"Bg Color Intensity","FieldType":"String","DefaultValue":"","Description":"Background Color Intensity","List":""},{"Key":"TextColor","DisplayName":"Text Color","FieldType":"String","DefaultValue":"","Description":"Text Color","List":""},{"Key":"TextColorIntensity","DisplayName":"Text Color Intensity","FieldType":"String","DefaultValue":"","Description":"Text Color Intensity","List":""},{"Key":"RawKeyValues","DisplayName":"Key Values","FieldType":"String","DefaultValue":"b4a","Description":"Key Values For The Items [k","List":""},{"Key":"Visible","DisplayName":"Visible","FieldType":"Boolean","DefaultValue":"True","Description":"If visible.","List":""},{"Key":"MarginAXYTBLR","DisplayName":"Margins","FieldType":"String","DefaultValue":"a=?; x=?; y=?; t=?; b=?; l=?; r=?","Description":"Margins A-X-Y-T-B-L-R","List":""},{"Key":"PaddingAXYTBLR","DisplayName":"Paddings","FieldType":"String","DefaultValue":"a=?; x=?; y=?; t=?; b=?; l=?; r=?","Description":"Paddings A-X-Y-T-B-L-R","List":""},{"Key":"RawClasses","DisplayName":"Classes","FieldType":"String","DefaultValue":"","Description":"Classes added to the HTML tag.","List":""},{"Key":"RawStyles","DisplayName":"Styles","FieldType":"String","DefaultValue":"","Description":"Styles added to the HTML tag. Must be a json String- use =","List":""},{"Key":"RawAttributes","DisplayName":"Attributes","FieldType":"String","DefaultValue":"","Description":"Attributes added to the HTML tag. Must be a json String- use =","List":""}],"events":[{"name":"Click (e As BANanoEvent)"},{"name":"CloseClick (e As BANanoEvent)"},{"name":"Selected (Chips As String)"}],"methods":[{"name":"Initialize","signature":"Initialize (CallBack As Object, cName As String, EventName As String)"},{"name":"ClearChips","signature":"ClearChips"},{"name":"RemoveClass","signature":"RemoveClass(xText As String)"},{"name":"SetItemsChips","signature":"SetItemsChips(Items As Map)"},{"name":"GetSelectedChips","signature":"GetSelectedChips As String"},{"name":"GetChips","signature":"GetChips As String"},{"name":"SetSelectedChips","signature":"SetSelectedChips(items As String)"},{"name":"AddBadgeLeftIcon","signature":"AddBadgeLeftIcon(mCallback As Object, ParentID As String, ID As String, Icon As String, Label As String, Size As String)"},{"name":"AddBadgeRightIcon","signature":"AddBadgeRightIcon(mCallback As Object, ParentID As String, ID As String, Icon As String, Label As String, Size As String)"},{"name":"AddBadge","signature":"AddBadge(mCallback As Object, ParentID As String, ID As String, Label As String)"},{"name":"setIsTemplate","signature":"setIsTemplate(b As Boolean)"},{"name":"AddBadgeEmpty","signature":"AddBadgeEmpty(mCallback As Object, ParentID As String, ID As String)"},{"name":"AddBadgeLeftAvatar","signature":"AddBadgeLeftAvatar(mCallback As Object, ParentID As String, ID As String, ImageUrl As String, Label As String, Size As String)"},{"name":"AddBadgeRightAvatar","signature":"AddBadgeRightAvatar(mCallback As Object, ParentID As String, ID As String, ImageUrl As String, Label As String, Size As String)"},{"name":"setImageUrl","signature":"setImageUrl(s As String)"},{"name":"getImageUrl","signature":"getImageUrl As String"},{"name":"setRightIconName","signature":"setRightIconName(i As String)"},{"name":"setLeftIconName","signature":"setLeftIconName(i As String)"},{"name":"AssignElement","signature":"AssignElement(mCallback As Object,ID As String)"},{"name":"Enable","signature":"Enable"},{"name":"Disable","signature":"Disable"},{"name":"Show","signature":"Show"},{"name":"Hide","signature":"Hide"},{"name":"On","signature":"On(event As String, CallBack As Object, MethodName As String)"},{"name":"getName","signature":"getName As String"},{"name":"getHere","signature":"getHere As String"},{"name":"setCaption","signature":"setCaption(l As String)"},{"name":"HideIfZero","signature":"HideIfZero"},{"name":"getCaption","signature":"getCaption As String"},{"name":"setOutline","signature":"setOutline(b As Boolean)"},{"name":"setIsRound","signature":"setIsRound(b As Boolean)"},{"name":"setAspectSquare","signature":"setAspectSquare(b As Boolean)"},{"name":"setRoundedFull","signature":"setRoundedFull(b As Boolean)"},{"name":"setGhost","signature":"setGhost(b As Boolean)"},{"name":"setColor","signature":"setColor(s As String)"},{"name":"setHeight","signature":"setHeight(s As String)"},{"name":"setWidth","signature":"setWidth(s As String)"},{"name":"setSize","signature":"setSize(s As String)"},{"name":"SizeLG","signature":"SizeLG"},{"name":"SizeSM","signature":"SizeSM"},{"name":"SizeMD","signature":"SizeMD"},{"name":"SizeXS","signature":"SizeXS"},{"name":"ColorIntensity","signature":"ColorIntensity(s As String, i As String)"},{"name":"SizeResponsiveLG","signature":"SizeResponsiveLG(xs As Boolean, sm As Boolean, md As Boolean, lg As Boolean)"},{"name":"SizeResponsiveMD","signature":"SizeResponsiveMD(xs As Boolean, sm As Boolean, md As Boolean, lg As Boolean)"},{"name":"SizeResponsiveSM","signature":"SizeResponsiveSM(xs As Boolean, sm As Boolean, md As Boolean, lg As Boolean)"},{"name":"SizeResponsiveXS","signature":"SizeResponsiveXS(xs As Boolean, sm As Boolean, md As Boolean, lg As Boolean)"},{"name":"BGColorIntensity","signature":"BGColorIntensity(c As String, s As String)"},{"name":"TextColorIntensity","signature":"TextColorIntensity(hcolor As String, intensity As String)"},{"name":"TextColor","signature":"TextColor(hcolor As String)"},{"name":"setShadow","signature":"setShadow(s As String)"},{"name":"AddClass","signature":"AddClass(xtext As String)"},{"name":"ToggleClass","signature":"ToggleClass(s As String)"},{"name":"RemoveStyle","signature":"RemoveStyle(s As String)"},{"name":"LoadComponentJson","signature":"LoadComponentJson(designName As String)"},{"name":"AddToParent","signature":"AddToParent(targetID As String, props As Map)"},{"name":"HideOnSmall","signature":"HideOnSmall"},{"name":"HideOnMedium","signature":"HideOnMedium"},{"name":"HideOnLarge","signature":"HideOnLarge"},{"name":"LinkExisting","signature":"LinkExisting"},{"name":"OnEvent\t\t\t'ignore","signature":"OnEvent(event As String, Module As Object, methodName As String, args As List)\t\t\t'ignore"},{"name":"setParentID","signature":"setParentID(s As String)"},{"name":"setBadgeType","signature":"setBadgeType(s As String)"},{"name":"setVariant","signature":"setVariant(s As String)"},{"name":"setImage","signature":"setImage(s As String)"},{"name":"setAvatarSize","signature":"setAvatarSize(s As String)"},{"name":"setNoIcons","signature":"setNoIcons(b As Boolean)"},{"name":"setBgColor","signature":"setBgColor(s As String)"},{"name":"setVisible","signature":"setVisible(b As Boolean)"},{"name":"setMarginAXYTBLR","signature":"setMarginAXYTBLR(s As String)"},{"name":"setPaddingAXYTBLR","signature":"setPaddingAXYTBLR(s As String)"},{"name":"setClasses","signature":"setClasses(s As String)"},{"name":"setStyles","signature":"setStyles(s As String)"},{"name":"setAttributes","signature":"setAttributes(s As String)"},{"name":"getParentID","signature":"getParentID As String"},{"name":"getBadgeType","signature":"getBadgeType As String"},{"name":"getVariant","signature":"getVariant As String"},{"name":"getSize","signature":"getSize As String"},{"name":"getImage","signature":"getImage As String"},{"name":"getAvatarSize","signature":"getAvatarSize As String"},{"name":"getAspectSquare","signature":"getAspectSquare As Boolean"},{"name":"getHeight","signature":"getHeight As String"},{"name":"getWidth","signature":"getWidth As String"},{"name":"getNoIcons","signature":"getNoIcons As Boolean"},{"name":"getLeftIconName","signature":"getLeftIconName As String"},{"name":"getRightIconName","signature":"getRightIconName As String"},{"name":"getOutline","signature":"getOutline As Boolean"},{"name":"getShadow","signature":"getShadow As Boolean"},{"name":"getBgColor","signature":"getBgColor As String"},{"name":"getVisible","signature":"getVisible As Boolean"},{"name":"getMarginAXYTBLR","signature":"getMarginAXYTBLR As String"},{"name":"getPaddingAXYTBLR","signature":"getPaddingAXYTBLR As String"},{"name":"getClasses","signature":"getClasses As String"},{"name":"getStyles","signature":"getStyles As String"},{"name":"getAttributes","signature":"getAttributes As String"},{"name":"setKeyValues","signature":"setKeyValues(s As String)"},{"name":"getKeyValues","signature":"getKeyValues As String"},{"name":"Off","signature":"Off(event As String)"}]}