{"properties":[{"Key":"ParentID","DisplayName":"ParentID","FieldType":"String","DefaultValue":"","Description":"The ParentID of this div","List":""},{"Key":"Caption","DisplayName":"Caption","FieldType":"String","DefaultValue":"CheckBox 1","Description":"Caption","List":""},{"Key":"TermsConditionsCaption","DisplayName":"Terms Conditions Caption","FieldType":"String","DefaultValue":"","Description":"Terms Conditions Caption","List":""},{"Key":"TermsConditionsUrl","DisplayName":"Terms Conditions Url","FieldType":"String","DefaultValue":"","Description":"Terms Conditions Url","List":""},{"Key":"PrivacyPolicyCaption","DisplayName":"Privacy Policy Caption","FieldType":"String","DefaultValue":"","Description":"Privacy Policy Caption","List":""},{"Key":"PrivacyPolicyUrl","DisplayName":"Privacy Policy Url","FieldType":"String","DefaultValue":"","Description":"Privacy Policy Url","List":""},{"Key":"GroupName","DisplayName":"Group Name","FieldType":"String","DefaultValue":"","Description":"Group Name","List":""},{"Key":"Variant","DisplayName":"Variant","FieldType":"String","DefaultValue":"neutral","Description":"Variant","List":"accent|error|ghost|info|none|nuetral|primary|secondary|success|warning"},{"Key":"Value","DisplayName":"Value","FieldType":"String","DefaultValue":"","Description":"Value","List":""},{"Key":"Checked","DisplayName":"Checked","FieldType":"Boolean","DefaultValue":"False","Description":"Checked","List":""},{"Key":"CheckedColor","DisplayName":"Check Mark Color (Hex)","FieldType":"String","DefaultValue":"","Description":"The color of the check mark (Hex)","List":""},{"Key":"CheckedBGColor","DisplayName":"Checked BG Color (Hex)","FieldType":"String","DefaultValue":"","Description":"Checked background Color (Hex)","List":""},{"Key":"Disabled","DisplayName":"Disabled","FieldType":"Boolean","DefaultValue":"False","Description":"If Disabled","List":""},{"Key":"Placement","DisplayName":"Placement","FieldType":"String","DefaultValue":"left","Description":"Placement Of The Component","List":"left|right"},{"Key":"ReadOnly","DisplayName":"Read Only","FieldType":"Boolean","DefaultValue":"False","Description":"Read Only","List":""},{"Key":"Size","DisplayName":"Size","FieldType":"String","DefaultValue":"none","Description":"Size","List":"lg|md|sm|xs|none"},{"Key":"Width","DisplayName":"Width","FieldType":"String","DefaultValue":"full","Description":"Width","List":""},{"Key":"Indeterminate","DisplayName":"Indeterminate","FieldType":"Boolean","DefaultValue":"False","Description":"Indeterminate","List":""},{"Key":"AutoFocus","DisplayName":"Auto Focus","FieldType":"Boolean","DefaultValue":"False","Description":"Auto Focus","List":""},{"Key":"TextColor","DisplayName":"Text Color","FieldType":"String","DefaultValue":"","Description":"Text Color","List":""},{"Key":"TextColorIntensity","DisplayName":"Text Color Intensity","FieldType":"String","DefaultValue":"","Description":"Text Color Intensity","List":""},{"Key":"Visible","DisplayName":"Visible","FieldType":"Boolean","DefaultValue":"True","Description":"If visible.","List":""},{"Key":"MarginAXYTBLR","DisplayName":"Margins","FieldType":"String","DefaultValue":"a=?; x=?; y=?; t=?; b=?; l=?; r=?","Description":"Margins A-X-Y-T-B-L-R","List":""},{"Key":"PaddingAXYTBLR","DisplayName":"Paddings","FieldType":"String","DefaultValue":"a=?; x=?; y=?; t=?; b=?; l=?; r=?","Description":"Paddings A-X-Y-T-B-L-R","List":""},{"Key":"RawClasses","DisplayName":"Classes","FieldType":"String","DefaultValue":"","Description":"Classes added to the HTML tag.","List":""},{"Key":"RawStyles","DisplayName":"Styles","FieldType":"String","DefaultValue":"","Description":"Styles added to the HTML tag. Must be a json String- use =","List":""},{"Key":"RawAttributes","DisplayName":"Attributes","FieldType":"String","DefaultValue":"","Description":"Attributes added to the HTML tag. Must be a json String- use =","List":""}],"events":[{"name":"Change (Checked As Boolean)"}],"methods":[{"name":"Initialize","signature":"Initialize (CallBack As Object, cName As String, EventName As String)"},{"name":"setW","signature":"setW(v As String)"},{"name":"AddCheckBox","signature":"AddCheckBox(mCallback As Object, ParentID As String, ID As String)"},{"name":"setFieldName","signature":"setFieldName(s As String)"},{"name":"AddCheckBoxLabel","signature":"AddCheckBoxLabel(mCallback As Object, ParentID As String, ID As String, Label As String, CheckBoxPosition As String)"},{"name":"IsBlank","signature":"IsBlank As Boolean"},{"name":"ResetValidation","signature":"ResetValidation"},{"name":"AssignElement","signature":"AssignElement(mCallBack As Object, ID As String)"},{"name":"setAutoFocus","signature":"setAutoFocus(p As Boolean)"},{"name":"Enable","signature":"Enable"},{"name":"Disable","signature":"Disable"},{"name":"Show","signature":"Show"},{"name":"Hide","signature":"Hide"},{"name":"Toggle","signature":"Toggle"},{"name":"getChecked","signature":"getChecked As Object"},{"name":"setChecked","signature":"setChecked(s As Object)"},{"name":"setIndeterminate","signature":"setIndeterminate (b As Boolean)"},{"name":"getIndeterminate","signature":"getIndeterminate As Boolean"},{"name":"getDisabled","signature":"getDisabled As Boolean"},{"name":"On","signature":"On(event As String, CallBack As Object, MethodName As String)"},{"name":"getHere","signature":"getHere As String"},{"name":"getName","signature":"getName As String"},{"name":"setCaption","signature":"setCaption(l As String)"},{"name":"setColor","signature":"setColor(s As String)"},{"name":"setSize","signature":"setSize(s As String)"},{"name":"setRequired","signature":"setRequired(b As Boolean)"},{"name":"setReadOnly","signature":"setReadOnly(b As Boolean)"},{"name":"SizeLG","signature":"SizeLG"},{"name":"SizeSM","signature":"SizeSM"},{"name":"SizeMD","signature":"SizeMD"},{"name":"SizeXS","signature":"SizeXS"},{"name":"SizeLGResponsive","signature":"SizeLGResponsive(xs As Boolean, sm As Boolean, md As Boolean, lg As Boolean)"},{"name":"SizeMDResponsive","signature":"SizeMDResponsive(xs As Boolean, sm As Boolean, md As Boolean, lg As Boolean)"},{"name":"SizeSMResponsive","signature":"SizeSMResponsive(xs As Boolean, sm As Boolean, md As Boolean, lg As Boolean)"},{"name":"SizeXSResponsive","signature":"SizeXSResponsive(xs As Boolean, sm As Boolean, md As Boolean, lg As Boolean)"},{"name":"setCheckMarkColor","signature":"setCheckMarkColor(c As String)"},{"name":"AddClass","signature":"AddClass(xText As String)"},{"name":"ToggleClass","signature":"ToggleClass(s As String)"},{"name":"RemoveStyle","signature":"RemoveStyle(s As String)"},{"name":"setCheckedColor","signature":"setCheckedColor(s As String)"},{"name":"setBorderColor","signature":"setBorderColor(s As String)"},{"name":"setCheckedBGColor","signature":"setCheckedBGColor(c As String)"},{"name":"AddToParent","signature":"AddToParent(targetID As String, props As Map)"},{"name":"focus","signature":"focus"},{"name":"HideOnSmall","signature":"HideOnSmall"},{"name":"HideOnMedium","signature":"HideOnMedium"},{"name":"HideOnLarge","signature":"HideOnLarge"},{"name":"LinkExisting","signature":"LinkExisting"},{"name":"OnEvent\t\t\t'ignore","signature":"OnEvent(event As String, Module As Object, methodName As String, args As List)\t\t\t'ignore"},{"name":"setParentID","signature":"setParentID(s As String)"},{"name":"setVariant","signature":"setVariant(s As String)"},{"name":"setDisabled","signature":"setDisabled(b As Boolean)"},{"name":"setPlacement","signature":"setPlacement(s As String)"},{"name":"setWidth","signature":"setWidth(s As String)"},{"name":"setTextColor","signature":"setTextColor(s As String)"},{"name":"setTextColorIntensity","signature":"setTextColorIntensity(s As String)"},{"name":"setVisible","signature":"setVisible(b As Boolean)"},{"name":"setMarginAXYTBLR","signature":"setMarginAXYTBLR(s As String)"},{"name":"setPaddingAXYTBLR","signature":"setPaddingAXYTBLR(s As String)"},{"name":"setClasses","signature":"setClasses(s As String)"},{"name":"setStyles","signature":"setStyles(s As String)"},{"name":"setAttributes","signature":"setAttributes(s As String)"},{"name":"getParentID","signature":"getParentID As String"},{"name":"getCaption","signature":"getCaption As String"},{"name":"getVariant","signature":"getVariant As String"},{"name":"getCheckedColor","signature":"getCheckedColor As String"},{"name":"getCheckedBGColor","signature":"getCheckedBGColor As String"},{"name":"getPlacement","signature":"getPlacement As String"},{"name":"getReadOnly","signature":"getReadOnly As Boolean"},{"name":"getSize","signature":"getSize As String"},{"name":"getWidth","signature":"getWidth As String"},{"name":"getAutoFocus","signature":"getAutoFocus As Boolean"},{"name":"getTextColor","signature":"getTextColor As String"},{"name":"getTextColorIntensity","signature":"getTextColorIntensity As String"},{"name":"getVisible","signature":"getVisible As Boolean"},{"name":"getMarginAXYTBLR","signature":"getMarginAXYTBLR As String"},{"name":"getPaddingAXYTBLR","signature":"getPaddingAXYTBLR As String"},{"name":"getClasses","signature":"getClasses As String"},{"name":"getStyles","signature":"getStyles As String"},{"name":"getAttributes","signature":"getAttributes As String"},{"name":"AddAttr","signature":"AddAttr(attr As String, xText As Object)"},{"name":"setGroupName","signature":"setGroupName(s As String)"},{"name":"getGroupName","signature":"getGroupName As String"},{"name":"getValue","signature":"getValue As String"},{"name":"setValue","signature":"setValue(s As String)"},{"name":"getCheckedItems","signature":"getCheckedItems As String"},{"name":"setCheckItems","signature":"setCheckItems(s As String)"},{"name":"setPrivacyPolicyCaption","signature":"setPrivacyPolicyCaption(s As String)"},{"name":"setPrivacyPolicyUrl","signature":"setPrivacyPolicyUrl(s As String)"},{"name":"setTermsConditionsCaption","signature":"setTermsConditionsCaption(s As String)"},{"name":"setTermsConditionsUrl","signature":"setTermsConditionsUrl(s As String)"},{"name":"getPrivacyPolicyCaption","signature":"getPrivacyPolicyCaption As String"},{"name":"getPrivacyPolicyUrl","signature":"getPrivacyPolicyUrl As String"},{"name":"getTermsConditionsCaption","signature":"getTermsConditionsCaption As String"},{"name":"getTermsConditionsUrl","signature":"getTermsConditionsUrl As String"}]}