{"properties":[{"Key":"ParentID","DisplayName":"ParentID","FieldType":"String","DefaultValue":"","Description":"The ParentID of this div","List":""},{"Key":"Height","DisplayName":"Height","FieldType":"String","DefaultValue":"400","Description":"The Height Of The Editor.","List":""},{"Key":"Width","DisplayName":"Width","FieldType":"String","DefaultValue":"900","Description":"The Width Of The Editor.","List":""},{"Key":"IconsLibrary","DisplayName":"Icons Library","FieldType":"String","DefaultValue":"fontawesome","Description":"The Name Of The Icons Library That Is Going To Be In Use.","List":""},{"Key":"Locale","DisplayName":"Locale","FieldType":"String","DefaultValue":"en-us","Description":"The Language That Needs To Be In Use.","List":""},{"Key":"UiLibrary","DisplayName":"Ui Library","FieldType":"String","DefaultValue":"materialdesign","Description":"The Name Of The Ui Library That Is Going To Be In Use","List":""},{"Key":"Visible","DisplayName":"Visible","FieldType":"Boolean","DefaultValue":"True","Description":"If visible.","List":""},{"Key":"MarginAXYTBLR","DisplayName":"Margins","FieldType":"String","DefaultValue":"a=?; x=?; y=?; t=?; b=?; l=?; r=?","Description":"Margins A-X-Y-T-B-L-R","List":""},{"Key":"PaddingAXYTBLR","DisplayName":"Paddings","FieldType":"String","DefaultValue":"a=?; x=?; y=?; t=?; b=?; l=?; r=?","Description":"Paddings A-X-Y-T-B-L-R","List":""},{"Key":"RawClasses","DisplayName":"Classes","FieldType":"String","DefaultValue":"","Description":"Classes added to the HTML tag.","List":""},{"Key":"RawStyles","DisplayName":"Styles","FieldType":"String","DefaultValue":"","Description":"Styles added to the HTML tag. Must be a json String- use =","List":""},{"Key":"RawAttributes","DisplayName":"Attributes","FieldType":"String","DefaultValue":"","Description":"Attributes added to the HTML tag. Must be a json String- use =","List":""}],"events":[{"name":"Changed (e As BANanoEvent)"},{"name":"Changing (e As BANanoEvent)"}],"methods":[{"name":"Class_Globals","signature":"Class_Globals"},{"name":"DesignerCreateView","signature":"DesignerCreateView (Target As BANanoElement, Props As Map)"},{"name":"Initialize","signature":"Initialize (CallBack As Object, cName As String, EventName As String)"},{"name":"shadow","signature":"shadow(s As String)"},{"name":"RoundedBox","signature":"RoundedBox"},{"name":"setHeight","signature":"setHeight(s As String)"},{"name":"setIconsLibrary","signature":"setIconsLibrary(s As String)"},{"name":"setLocale","signature":"setLocale(s As String)"},{"name":"setUiLibrary","signature":"setUiLibrary(s As String)"},{"name":"setWidth","signature":"setWidth(s As String)"},{"name":"AssignElement","signature":"AssignElement(mCallBack As Object, ID As String)"},{"name":"Enable","signature":"Enable"},{"name":"Disable","signature":"Disable"},{"name":"getName","signature":"getName As String"},{"name":"getHere","signature":"getHere As String"},{"name":"Show","signature":"Show"},{"name":"Hide","signature":"Hide"},{"name":"AddToParent","signature":"AddToParent(targetID As String, props As Map)"},{"name":"AddEditor","signature":"AddEditor(mCallback As Object, ParentID As String, ID As String)"},{"name":"Refresh","signature":"Refresh"},{"name":"setParentID","signature":"setParentID(s As String)"},{"name":"setContent","signature":"setContent(text As String)"},{"name":"setValue","signature":"setValue(stext As String)"},{"name":"getValue","signature":"getValue As String"},{"name":"getContent","signature":"getContent As String"},{"name":"setVisible","signature":"setVisible(b As Boolean)"},{"name":"setMarginAXYTBLR","signature":"setMarginAXYTBLR(s As String)"},{"name":"setPaddingAXYTBLR","signature":"setPaddingAXYTBLR(s As String)"},{"name":"setClasses","signature":"setClasses(s As String)"},{"name":"setStyles","signature":"setStyles(s As String)"},{"name":"setAttributes","signature":"setAttributes(s As String)"},{"name":"getParentID","signature":"getParentID As String"},{"name":"getHeight","signature":"getHeight As String"},{"name":"getWidth","signature":"getWidth As String"},{"name":"getIconsLibrary","signature":"getIconsLibrary As String"},{"name":"getLocale","signature":"getLocale As String"},{"name":"getUiLibrary","signature":"getUiLibrary As String"},{"name":"getVisible","signature":"getVisible As Boolean"},{"name":"getMarginAXYTBLR","signature":"getMarginAXYTBLR As String"},{"name":"getPaddingAXYTBLR","signature":"getPaddingAXYTBLR As String"},{"name":"getClasses","signature":"getClasses As String"},{"name":"getStyles","signature":"getStyles As String"},{"name":"getAttributes","signature":"getAttributes As String"}]}