{"properties":[{"Key":"ParentID","DisplayName":"ParentID","FieldType":"String","DefaultValue":"","Description":"The ParentID of this component","List":""},{"Key":"TargetID","DisplayName":"TargetID","FieldType":"String","DefaultValue":"","Description":"The TargetID of this component","List":""},{"Key":"EventName","DisplayName":"Event Name","FieldType":"String","DefaultValue":"none","Description":"Event Name","List":"none"},{"Key":"CrudActions","DisplayName":"Crud Actions","FieldType":"String","DefaultValue":"none","Description":"Crud Actions","List":"create|delete|none|read|update|view"},{"Key":"RawAddClass","DisplayName":"Add Class (JSON)","FieldType":"String","DefaultValue":"","Description":"Add Class (id~class;)","List":""},{"Key":"RawAddStyle","DisplayName":"Add Style (JSON)","FieldType":"String","DefaultValue":"","Description":"Add Style (id~style~value;)","List":""},{"Key":"RawAddAttribute","DisplayName":"Add Attribute (JSON)","FieldType":"String","DefaultValue":"","Description":"Add Attribute (id~attr~value;)","List":""},{"Key":"RawSetText","DisplayName":"Set Text (JSON)","FieldType":"String","DefaultValue":"","Description":"Set Text (id~text;)","List":""},{"Key":"RawSetValue","DisplayName":"Set Value (JSON)","FieldType":"String","DefaultValue":"","Description":"Set Value (id~value;)","List":""},{"Key":"RawCheckedFalse","DisplayName":"Checked False","FieldType":"String","DefaultValue":"","Description":"Checked False","List":"none"},{"Key":"RawCheckedTrue","DisplayName":"Checked True","FieldType":"String","DefaultValue":"","Description":"Checked True","List":"none"},{"Key":"RawToggleClass","DisplayName":"Toggle Class (JSON)","FieldType":"String","DefaultValue":"","Description":"Toggle Class (id~class;)","List":""},{"Key":"RawRemoveClass","DisplayName":"Remove Class (JSON)","FieldType":"String","DefaultValue":"","Description":"Remove Class (id~class;)","List":""},{"Key":"RawRemoveStyle","DisplayName":"Remove Style (JSON)","FieldType":"String","DefaultValue":"","Description":"Remove Style (id~style;)","List":""},{"Key":"RawRemoveAttribute","DisplayName":"Remove Attribute (JSON)","FieldType":"String","DefaultValue":"","Description":"Remove Attribute (id~attr;)","List":""},{"Key":"HasFocus","DisplayName":"Set Focus","FieldType":"String","DefaultValue":"none","Description":"Set Focus","List":"none"},{"Key":"ShowLoading","DisplayName":"Show Loading","FieldType":"String","DefaultValue":"none","Description":"Show Loading","List":"none"},{"Key":"ShowPage","DisplayName":"Show Page","FieldType":"String","DefaultValue":"none","Description":"Show Page","List":"none"},{"Key":"HideModal","DisplayName":"Hide Modal","FieldType":"String","DefaultValue":"none","Description":"Hide Modal","List":"none"},{"Key":"TableName","DisplayName":"Table Name","FieldType":"String","DefaultValue":"","Description":"Table Name","List":""},{"Key":"Url","DisplayName":"Url","FieldType":"String","DefaultValue":"","Description":"Url","List":""},{"Key":"Username","DisplayName":"Username","FieldType":"String","DefaultValue":"","Description":"Username","List":""},{"Key":"Password","DisplayName":"Password","FieldType":"String","DefaultValue":"","Description":"Password","List":""},{"Key":"Port","DisplayName":"Port","FieldType":"String","DefaultValue":"","Description":"Port","List":""},{"Key":"PrimaryField","DisplayName":"Primary Field","FieldType":"String","DefaultValue":"","Description":"Primary Field","List":"none"},{"Key":"NextId","DisplayName":"Next Id","FieldType":"String","DefaultValue":"","Description":"Next Id","List":"none"},{"Key":"DisplayField","DisplayName":"Display Field","FieldType":"String","DefaultValue":"","Description":"Display Field","List":"none"},{"Key":"DisplayValue","DisplayName":"Display Value","FieldType":"String","DefaultValue":"","Description":"Display Value","List":"none"},{"Key":"Singular","DisplayName":"Singular","FieldType":"String","DefaultValue":"","Description":"Singular","List":""},{"Key":"Plural","DisplayName":"Plural","FieldType":"String","DefaultValue":"","Description":"Plural","List":""},{"Key":"RawOrderBy","DisplayName":"Order By","FieldType":"String","DefaultValue":"","Description":"Raw Order By","List":"none"},{"Key":"RawWhere","DisplayName":"Where (JSON)","FieldType":"String","DefaultValue":"","Description":"Raw Where","List":""},{"Key":"SchemaFromDataModel","DisplayName":"Schema From Data Model","FieldType":"Boolean","DefaultValue":"False","Description":"Schema From Data Model","List":""},{"Key":"RawClearValues","DisplayName":"Clear Values","FieldType":"String","DefaultValue":"","Description":"Clear Values","List":"none"},{"Key":"RawClearValidation","DisplayName":"Clear Validation","FieldType":"String","DefaultValue":"","Description":"Raw Validation","List":"none"},{"Key":"RawChangeColor","DisplayName":"Change Color","FieldType":"String","DefaultValue":"","Description":"Change Color","List":""},{"Key":"RawDelete","DisplayName":"Delete","FieldType":"String","DefaultValue":"","Description":"Delete","List":"none"},{"Key":"RawRead","DisplayName":"Read Fields","FieldType":"String","DefaultValue":"","Description":"Read","List":"none"},{"Key":"RawSave","DisplayName":"Save Fields","FieldType":"String","DefaultValue":"","Description":"Save","List":"none"},{"Key":"RawValidate","DisplayName":"Validate Fields","FieldType":"String","DefaultValue":"","Description":"Validate","List":"none"},{"Key":"ShowModal","DisplayName":"Show Modal","FieldType":"String","DefaultValue":"none","Description":"Show Modal","List":"none"},{"Key":"UpdateModalTag","DisplayName":"Update Modal Tag","FieldType":"String","DefaultValue":"","Description":"Update Modal Tag","List":""},{"Key":"UpdateModalTitle","DisplayName":"Update Modal Title","FieldType":"String","DefaultValue":"","Description":"Update Modal Title","List":""},{"Key":"UpdateModalConfirmText","DisplayName":"Update Modal Confirm Text","FieldType":"String","DefaultValue":"","Description":"Update Modal Confirm Text","List":""},{"Key":"ShowAppAlert","DisplayName":"Show App Alert","FieldType":"Boolean","DefaultValue":"False","Description":"Show App Alert","List":""},{"Key":"AlertProcess","DisplayName":"Alert Process","FieldType":"String","DefaultValue":"inform","Description":"Alert Process","List":""},{"Key":"AlertTitle","DisplayName":"Alert Title","FieldType":"String","DefaultValue":"Alert","Description":"Alert Title","List":""},{"Key":"AlertMessage","DisplayName":"Alert Message","FieldType":"String","DefaultValue":"Be informed","Description":"Alert Message","List":""},{"Key":"AlertConfirmText","DisplayName":"Alert Confirm Text","FieldType":"String","DefaultValue":"Ok","Description":"Alert Confirm Text","List":""},{"Key":"ShowAppConfirm","DisplayName":"Show App Confirm","FieldType":"Boolean","DefaultValue":"False","Description":"Show App Confirm","List":""},{"Key":"ConfirmProcess","DisplayName":"Confirm Process","FieldType":"String","DefaultValue":"delete","Description":"Confirm Process","List":""},{"Key":"ConfirmTitle","DisplayName":"Confirm Title","FieldType":"String","DefaultValue":"Confirm","Description":"Confirm Title","List":""},{"Key":"ConfirmMessage","DisplayName":"Confirm Message","FieldType":"String","DefaultValue":"Confirm Message","Description":"Confirm Message","List":""},{"Key":"ConfirmText","DisplayName":"Confirm Text","FieldType":"String","DefaultValue":"Ok","Description":"Confirm Text","List":""},{"Key":"ConfirmCancel","DisplayName":"Confirm Cancel","FieldType":"String","DefaultValue":"Cancel","Description":"Confirm Cancel","List":""},{"Key":"ShowAppLoading","DisplayName":"Show App Loading","FieldType":"Boolean","DefaultValue":"False","Description":"Show App Loading","List":""},{"Key":"HideAppLoading","DisplayName":"Hide App Loading","FieldType":"Boolean","DefaultValue":"False","Description":"Hide App Loading","List":""}],"events":[],"methods":[{"name":"Class_Globals","signature":"Class_Globals"},{"name":"Initialize","signature":"Initialize (Callback As Object, Name As String, EventName As String)"},{"name":"LoadComponentJson","signature":"LoadComponentJson(designName As String)"},{"name":"AddToParent","signature":"AddToParent(targetID As String, props As Map)"},{"name":"setTargetID","signature":"setTargetID(s As String)"},{"name":"getTargetID","signature":"getTargetID As String"},{"name":"DesignerCreateView","signature":"DesignerCreateView (Target As BANanoElement, Props As Map)"},{"name":"setRawCheckedFalse","signature":"setRawCheckedFalse(s As String)"},{"name":"setRawCheckedTrue","signature":"setRawCheckedTrue(s As String)"},{"name":"getRawCheckedFalse","signature":"getRawCheckedFalse As String"},{"name":"getRawCheckedTrue","signature":"getRawCheckedTrue As String"},{"name":"ToString","signature":"ToString As String"},{"name":"setHasFocus","signature":"setHasFocus(s As String)"},{"name":"setRawChangeColor","signature":"setRawChangeColor(s As String)"},{"name":"setCrudActions","signature":"setCrudActions(s As String)"},{"name":"setEventName","signature":"setEventName(s As String)"},{"name":"setHideActionSheet","signature":"setHideActionSheet(s As String)"},{"name":"setHideAlert","signature":"setHideAlert(s As String)"},{"name":"setHideModal","signature":"setHideModal(s As String)"},{"name":"setAddAttribute","signature":"setAddAttribute(s As String)"},{"name":"setAddClass","signature":"setAddClass(s As String)"},{"name":"setAddStyle","signature":"setAddStyle(s As String)"},{"name":"setRemoveAttribute","signature":"setRemoveAttribute(s As String)"},{"name":"setRemoveClass","signature":"setRemoveClass(s As String)"},{"name":"setRemoveStyle","signature":"setRemoveStyle(s As String)"},{"name":"setSetText","signature":"setSetText(s As String)"},{"name":"setSetValue","signature":"setSetValue(s As String)"},{"name":"setToggleClass","signature":"setToggleClass(s As String)"},{"name":"setShowActionSheet","signature":"setShowActionSheet(s As String)"},{"name":"setShowAlert","signature":"setShowAlert(s As String)"},{"name":"setShowLoading","signature":"setShowLoading(s As String)"},{"name":"setShowModal","signature":"setShowModal(s As String)"},{"name":"setShowPage","signature":"setShowPage(s As String)"},{"name":"setShowPopOver","signature":"setShowPopOver(s As String)"},{"name":"setShowToast","signature":"setShowToast(s As String)"},{"name":"getCrudActions","signature":"getCrudActions As String"},{"name":"getEventName","signature":"getEventName As String"},{"name":"getHideActionSheet","signature":"getHideActionSheet As String"},{"name":"getHideAlert","signature":"getHideAlert As String"},{"name":"getHideModal","signature":"getHideModal As String"},{"name":"getAddAttribute","signature":"getAddAttribute As String"},{"name":"getAddClass","signature":"getAddClass As String"},{"name":"getAddStyle","signature":"getAddStyle As String"},{"name":"getRemoveAttribute","signature":"getRemoveAttribute As String"},{"name":"getRemoveClass","signature":"getRemoveClass As String"},{"name":"getRemoveStyle","signature":"getRemoveStyle As String"},{"name":"getSetText","signature":"getSetText As String"},{"name":"getSetValue","signature":"getSetValue As String"},{"name":"getToggleClass","signature":"getToggleClass As String"},{"name":"getShowActionSheet","signature":"getShowActionSheet As String"},{"name":"getShowAlert","signature":"getShowAlert As String"},{"name":"getShowLoading","signature":"getShowLoading As String"},{"name":"getShowModal","signature":"getShowModal As String"},{"name":"getShowPage","signature":"getShowPage As String"},{"name":"getShowPopOver","signature":"getShowPopOver As String"},{"name":"getShowToast","signature":"getShowToast As String"},{"name":"setDisplayField","signature":"setDisplayField(s As String)"},{"name":"setDisplayValue","signature":"setDisplayValue(s As String)"},{"name":"setNextId","signature":"setNextId(s As String)"},{"name":"setPlural","signature":"setPlural(s As String)"},{"name":"setPrimaryField","signature":"setPrimaryField(s As String)"},{"name":"setRawClearValidation","signature":"setRawClearValidation(s As String)"},{"name":"setRawClearValues","signature":"setRawClearValues(s As String)"},{"name":"setRawDelete","signature":"setRawDelete(s As String)"},{"name":"setRawRead","signature":"setRawRead(s As String)"},{"name":"setRawSave","signature":"setRawSave(s As String)"},{"name":"setRawValidate","signature":"setRawValidate(s As String)"},{"name":"setSingular","signature":"setSingular(s As String)"},{"name":"setTableName","signature":"setTableName(s As String)"},{"name":"setUpdateModalTag","signature":"setUpdateModalTag(s As String)"},{"name":"getDisplayField","signature":"getDisplayField As String"},{"name":"getDisplayValue","signature":"getDisplayValue As String"},{"name":"getNextId","signature":"getNextId As String"},{"name":"getPlural","signature":"getPlural As String"},{"name":"getPrimaryField","signature":"getPrimaryField As String"},{"name":"getRawClearValidation","signature":"getRawClearValidation As String"},{"name":"getRawClearValues","signature":"getRawClearValues As String"},{"name":"getRawDelete","signature":"getRawDelete As String"},{"name":"getRawRead","signature":"getRawRead As String"},{"name":"getRawSave","signature":"getRawSave As String"},{"name":"getRawValidate","signature":"getRawValidate As String"},{"name":"getSingular","signature":"getSingular As String"},{"name":"getTableName","signature":"getTableName As String"},{"name":"getUpdateModalTag","signature":"getUpdateModalTag As String"},{"name":"setPassword","signature":"setPassword(s As String)"},{"name":"setPort","signature":"setPort(s As String)"},{"name":"setRawOrderBy","signature":"setRawOrderBy(s As String)"},{"name":"setRawWhere","signature":"setRawWhere(s As String)"},{"name":"setSchemaFromDataModel","signature":"setSchemaFromDataModel(b As Boolean)"},{"name":"setUrl","signature":"setUrl(s As String)"},{"name":"setUsername","signature":"setUsername(s As String)"},{"name":"getPassword","signature":"getPassword As String"},{"name":"getPort","signature":"getPort As String"},{"name":"getRawOrderBy","signature":"getRawOrderBy As String"},{"name":"getRawWhere","signature":"getRawWhere As String"},{"name":"getSchemaFromDataModel","signature":"getSchemaFromDataModel As Boolean"},{"name":"getUrl","signature":"getUrl As String"},{"name":"getUsername","signature":"getUsername As String"},{"name":"setUpdateModalConfirmText","signature":"setUpdateModalConfirmText(s As String)"},{"name":"setUpdateModalTitle","signature":"setUpdateModalTitle(s As String)"},{"name":"setUpdateModalToolbarColor","signature":"setUpdateModalToolbarColor(s As String)"},{"name":"getUpdateModalConfirmText","signature":"getUpdateModalConfirmText As String"},{"name":"getUpdateModalTitle","signature":"getUpdateModalTitle As String"},{"name":"getUpdateModalToolbarColor","signature":"getUpdateModalToolbarColor As String"},{"name":"setAlertConfirmText","signature":"setAlertConfirmText(s As String)"},{"name":"setAlertMessage","signature":"setAlertMessage(s As String)"},{"name":"setAlertProcess","signature":"setAlertProcess(s As String)"},{"name":"setAlertTitle","signature":"setAlertTitle(s As String)"},{"name":"setConfirmCancel","signature":"setConfirmCancel(s As String)"},{"name":"setConfirmMessage","signature":"setConfirmMessage(s As String)"},{"name":"setConfirmProcess","signature":"setConfirmProcess(s As String)"},{"name":"setConfirmText","signature":"setConfirmText(s As String)"},{"name":"setConfirmTitle","signature":"setConfirmTitle(s As String)"},{"name":"setHideAppLoading","signature":"setHideAppLoading(b As Boolean)"},{"name":"setLoadingMessage","signature":"setLoadingMessage(s As String)"},{"name":"setShowAppAlert","signature":"setShowAppAlert(b As Boolean)"},{"name":"setShowAppConfirm","signature":"setShowAppConfirm(b As Boolean)"},{"name":"setShowAppLoading","signature":"setShowAppLoading(b As Boolean)"},{"name":"setShowAppToast","signature":"setShowAppToast(b As Boolean)"},{"name":"setToastColor","signature":"setToastColor(s As String)"},{"name":"setToastHeader","signature":"setToastHeader(s As String)"},{"name":"setToastMessage","signature":"setToastMessage(s As String)"},{"name":"getAlertConfirmText","signature":"getAlertConfirmText As String"},{"name":"getAlertMessage","signature":"getAlertMessage As String"},{"name":"getAlertProcess","signature":"getAlertProcess As String"},{"name":"getAlertTitle","signature":"getAlertTitle As String"},{"name":"getConfirmCancel","signature":"getConfirmCancel As String"},{"name":"getConfirmMessage","signature":"getConfirmMessage As String"},{"name":"getConfirmProcess","signature":"getConfirmProcess As String"},{"name":"getConfirmText","signature":"getConfirmText As String"},{"name":"getConfirmTitle","signature":"getConfirmTitle As String"},{"name":"getHideAppLoading","signature":"getHideAppLoading As Boolean"},{"name":"getLoadingMessage","signature":"getLoadingMessage As String"},{"name":"getShowAppAlert","signature":"getShowAppAlert As Boolean"},{"name":"getShowAppConfirm","signature":"getShowAppConfirm As Boolean"},{"name":"getShowAppLoading","signature":"getShowAppLoading As Boolean"},{"name":"getShowAppToast","signature":"getShowAppToast As Boolean"},{"name":"getToastColor","signature":"getToastColor As String"},{"name":"getToastHeader","signature":"getToastHeader As String"},{"name":"getToastMessage","signature":"getToastMessage As String"}]}