{"properties":[{"Key":"ParentID","DisplayName":"ParentID","FieldType":"String","DefaultValue":"","Description":"The id of the element to place this into","List":""},{"Key":"Caption","DisplayName":"Caption","FieldType":"String","DefaultValue":"Signature","Description":"Caption","List":""},{"Key":"CaptionColor","DisplayName":"Caption Color","FieldType":"String","DefaultValue":"","Description":"Caption Color","List":""},{"Key":"HideDetails","DisplayName":"Hide Details","FieldType":"Boolean","DefaultValue":"False","Description":"Hide Details","List":""},{"Key":"Hint","DisplayName":"Hint","FieldType":"String","DefaultValue":"Please sign within the box area","Description":"Hint","List":""},{"Key":"ButtonCaption","DisplayName":"Button Caption","FieldType":"String","DefaultValue":"Clear","Description":"Caption","List":""},{"Key":"ButtonVariant","DisplayName":"Button Color","FieldType":"String","DefaultValue":"neutral","Description":"Button Color Type","List":"none|accent|error|ghost|glass|info|link|neutral|primary|secondary|success|warning"},{"Key":"ButtonHoverColor","DisplayName":"Button Hover Color","FieldType":"String","DefaultValue":"none","Description":"Button Color Type","List":"none|accent|error|ghost|glass|info|link|neutral|primary|secondary|success|warning"},{"Key":"ButtonTextColor","DisplayName":"Button Text Color","FieldType":"String","DefaultValue":"","Description":"Button Text Color","List":""},{"Key":"ButtonNormalCase","DisplayName":"Normal Case","FieldType":"Boolean","DefaultValue":"True","Description":"Normal Case","List":""},{"Key":"ButtonDisabled","DisplayName":"ButtonDisabled","FieldType":"Boolean","DefaultValue":"False","Description":"If Button Disabled","List":""},{"Key":"HintTextRemoved","DisplayName":"Hint Text Removed","FieldType":"Boolean","DefaultValue":"False","Description":"Hint Text Removed","List":""},{"Key":"LabelRemoved","DisplayName":"Label Removed","FieldType":"Boolean","DefaultValue":"False","Description":"Label Removed","List":""},{"Key":"ErrorMessage","DisplayName":"Error Message","FieldType":"String","DefaultValue":"","Description":"Error Message","List":""},{"Key":"Required","DisplayName":"Required","FieldType":"Boolean","DefaultValue":"False","Description":"Is Required","List":""},{"Key":"Disabled","DisplayName":"Disabled","FieldType":"Boolean","DefaultValue":"False","Description":"If Disabled","List":""},{"Key":"BackgroundColor","DisplayName":"Background Color","FieldType":"String","DefaultValue":"white","Description":"Background Color","List":"amber|black|blue|blue-grey|brown|cyan|deep-orange|deep-purple|green|grey|indigo|light-blue|light-green|lime|orange|pink|purple|red|teal|transparent|white|yellow|primary|secondary|accent|error|info|success|warning|none"},{"Key":"DotSize","DisplayName":"Dot Size","FieldType":"String","DefaultValue":"0","Description":"Dot Size","List":""},{"Key":"Height","DisplayName":"Height","FieldType":"String","DefaultValue":"200","Description":"Height","List":""},{"Key":"Width","DisplayName":"Width","FieldType":"String","DefaultValue":"400","Description":"Width","List":""},{"Key":"ImageType","DisplayName":"Image Type","FieldType":"String","DefaultValue":"jpeg","Description":"Save As Image Type","List":"jpeg|png|svg"},{"Key":"MaxWidth","DisplayName":"Max Width","FieldType":"String","DefaultValue":"2.5","Description":"Max Width","List":""},{"Key":"MinDistance","DisplayName":"Min Distance","FieldType":"Int","DefaultValue":"5","Description":"Min Distance","List":""},{"Key":"MinWidth","DisplayName":"Min Width","FieldType":"String","DefaultValue":"0.5","Description":"Min Width","List":""},{"Key":"PenColor","DisplayName":"Pen Color","FieldType":"String","DefaultValue":"black","Description":"Pen Color","List":"amber|black|blue|blue-grey|brown|cyan|deep-orange|deep-purple|green|grey|indigo|light-blue|light-green|lime|orange|pink|purple|red|teal|transparent|white|yellow|primary|secondary|accent|error|info|success|warning|none"},{"Key":"Throttle","DisplayName":"Throttle","FieldType":"Int","DefaultValue":"16","Description":"Throttle","List":""},{"Key":"VelocityFilterWeight","DisplayName":"Velocity Filter Weight","FieldType":"String","DefaultValue":"0.7","Description":"Velocity Filter Weight","List":""},{"Key":"Visible","DisplayName":"Visible","FieldType":"Boolean","DefaultValue":"True","Description":"If visible.","List":""},{"Key":"MarginAXYTBLR","DisplayName":"Margins AXYTBLR","FieldType":"String","DefaultValue":"a=?; x=?; y=?; t=?; b=?; l=?; r=?","Description":"Margins A-X-Y-T-B-L-R","List":""},{"Key":"PaddingAXYTBLR","DisplayName":"Paddings AXYTBLR","FieldType":"String","DefaultValue":"a=?; x=?; y=?; t=?; b=?; l=?; r=?","Description":"Paddings A-X-Y-T-B-L-R","List":""},{"Key":"RawClasses","DisplayName":"Classes","FieldType":"String","DefaultValue":"","Description":"Classes added to the HTML tag.","List":""},{"Key":"RawStyles","DisplayName":"Styles","FieldType":"String","DefaultValue":"","Description":"Styles added to the HTML tag. Must be a json String","use =":"use =","List":""},{"Key":"RawAttributes","DisplayName":"Attributes","FieldType":"String","DefaultValue":"","Description":"Attributes added to the HTML tag. Must be a json String","use =":"use =","List":""}],"events":[{"name":"afterUpdateStroke (e As BANanoEvent)"},{"name":"beforeUpdateStroke (e As BANanoEvent)"},{"name":"beginStroke (e As BANanoEvent)"},{"name":"endStroke (e As BANanoEvent)"}],"methods":[{"name":"Class_Globals","signature":"Class_Globals"},{"name":"Initialize","signature":"Initialize (CallBack As Object, Name As String, EventName As String)"},{"name":"DesignerCreateView","signature":"DesignerCreateView (Target As BANanoElement, Props As Map)"},{"name":"setButtonTextColor","signature":"setButtonTextColor(s As String)"},{"name":"setButtonDisabled","signature":"setButtonDisabled(b As Boolean)"},{"name":"setButtonNormalCase","signature":"setButtonNormalCase(b As Boolean)"},{"name":"setButtonColor","signature":"setButtonColor(s As String)"},{"name":"setButtonHoverColor","signature":"setButtonHoverColor(s As String)"},{"name":"setButtonCaption","signature":"setButtonCaption(s As String)"},{"name":"setCaptionColor","signature":"setCaptionColor(s As String)"},{"name":"getCaptionColor","signature":"getCaptionColor As String"},{"name":"setRequired","signature":"setRequired(b As Boolean)"},{"name":"setErrorMessage","signature":"setErrorMessage(p As String)"},{"name":"setCaption","signature":"setCaption(l As String)"},{"name":"setHintCaption","signature":"setHintCaption(l As String)"},{"name":"setHideDetails","signature":"setHideDetails(b As Boolean)"},{"name":"AssignElement","signature":"AssignElement(Module As Object, ID As String)"},{"name":"setHintTextRemoved","signature":"setHintTextRemoved(b As Boolean)"},{"name":"setLabelRemoved","signature":"setLabelRemoved(b As Boolean)"},{"name":"setBadgesSize","signature":"setBadgesSize(s As String)"},{"name":"getBadgesSize","signature":"getBadgesSize As String"},{"name":"setEnabled","signature":"setEnabled(b As Boolean)"},{"name":"getEnabled","signature":"getEnabled As Boolean"},{"name":"Enable","signature":"Enable"},{"name":"Disable","signature":"Disable"},{"name":"Show","signature":"Show"},{"name":"Hide","signature":"Hide"},{"name":"Defaults","signature":"Defaults"},{"name":"getID","signature":"getID As String"},{"name":"getHere","signature":"getHere As String"},{"name":"setBackgroundColor","signature":"setBackgroundColor(v As String)"},{"name":"setDotSize","signature":"setDotSize(v As Double)"},{"name":"setHeight","signature":"setHeight(v As String)"},{"name":"AddAttr","signature":"AddAttr(attr As String, text As Object)"},{"name":"setImageType","signature":"setImageType(v As String)"},{"name":"setMaxWidth","signature":"setMaxWidth(v As Double)"},{"name":"setMinDistance","signature":"setMinDistance(v As Int)"},{"name":"setMinWidth","signature":"setMinWidth(v As Double)"},{"name":"setPenColor","signature":"setPenColor(v As String)"},{"name":"setThrottle","signature":"setThrottle(v As Int)"},{"name":"setVelocityFilterWeight","signature":"setVelocityFilterWeight(v As Double)"},{"name":"setWidth","signature":"setWidth(v As String)"},{"name":"Refresh","signature":"Refresh"},{"name":"clear","signature":"clear"},{"name":"HintColorIntensity","signature":"HintColorIntensity(hcolor As String, intensity As String)"},{"name":"IsBlank","signature":"IsBlank As Boolean"},{"name":"ResetValidation","signature":"ResetValidation"},{"name":"download","signature":"download"},{"name":"fromData","signature":"fromData(data As Object)"},{"name":"fromDataURL","signature":"fromDataURL(dataURL As String)"},{"name":"setValue","signature":"setValue(dataURL As String)"},{"name":"draw","signature":"draw"},{"name":"erase","signature":"erase"},{"name":"toData","signature":"toData As Object"},{"name":"undo","signature":"undo"},{"name":"toDataURL","signature":"toDataURL As String"},{"name":"getValue","signature":"getValue As String"},{"name":"isEmpty","signature":"isEmpty As Boolean"},{"name":"off","signature":"off"},{"name":"on","signature":"on"},{"name":"AddStyle","signature":"AddStyle(attr As String, text As String)"},{"name":"shadow","signature":"shadow(s As String)"},{"name":"RoundedBox","signature":"RoundedBox"},{"name":"AddToParent","signature":"AddToParent(targetID As String, props As Map)"},{"name":"setParentID","signature":"setParentID(s As String)"},{"name":"setVisible","signature":"setVisible(b As Boolean)"},{"name":"setMarginAXYTBLR","signature":"setMarginAXYTBLR(s As String)"},{"name":"setPaddingAXYTBLR","signature":"setPaddingAXYTBLR(s As String)"},{"name":"setClasses","signature":"setClasses(s As String)"},{"name":"setStyles","signature":"setStyles(s As String)"},{"name":"setAttributes","signature":"setAttributes(s As String)"},{"name":"getParentID","signature":"getParentID As String"},{"name":"getBackgroundColor","signature":"getBackgroundColor As String"},{"name":"getDotSize","signature":"getDotSize As String"},{"name":"getHeight","signature":"getHeight As String"},{"name":"getWidth","signature":"getWidth As String"},{"name":"getImageType","signature":"getImageType As String"},{"name":"getMaxWidth","signature":"getMaxWidth As String"},{"name":"getMinDistance","signature":"getMinDistance As Int"},{"name":"getMinWidth","signature":"getMinWidth As String"},{"name":"getPenColor","signature":"getPenColor As String"},{"name":"getThrottle","signature":"getThrottle As Int"},{"name":"getVelocityFilterWeight","signature":"getVelocityFilterWeight As String"},{"name":"getVisible","signature":"getVisible As Boolean"},{"name":"getMarginAXYTBLR","signature":"getMarginAXYTBLR As String"},{"name":"getPaddingAXYTBLR","signature":"getPaddingAXYTBLR As String"},{"name":"getClasses","signature":"getClasses As String"},{"name":"getStyles","signature":"getStyles As String"},{"name":"getAttributes","signature":"getAttributes As String"}]}