{"properties":[{"Key":"ParentID","DisplayName":"ParentID","FieldType":"String","DefaultValue":"","Description":"The ParentID of this div","List":""},{"Key":"Grid","DisplayName":"Grid","FieldType":"Boolean","DefaultValue":"False","Description":"Grid","List":""},{"Key":"AlignContent","DisplayName":"Align Content","FieldType":"String","DefaultValue":"","Description":"Align Content","List":"around|baseline|between|center|end|evenly|none|start"},{"Key":"JustifyContent","DisplayName":"Justify Content (Horizontally)","FieldType":"String","DefaultValue":"","Description":"Justify Content","List":"around|between|center|end|evenly|none|start"},{"Key":"AlignItems","DisplayName":"Align Items (Vertically)","FieldType":"String","DefaultValue":"","Description":"Align Items","List":"baseline|baseline|center|end|none|start"},{"Key":"AlignSelf","DisplayName":"Align Self","FieldType":"String","DefaultValue":"","Description":"Align Self","List":"auto|baseline|center|end|none|start|stretch"},{"Key":"AlignSelf","DisplayName":"Align Self","FieldType":"String","DefaultValue":"","Description":"Align Self","List":"auto|baseline|center|end|none|start|stretch"},{"Key":"AutoCols","DisplayName":"Auto Cols","FieldType":"String","DefaultValue":"","Description":"Auto Cols","List":"auto|fr|max|min|none"},{"Key":"AutoRows","DisplayName":"Auto Rows","FieldType":"String","DefaultValue":"","Description":"Auto Rows","List":"auto|fr|max|min|none"},{"Key":"BgColor","DisplayName":"Bg Color","FieldType":"String","DefaultValue":"","Description":"Background Color","List":""},{"Key":"BgColorIntensity","DisplayName":"Bg Color Intensity","FieldType":"String","DefaultValue":"","Description":"Background Color Intensity","List":""},{"Key":"ColEnd","DisplayName":"Col End","FieldType":"String","DefaultValue":"","Description":"Column End","List":""},{"Key":"ColSpan","DisplayName":"Col Span","FieldType":"String","DefaultValue":"","Description":"Col Span","List":""},{"Key":"DeviceColSpan","DisplayName":"Device Col Span","FieldType":"String","DefaultValue":"xs=?; sm=?; md=?; lg=?; xl=?","Description":"Grid Cols Per Device xs=?; sm=?; md=?; lg=?; xl=?","List":""},{"Key":"ColStart","DisplayName":"Col Start","FieldType":"String","DefaultValue":"","Description":"Column Start","List":""},{"Key":"Gap","DisplayName":"Gap","FieldType":"String","DefaultValue":"","Description":"Gap","List":""},{"Key":"GridCols","DisplayName":"Grid Cols","FieldType":"String","DefaultValue":"","Description":"Grid Columns","List":""},{"Key":"DeviceGridCols","DisplayName":"Device Grid Cols","FieldType":"String","DefaultValue":"xs=?; sm=?; md=?; lg=?; xl=?","Description":"Grid Cols Per Device xs=?; sm=?; md=?; lg=?; xl=?","List":""},{"Key":"GridFlow","DisplayName":"Grid Flow","FieldType":"String","DefaultValue":"","Description":"Grid Flow","List":"col|col-dense|dense|none|row|row-dense"},{"Key":"GridRows","DisplayName":"Grid Rows","FieldType":"String","DefaultValue":"","Description":"Grid Rows","List":""},{"Key":"Height","DisplayName":"Height","FieldType":"String","DefaultValue":"","Description":"Height","List":"1 of 2|1 of 3|1 of 4|2 of 3|3 of 4|auto|full|max|min|none|screen"},{"Key":"HorizontalGap","DisplayName":"Horizontal Gap","FieldType":"String","DefaultValue":"","Description":"Horizontal Gap","List":""},{"Key":"HorizontalSpacing","DisplayName":"Horizontal Spacing","FieldType":"String","DefaultValue":"0","Description":"Horizontal Spacing","List":"0|0.5|1|1.5|2|2.5|3|3.5|4|5|6|7|8|9|10"},{"Key":"JustifyItems","DisplayName":"Justify Items","FieldType":"String","DefaultValue":"","Description":"Justify Items","List":"center|end|none|start|stretch"},{"Key":"JustifySelf","DisplayName":"Justify Self","FieldType":"String","DefaultValue":"","Description":"Justify Self","List":"center|end|none|start|stretch"},{"Key":"MaxHeight","DisplayName":"Max Height","FieldType":"String","DefaultValue":"","Description":"Max Height","List":""},{"Key":"MaxWidth","DisplayName":"Max Width","FieldType":"String","DefaultValue":"","Description":"Max Width","List":""},{"Key":"MinHeight","DisplayName":"Min Height","FieldType":"String","DefaultValue":"","Description":"Min Height","List":""},{"Key":"MinWidth","DisplayName":"Min Width","FieldType":"String","DefaultValue":"","Description":"Min Width","List":""},{"Key":"Order","DisplayName":"Order","FieldType":"String","DefaultValue":"","Description":"Order","List":"1|10|11|12|2|3|4|5|6|7|8|9|first|last|none"},{"Key":"PlaceContent","DisplayName":"Place Content","FieldType":"String","DefaultValue":"","Description":"Place Content","List":"around|baseline|between|center|end|evenly|none|start|stretch"},{"Key":"PlaceItems","DisplayName":"Place Items","FieldType":"String","DefaultValue":"","Description":"Place Items","List":"baseline|center|end|none|start|stretch"},{"Key":"PlaceSelf","DisplayName":"Place Self","FieldType":"String","DefaultValue":"","Description":"Place Self","List":"auto|center|end|none|start|stretch"},{"Key":"RowEnd","DisplayName":"Row End","FieldType":"String","DefaultValue":"","Description":"Row End","List":""},{"Key":"RowSpan","DisplayName":"Row Span","FieldType":"String","DefaultValue":"","Description":"Row Span","List":""},{"Key":"RowStart","DisplayName":"Row Start","FieldType":"String","DefaultValue":"","Description":"Row Start","List":""},{"Key":"TextColor","DisplayName":"Text Color","FieldType":"String","DefaultValue":"","Description":"Text Color","List":""},{"Key":"TextColorIntensity","DisplayName":"Text Color Intensity","FieldType":"String","DefaultValue":"","Description":"Text Color Intensity","List":""},{"Key":"VerticalGap","DisplayName":"Vertical Gap","FieldType":"String","DefaultValue":"","Description":"Vertical Gap","List":""},{"Key":"VerticalSpacing","DisplayName":"Vertical Spacing","FieldType":"String","DefaultValue":"","Description":"Vertical Spacing","List":"0|0.5|1|1.5|2|2.5|3|3.5|4|5|6|7|8|9|10"},{"Key":"Width","DisplayName":"Width","FieldType":"String","DefaultValue":"","Description":"Width","List":"1 of 2|1 of 3|1 of 4|2 of 3|3 of 4|auto|full|max|min|none|screen"},{"Key":"Visible","DisplayName":"Visible","FieldType":"Boolean","DefaultValue":"True","Description":"If visible.","List":""},{"Key":"MarginAXYTBLR","DisplayName":"Margins","FieldType":"String","DefaultValue":"a=?; x=?; y=?; t=?; b=?; l=?; r=?","Description":"Margins A-X-Y-T-B-L-R","List":""},{"Key":"PaddingAXYTBLR","DisplayName":"Paddings","FieldType":"String","DefaultValue":"a=?; x=?; y=?; t=?; b=?; l=?; r=?","Description":"Paddings A-X-Y-T-B-L-R","List":""},{"Key":"RawClasses","DisplayName":"Classes","FieldType":"String","DefaultValue":"","Description":"Classes added to the HTML tag.","List":""},{"Key":"RawStyles","DisplayName":"Styles","FieldType":"String","DefaultValue":"","Description":"Styles added to the HTML tag. Must be a json String- use =","List":""},{"Key":"RawAttributes","DisplayName":"Attributes","FieldType":"String","DefaultValue":"","Description":"Attributes added to the HTML tag. Must be a json String- use =","List":""}],"events":[{"name":"Click (e As BANanoEvent)"}],"methods":[{"name":"Class_Globals","signature":"Class_Globals"},{"name":"DesignerCreateView","signature":"DesignerCreateView (Target As BANanoElement, Props As Map)"},{"name":"setDeviceGridCols","signature":"setDeviceGridCols(s As String)"},{"name":"AddClass","signature":"AddClass(xText As String)"},{"name":"CreateDiv","signature":"CreateDiv(mCallback As Object, ParentID As String, ID As String) As SDUIGrid"},{"name":"Initialize","signature":"Initialize (CallBack As Object, cName As String, EventName As String)"},{"name":"shadow","signature":"shadow(s As String)"},{"name":"RoundedBox","signature":"RoundedBox"},{"name":"TextColorIntensity","signature":"TextColorIntensity(hcolor As String, intensity As String)"},{"name":"BGColorIntensity","signature":"BGColorIntensity(c As String, s As String)"},{"name":"alignContent","signature":"alignContent(s As String) As SDUIGrid"},{"name":"alignItems","signature":"alignItems(s As String) As SDUIGrid"},{"name":"alignSelf","signature":"alignSelf(s As String) As SDUIGrid"},{"name":"gap","signature":"gap(s As String) As SDUIGrid"},{"name":"height","signature":"height(s As String) As SDUIGrid"},{"name":"horizontalGap","signature":"horizontalGap(s As String) As SDUIGrid"},{"name":"horizontalSpacing","signature":"horizontalSpacing(s As String) As SDUIGrid"},{"name":"justifyContent","signature":"justifyContent(s As String) As SDUIGrid"},{"name":"justifyItems","signature":"justifyItems(s As String) As SDUIGrid"},{"name":"justifySelf","signature":"justifySelf(s As String) As SDUIGrid"},{"name":"maxHeight","signature":"maxHeight(s As String) As SDUIGrid"},{"name":"maxWidth","signature":"maxWidth(s As String) As SDUIGrid"},{"name":"minHeight","signature":"minHeight(s As String) As SDUIGrid"},{"name":"minWidth","signature":"minWidth(s As String) As SDUIGrid"},{"name":"order","signature":"order(s As String) As SDUIGrid"},{"name":"placeContent","signature":"placeContent(s As String) As SDUIGrid"},{"name":"placeItems","signature":"placeItems(s As String) As SDUIGrid"},{"name":"placeSelf","signature":"placeSelf(s As String) As SDUIGrid"},{"name":"verticalGap","signature":"verticalGap(s As String) As SDUIGrid"},{"name":"verticalSpacing","signature":"verticalSpacing(s As String) As SDUIGrid"},{"name":"width","signature":"width(s As String) As SDUIGrid"},{"name":"wrap","signature":"wrap(s As String) As SDUIGrid"},{"name":"AssignElement","signature":"AssignElement(mCallBack As Object, ID As String)"},{"name":"Enable","signature":"Enable"},{"name":"Disable","signature":"Disable"},{"name":"getName","signature":"getName As String"},{"name":"getHere","signature":"getHere As String"},{"name":"Show","signature":"Show"},{"name":"Hide","signature":"Hide"},{"name":"autoCols","signature":"autoCols(s As String) As SDUIGrid"},{"name":"autoRows","signature":"autoRows(s As String) As SDUIGrid"},{"name":"colEnd","signature":"colEnd(s As String) As SDUIGrid"},{"name":"colSpan","signature":"colSpan(s As String) As SDUIGrid"},{"name":"colStart","signature":"colStart(s As String) As SDUIGrid"},{"name":"gridCols","signature":"gridCols(s As String) As SDUIGrid"},{"name":"gridFlow","signature":"gridFlow(s As String) As SDUIGrid"},{"name":"gridRows","signature":"gridRows(s As String) As SDUIGrid"},{"name":"rowEnd","signature":"rowEnd(s As String) As SDUIGrid"},{"name":"rowSpan","signature":"rowSpan(s As String) As SDUIGrid"},{"name":"rowStart","signature":"rowStart(s As String) As SDUIGrid"},{"name":"Empty","signature":"Empty"},{"name":"AddToParent","signature":"AddToParent(targetID As String, props As Map)"},{"name":"HideOnSmall","signature":"HideOnSmall"},{"name":"HideOnMedium","signature":"HideOnMedium"},{"name":"HideOnLarge","signature":"HideOnLarge"},{"name":"LinkExisting","signature":"LinkExisting"},{"name":"setParentID","signature":"setParentID(s As String)"},{"name":"setGrid","signature":"setGrid(b As Boolean)"},{"name":"setBgColor","signature":"setBgColor(s As String)"},{"name":"setDeviceColSpan","signature":"setDeviceColSpan(s As String)"},{"name":"setTextColor","signature":"setTextColor(s As String)"},{"name":"setVisible","signature":"setVisible(b As Boolean)"},{"name":"setMarginAXYTBLR","signature":"setMarginAXYTBLR(s As String)"},{"name":"setPaddingAXYTBLR","signature":"setPaddingAXYTBLR(s As String)"},{"name":"setClasses","signature":"setClasses(s As String)"},{"name":"setStyles","signature":"setStyles(s As String)"},{"name":"setAttributes","signature":"setAttributes(s As String)"},{"name":"getParentID","signature":"getParentID As String"},{"name":"getGrid","signature":"getGrid As Boolean"},{"name":"getBgColor","signature":"getBgColor As String"},{"name":"getDeviceColSpan","signature":"getDeviceColSpan As String"},{"name":"getDeviceGridCols","signature":"getDeviceGridCols As String"},{"name":"getTextColor","signature":"getTextColor As String"},{"name":"getVisible","signature":"getVisible As Boolean"},{"name":"getMarginAXYTBLR","signature":"getMarginAXYTBLR As String"},{"name":"getPaddingAXYTBLR","signature":"getPaddingAXYTBLR As String"},{"name":"getClasses","signature":"getClasses As String"},{"name":"getStyles","signature":"getStyles As String"},{"name":"getAttributes","signature":"getAttributes As String"}]}