{"properties":[{"Key":"ParentID","DisplayName":"ParentID","FieldType":"String","DefaultValue":"","Description":"The ParentID of this div","List":""},{"Key":"InputType","DisplayName":"Input Type","FieldType":"String","DefaultValue":"default","Description":"Toast Type","List":"default|empty"},{"Key":"Color","DisplayName":"Color","FieldType":"String","DefaultValue":"success","Description":"Variant","List":"error|info|none|success|warning"},{"Key":"Title","DisplayName":"Title","FieldType":"String","DefaultValue":"New Message Arrived","Description":"Title","List":""},{"Key":"ToastDescription","DisplayName":"Toast Description","FieldType":"String","DefaultValue":"","Description":"Toast Description","List":""},{"Key":"TimeOut","DisplayName":"TimeOut","FieldType":"String","DefaultValue":"","Description":"Time Out for 1 second use 1000","List":""},{"Key":"AtCenter","DisplayName":"At Center","FieldType":"Boolean","DefaultValue":"False","Description":"At Center","List":""},{"Key":"AtEnd","DisplayName":"At End","FieldType":"Boolean","DefaultValue":"False","Description":"At End","List":""},{"Key":"AtMiddle","DisplayName":"At Middle","FieldType":"Boolean","DefaultValue":"False","Description":"At Middle","List":""},{"Key":"AtStart","DisplayName":"At Start","FieldType":"Boolean","DefaultValue":"False","Description":"At Start","List":""},{"Key":"AtTop","DisplayName":"At Top","FieldType":"Boolean","DefaultValue":"False","Description":"At Top","List":""},{"Key":"Visible","DisplayName":"Visible","FieldType":"Boolean","DefaultValue":"True","Description":"If visible.","List":""},{"Key":"Glass","DisplayName":"Glass","FieldType":"Boolean","DefaultValue":"False","Description":"Glass","List":""},{"Key":"MarginAXYTBLR","DisplayName":"Margins","FieldType":"String","DefaultValue":"a=?; x=?; y=?; t=?; b=?; l=?; r=?","Description":"Margins A-X-Y-T-B-L-R","List":""},{"Key":"PaddingAXYTBLR","DisplayName":"Paddings","FieldType":"String","DefaultValue":"a=?; x=?; y=?; t=?; b=?; l=?; r=?","Description":"Paddings A-X-Y-T-B-L-R","List":""},{"Key":"RawClasses","DisplayName":"Classes","FieldType":"String","DefaultValue":"","Description":"Classes added to the HTML tag.","List":""},{"Key":"RawStyles","DisplayName":"Styles","FieldType":"String","DefaultValue":"","Description":"Styles added to the HTML tag. Must be a json String- use =","List":""},{"Key":"RawAttributes","DisplayName":"Attributes","FieldType":"String","DefaultValue":"","Description":"Attributes added to the HTML tag. Must be a json String- use =","List":""}],"events":[{"name":"Click (e As BANanoEvent)"}],"methods":[{"name":"AddClass","signature":"AddClass(xText As String)"},{"name":"RemoveStyle","signature":"RemoveStyle(s As String)"},{"name":"ToggleClass","signature":"ToggleClass(s As String)"},{"name":"setGlass","signature":"setGlass(b As Boolean)"},{"name":"RemoveClass","signature":"RemoveClass(xText As String)"},{"name":"setTimeOut","signature":"setTimeOut(ti As String)"},{"name":"Initialize","signature":"Initialize (CallBack As Object, cName As String, EventName As String)"},{"name":"AddToast","signature":"AddToast(mCallback As Object, ParentID As String, ID As String, Label As String)"},{"name":"AddToastEmpty","signature":"AddToastEmpty(mCallback As Object, ParentID As String, ID As String)"},{"name":"AssignElement","signature":"AssignElement(mCallBack As Object, ID As String)"},{"name":"Enable","signature":"Enable"},{"name":"Disable","signature":"Disable"},{"name":"On","signature":"On(event As String, CallBack As Object, MethodName As String)"},{"name":"getHere","signature":"getHere As String"},{"name":"setCaption","signature":"setCaption(l As String)"},{"name":"getName","signature":"getName As String"},{"name":"MiddleRight","signature":"MiddleRight"},{"name":"BottomRight","signature":"BottomRight"},{"name":"TopRight","signature":"TopRight"},{"name":"TopLeft","signature":"TopLeft"},{"name":"MiddleLeft","signature":"MiddleLeft"},{"name":"BottomLeft","signature":"BottomLeft"},{"name":"TopCenter","signature":"TopCenter"},{"name":"MiddleCenter","signature":"MiddleCenter"},{"name":"BottomCenter","signature":"BottomCenter"},{"name":"AtStart","signature":"AtStart As SDUIToast"},{"name":"AtCenter","signature":"AtCenter As SDUIToast"},{"name":"AtEnd","signature":"AtEnd As SDUIToast"},{"name":"AtTop","signature":"AtTop As SDUIToast"},{"name":"AtMiddle","signature":"AtMiddle As SDUIToast"},{"name":"AtBottom","signature":"AtBottom As SDUIToast"},{"name":"Show","signature":"Show As SDUIToast"},{"name":"Hide","signature":"Hide As SDUIToast"},{"name":"StartResponsive","signature":"StartResponsive(xs As Boolean, sm As Boolean, md As Boolean, lg As Boolean)"},{"name":"CenterResponsive","signature":"CenterResponsive(xs As Boolean, sm As Boolean, md As Boolean, lg As Boolean)"},{"name":"EndResponsive","signature":"EndResponsive(xs As Boolean, sm As Boolean, md As Boolean, lg As Boolean)"},{"name":"TopResponsive","signature":"TopResponsive(xs As Boolean, sm As Boolean, md As Boolean, lg As Boolean)"},{"name":"MiddleResponsive","signature":"MiddleResponsive(xs As Boolean, sm As Boolean, md As Boolean, lg As Boolean)"},{"name":"BottomResponsive","signature":"BottomResponsive(xs As Boolean, sm As Boolean, md As Boolean, lg As Boolean)"},{"name":"CellID","signature":"CellID(xRow As Int, xCol As Int) As String"},{"name":"Row","signature":"Row(xRow As Int) As SDUIDiv"},{"name":"Cell","signature":"Cell(xRow As Int, xCol As Int) As SDUIDiv"},{"name":"LoadComponentJson","signature":"LoadComponentJson(designName As String)"},{"name":"AddToParent","signature":"AddToParent(targetID As String, props As Map)"},{"name":"LinkExisting","signature":"LinkExisting"},{"name":"OnEvent\t\t\t'ignore","signature":"OnEvent(event As String, Module As Object, methodName As String, args As List)\t\t\t'ignore"},{"name":"setParentID","signature":"setParentID(s As String)"},{"name":"setInputType","signature":"setInputType(s As String)"},{"name":"setColor","signature":"setColor(s As String)"},{"name":"setTitle","signature":"setTitle(s As String)"},{"name":"setToastDescription","signature":"setToastDescription(s As String)"},{"name":"setVisible","signature":"setVisible(b As Boolean)"},{"name":"setMarginAXYTBLR","signature":"setMarginAXYTBLR(s As String)"},{"name":"setPaddingAXYTBLR","signature":"setPaddingAXYTBLR(s As String)"},{"name":"setClasses","signature":"setClasses(s As String)"},{"name":"setStyles","signature":"setStyles(s As String)"},{"name":"setAttributes","signature":"setAttributes(s As String)"},{"name":"getParentID","signature":"getParentID As String"},{"name":"getInputType","signature":"getInputType As String"},{"name":"getColor","signature":"getColor As String"},{"name":"getTitle","signature":"getTitle As String"},{"name":"getToastDescription","signature":"getToastDescription As String"},{"name":"getTimeOut","signature":"getTimeOut As String"},{"name":"getVisible","signature":"getVisible As Boolean"},{"name":"getGlass","signature":"getGlass As Boolean"},{"name":"getMarginAXYTBLR","signature":"getMarginAXYTBLR As String"},{"name":"getPaddingAXYTBLR","signature":"getPaddingAXYTBLR As String"},{"name":"getClasses","signature":"getClasses As String"},{"name":"getStyles","signature":"getStyles As String"},{"name":"getAttributes","signature":"getAttributes As String"}]}