{"properties":[{"Key":"ParentID","DisplayName":"ParentID","FieldType":"String","DefaultValue":"","Description":"The ParentID of this div","List":""},{"Key":"StatType","DisplayName":"Type","FieldType":"String","DefaultValue":"default","Description":"Stat Type","List":"default|info-card|avatar-card"},{"Key":"StatTitle","DisplayName":"Title","FieldType":"String","DefaultValue":"User","Description":"Title","List":""},{"Key":"StatFigure","DisplayName":"Avatar","FieldType":"String","DefaultValue":"","Description":"Figure","List":""},{"Key":"IconName","DisplayName":"IconName","FieldType":"String","DefaultValue":"fa-solid fa-user","Description":"Icon Name","List":""},{"Key":"IconColor","DisplayName":"IconColor","FieldType":"String","DefaultValue":"","Description":"Icon Color","List":""},{"Key":"IconSize","DisplayName":"IconSize","FieldType":"String","DefaultValue":"3","Description":"Icon Size","List":""},{"Key":"Value","DisplayName":"Value","FieldType":"String","DefaultValue":"0","Description":"Value","List":""},{"Key":"Description","DisplayName":"Description","FieldType":"String","DefaultValue":"","Description":"Description","List":""},{"Key":"Alignment","DisplayName":"Alignment","FieldType":"String","DefaultValue":"none","Description":"Alignment","List":"horizontal|none|vertical"},{"Key":"VerticalOnSmallOnly","DisplayName":"Vertical On Small Only","FieldType":"Boolean","DefaultValue":"False","Description":"Vertical On Small Only","List":""},{"Key":"Shadow","DisplayName":"Shadow","FieldType":"Boolean","DefaultValue":"True","Description":"Shadow","List":""},{"Key":"BgColor","DisplayName":"Bg Color","FieldType":"String","DefaultValue":"","Description":"Background Color","List":""},{"Key":"BgColorIntensity","DisplayName":"Bg Color Intensity","FieldType":"String","DefaultValue":"","Description":"Background Color Intensity","List":""},{"Key":"TextColor","DisplayName":"Text Color","FieldType":"String","DefaultValue":"","Description":"Text Color","List":""},{"Key":"TextColorIntensity","DisplayName":"Text Color Intensity","FieldType":"String","DefaultValue":"","Description":"Text Color Intensity","List":""},{"Key":"Visible","DisplayName":"Visible","FieldType":"Boolean","DefaultValue":"True","Description":"If visible.","List":""},{"Key":"MarginAXYTBLR","DisplayName":"Margins","FieldType":"String","DefaultValue":"a=?; x=?; y=?; t=?; b=?; l=?; r=?","Description":"Margins A-X-Y-T-B-L-R","List":""},{"Key":"PaddingAXYTBLR","DisplayName":"Paddings","FieldType":"String","DefaultValue":"a=?; x=?; y=?; t=?; b=?; l=?; r=?","Description":"Paddings A-X-Y-T-B-L-R","List":""},{"Key":"RawClasses","DisplayName":"Classes","FieldType":"String","DefaultValue":"","Description":"Classes added to the HTML tag.","List":""},{"Key":"RawStyles","DisplayName":"Styles","FieldType":"String","DefaultValue":"","Description":"Styles added to the HTML tag. Must be a json String- use =","List":""},{"Key":"RawAttributes","DisplayName":"Attributes","FieldType":"String","DefaultValue":"","Description":"Attributes added to the HTML tag. Must be a json String- use =","List":""}],"events":[{"name":"Click (e As BANanoEvent)"}],"methods":[{"name":"Initialize","signature":"Initialize (CallBack As Object, cName As String, EventName As String)"},{"name":"setTitle","signature":"setTitle(s As String)"},{"name":"setValue","signature":"setValue(s As String)"},{"name":"setDescription","signature":"setDescription(s As String)"},{"name":"setIconColor","signature":"setIconColor(s As String)"},{"name":"setIconName","signature":"setIconName(s As String)"},{"name":"setAvatar","signature":"setAvatar(s As String)"},{"name":"AddStats","signature":"AddStats(mCallback As Object, ParentID As String, ID As String)"},{"name":"AddInfoCard","signature":"AddInfoCard(mCallback As Object, ParentID As String, ID As String, Icon As String, IconColor As String, Value As String, Description As String)"},{"name":"AddAvatarCard","signature":"AddAvatarCard(mCallback As Object, ParentID As String, ID As String, sAvatar As String, Value As String, Description As String)"},{"name":"AssignElement","signature":"AssignElement(mCallBack As Object, ID As String)"},{"name":"Clear","signature":"Clear"},{"name":"AddItem","signature":"AddItem(itemID As String, sItemTitle As String, sItemValue As String, sItemDesc As String)"},{"name":"SetItemTitle","signature":"SetItemTitle(itemID As String, s As String)"},{"name":"SetItemValue","signature":"SetItemValue(itemID As String, s As String)"},{"name":"SetItemDescription","signature":"SetItemDescription(itemID As String, s As String)"},{"name":"AddItem1","signature":"AddItem1(itemID As String, sItemTitle As String, sItemValue As String, sItemDesc As String)"},{"name":"AddItemActionButton","signature":"AddItemActionButton(itemID As String, actionKey As String, actionCaption As String)"},{"name":"AddItemActionButtonIcon","signature":"AddItemActionButtonIcon(itemID As String, btnID As String, sIcon As String)"},{"name":"GetItemAction","signature":"GetItemAction(itemID As String, actionKey As String) As SDUIButton"},{"name":"GetItemAvatar","signature":"GetItemAvatar(itemID As String) As SDUIAvatar"},{"name":"GetItemIcon","signature":"GetItemIcon(itemID As String) As SDUIIcon"},{"name":"GetItem","signature":"GetItem(itemID As String) As SDUIDiv"},{"name":"GetItemFigure","signature":"GetItemFigure(itemID As String) As SDUIDiv"},{"name":"GetItemTitle","signature":"GetItemTitle(itemID As String) As SDUIDiv"},{"name":"GetItemValue","signature":"GetItemValue(itemID As String) As SDUIDiv"},{"name":"GetItemDesc","signature":"GetItemDesc(itemID As String) As SDUIDiv"},{"name":"GetItemActions","signature":"GetItemActions(itemID As String) As SDUIDiv"},{"name":"On","signature":"On(event As String, CallBack As Object, MethodName As String)"},{"name":"getHere","signature":"getHere As String"},{"name":"getName","signature":"getName As String"},{"name":"Show","signature":"Show"},{"name":"Hide","signature":"Hide"},{"name":"Enable","signature":"Enable"},{"name":"Disable","signature":"Disable"},{"name":"Horizontal","signature":"Horizontal"},{"name":"Vertical","signature":"Vertical"},{"name":"AddClass","signature":"AddClass(xText As String)"},{"name":"RemoveStyle","signature":"RemoveStyle(s As String)"},{"name":"ToggleClass","signature":"ToggleClass(s As String)"},{"name":"HorizontalResponsive","signature":"HorizontalResponsive(xs As Boolean, sm As Boolean, md As Boolean, lg As Boolean)"},{"name":"VerticalResponsive","signature":"VerticalResponsive(xs As Boolean, sm As Boolean, md As Boolean, lg As Boolean)"},{"name":"VerticalOnSmallOnly","signature":"VerticalOnSmallOnly"},{"name":"BGColorIntensity","signature":"BGColorIntensity(c As String, s As String)"},{"name":"shadow","signature":"shadow(s As String)"},{"name":"TextColorIntensity","signature":"TextColorIntensity(hcolor As String, intensity As String)"},{"name":"LoadComponentJson","signature":"LoadComponentJson(designName As String)"},{"name":"AddToParent","signature":"AddToParent(targetID As String, props As Map)"},{"name":"HideOnSmall","signature":"HideOnSmall"},{"name":"HideOnMedium","signature":"HideOnMedium"},{"name":"HideOnLarge","signature":"HideOnLarge"},{"name":"LinkExisting","signature":"LinkExisting"},{"name":"OnEvent\t\t\t'ignore","signature":"OnEvent(event As String, Module As Object, methodName As String, args As List)\t\t\t'ignore"},{"name":"setParentID","signature":"setParentID(s As String)"},{"name":"setStatType","signature":"setStatType(s As String)"},{"name":"setStatTitle","signature":"setStatTitle(s As String)"},{"name":"setStatFigure","signature":"setStatFigure(s As String)"},{"name":"setIconSize","signature":"setIconSize(s As String)"},{"name":"setAlignment","signature":"setAlignment(s As String)"},{"name":"setBgColor","signature":"setBgColor(s As String)"},{"name":"setTextColor","signature":"setTextColor(s As String)"},{"name":"setVisible","signature":"setVisible(b As Boolean)"},{"name":"setMarginAXYTBLR","signature":"setMarginAXYTBLR(s As String)"},{"name":"setPaddingAXYTBLR","signature":"setPaddingAXYTBLR(s As String)"},{"name":"setClasses","signature":"setClasses(s As String)"},{"name":"setStyles","signature":"setStyles(s As String)"},{"name":"setAttributes","signature":"setAttributes(s As String)"},{"name":"getParentID","signature":"getParentID As String"},{"name":"getStatType","signature":"getStatType As String"},{"name":"getStatTitle","signature":"getStatTitle As String"},{"name":"getStatFigure","signature":"getStatFigure As String"},{"name":"getIconName","signature":"getIconName As String"},{"name":"getIconColor","signature":"getIconColor As String"},{"name":"getIconSize","signature":"getIconSize As String"},{"name":"getValue","signature":"getValue As String"},{"name":"getDescription","signature":"getDescription As String"},{"name":"getAlignment","signature":"getAlignment As String"},{"name":"getBgColor","signature":"getBgColor As String"},{"name":"getTextColor","signature":"getTextColor As String"},{"name":"getVisible","signature":"getVisible As Boolean"},{"name":"getMarginAXYTBLR","signature":"getMarginAXYTBLR As String"},{"name":"getPaddingAXYTBLR","signature":"getPaddingAXYTBLR As String"},{"name":"getClasses","signature":"getClasses As String"},{"name":"getStyles","signature":"getStyles As String"},{"name":"getAttributes","signature":"getAttributes As String"}]}