{"properties":[{"Key":"ReadMe","DisplayName":"ReadMe Children","FieldType":"String","DefaultValue":"[name]_1_content","Description":"The id of each panel","List":""},{"Key":"ParentID","DisplayName":"ParentID","FieldType":"String","DefaultValue":"","Description":"The ParentID of this div","List":""},{"Key":"StepType","DisplayName":"Step Type","FieldType":"String","DefaultValue":"horizontal","Description":"Step Type","List":"horizontal|vertical"},{"Key":"Color","DisplayName":"Color","FieldType":"String","DefaultValue":"primary","Description":"Variant","List":"accent|error|info|none|primary|secondary|success|warning"},{"Key":"RawItems","DisplayName":"Items","FieldType":"String","DefaultValue":"Item 1;Item 2;Item 3","Description":"Items (;)","List":""},{"Key":"Scrollable","DisplayName":"Scrollable","FieldType":"Boolean","DefaultValue":"False","Description":"Scrollable","List":""},{"Key":"WFull","DisplayName":"Full Width","FieldType":"Boolean","DefaultValue":"True","Description":"WFull","List":""},{"Key":"Visible","DisplayName":"Visible","FieldType":"Boolean","DefaultValue":"True","Description":"If visible.","List":""},{"Key":"MarginAXYTBLR","DisplayName":"Margins","FieldType":"String","DefaultValue":"a=?; x=?; y=?; t=?; b=?; l=?; r=?","Description":"Margins A-X-Y-T-B-L-R","List":""},{"Key":"PaddingAXYTBLR","DisplayName":"Paddings","FieldType":"String","DefaultValue":"a=?; x=?; y=?; t=?; b=?; l=?; r=?","Description":"Paddings A-X-Y-T-B-L-R","List":""},{"Key":"RawClasses","DisplayName":"Classes","FieldType":"String","DefaultValue":"","Description":"Classes added to the HTML tag.","List":""},{"Key":"RawStyles","DisplayName":"Styles","FieldType":"String","DefaultValue":"","Description":"Styles added to the HTML tag. Must be a json String- use =","List":""},{"Key":"RawAttributes","DisplayName":"Attributes","FieldType":"String","DefaultValue":"","Description":"Attributes added to the HTML tag. Must be a json String- use =","List":""}],"events":[{"name":"Change (pos As Int)"}],"methods":[{"name":"setActiveColor","signature":"setActiveColor(s As String)"},{"name":"setActiveTextColor","signature":"setActiveTextColor(s As String)"},{"name":"setScrollable","signature":"setScrollable(b As Boolean)"},{"name":"getScrollable","signature":"getScrollable As Boolean"},{"name":"Initialize","signature":"Initialize (CallBack As Object, cName As String, EventName As String)"},{"name":"AddSteps","signature":"AddSteps(mCallback As Object, ParentID As String, ID As String, Color As String)"},{"name":"WFull","signature":"WFull"},{"name":"AssignElement","signature":"AssignElement(mCallBack As Object, ID As String)"},{"name":"Size","signature":"Size As Int"},{"name":"SetItems","signature":"SetItems(l As List)"},{"name":"Clear","signature":"Clear"},{"name":"AddItems","signature":"AddItems(ItemsToAdd As List)"},{"name":"AddItem","signature":"AddItem(itemLabel As String)"},{"name":"setActive","signature":"setActive(pos As Int)"},{"name":"GetItem","signature":"GetItem(pos As Int) As SDUIStep"},{"name":"SetItemContent","signature":"SetItemContent(pos As Int, value As String)"},{"name":"SetItemCaption","signature":"SetItemCaption(pos As Int, value As String)"},{"name":"Panel","signature":"Panel(pos As Int) As SDUIDiv"},{"name":"On","signature":"On(event As String, CallBack As Object, MethodName As String)"},{"name":"getHere","signature":"getHere As String"},{"name":"getName","signature":"getName As String"},{"name":"Show","signature":"Show"},{"name":"Hide","signature":"Hide"},{"name":"Enable","signature":"Enable"},{"name":"Disable","signature":"Disable"},{"name":"Vertical","signature":"Vertical"},{"name":"Horizontal","signature":"Horizontal"},{"name":"SetItemColor","signature":"SetItemColor(pos As Int, value As String)"},{"name":"SetItemLineColor","signature":"SetItemLineColor(pos As Int, value As String)"},{"name":"AddToParent","signature":"AddToParent(targetID As String, props As Map)"},{"name":"HideOnSmall","signature":"HideOnSmall"},{"name":"HideOnMedium","signature":"HideOnMedium"},{"name":"HideOnLarge","signature":"HideOnLarge"},{"name":"LinkExisting","signature":"LinkExisting"},{"name":"setParentID","signature":"setParentID(s As String)"},{"name":"setStepType","signature":"setStepType(s As String)"},{"name":"setColor","signature":"setColor(s As String)"},{"name":"setVisible","signature":"setVisible(b As Boolean)"},{"name":"setMarginAXYTBLR","signature":"setMarginAXYTBLR(s As String)"},{"name":"setPaddingAXYTBLR","signature":"setPaddingAXYTBLR(s As String)"},{"name":"setClasses","signature":"setClasses(s As String)"},{"name":"setStyles","signature":"setStyles(s As String)"},{"name":"setAttributes","signature":"setAttributes(s As String)"},{"name":"getParentID","signature":"getParentID As String"},{"name":"getStepType","signature":"getStepType As String"},{"name":"getColor","signature":"getColor As String"},{"name":"getItems","signature":"getItems As String"},{"name":"getVisible","signature":"getVisible As Boolean"},{"name":"getMarginAXYTBLR","signature":"getMarginAXYTBLR As String"},{"name":"getPaddingAXYTBLR","signature":"getPaddingAXYTBLR As String"},{"name":"getClasses","signature":"getClasses As String"},{"name":"getStyles","signature":"getStyles As String"},{"name":"getAttributes","signature":"getAttributes As String"}]}