{"properties":[{"Key":"ParentID","DisplayName":"ParentID","FieldType":"String","DefaultValue":"","Description":"The ParentID of this div","List":""},{"Key":"AlertType","DisplayName":"Alert Type","FieldType":"String","DefaultValue":"normal","Description":"Alert Type","List":"big|empty|normal|title"},{"Key":"Variant","DisplayName":"Variant","FieldType":"String","DefaultValue":"info","Description":"Alert Variant","List":"none|error|info|success|warning"},{"Key":"IconName","DisplayName":"Icon Name","FieldType":"String","DefaultValue":"fa-solid fa-bell","Description":"Icon Name","List":""},{"Key":"IconColor","DisplayName":"Icon Color","FieldType":"String","DefaultValue":"blue","Description":"Icon Color","List":""},{"Key":"BgColor","DisplayName":"Bg Color","FieldType":"String","DefaultValue":"","Description":"Background Color","List":""},{"Key":"BgColorIntensity","DisplayName":"Bg Color Intensity","FieldType":"String","DefaultValue":"","Description":"Background Color Intensity","List":""},{"Key":"Caption","DisplayName":"Caption","FieldType":"String","DefaultValue":"This is a SithasoDaisy Alert","Description":"Alert Caption","List":""},{"Key":"AlertDescription","DisplayName":"Description","FieldType":"String","DefaultValue":"Creating Alerts via the Abstract Designer","Description":"Alert Description","List":""},{"Key":"Rounded","DisplayName":"Rounded (Big Alert)","FieldType":"Boolean","DefaultValue":"True","Description":"Rounded (Big Alert)","List":""},{"Key":"TextColor","DisplayName":"Text Color","FieldType":"String","DefaultValue":"","Description":"Text Color","List":""},{"Key":"TextColorIntensity","DisplayName":"Text Color Intensity","FieldType":"String","DefaultValue":"","Description":"Text Color Intensity","List":""},{"Key":"TimeOut","DisplayName":"TimeOut","FieldType":"String","DefaultValue":"","Description":"Time Out for 1 second use 1000","List":""},{"Key":"Shadow","DisplayName":"Shadow","FieldType":"Boolean","DefaultValue":"True","Description":"Elevation","List":""},{"Key":"Visible","DisplayName":"Visible","FieldType":"Boolean","DefaultValue":"True","Description":"If visible.","List":""},{"Key":"MarginAXYTBLR","DisplayName":"Margins","FieldType":"String","DefaultValue":"a=?; x=?; y=?; t=?; b=?; l=?; r=?","Description":"Margins A-X-Y-T-B-L-R","List":""},{"Key":"PaddingAXYTBLR","DisplayName":"Paddings","FieldType":"String","DefaultValue":"a=?; x=?; y=?; t=?; b=?; l=?; r=?","Description":"Paddings A-X-Y-T-B-L-R","List":""},{"Key":"RawClasses","DisplayName":"Classes","FieldType":"String","DefaultValue":"","Description":"Classes added to the HTML tag.","List":""},{"Key":"RawStyles","DisplayName":"Styles","FieldType":"String","DefaultValue":"","Description":"Styles added to the HTML tag. Must be a json String- use =","List":""},{"Key":"RawAttributes","DisplayName":"Attributes","FieldType":"String","DefaultValue":"","Description":"Attributes added to the HTML tag. Must be a json String- use =","List":""}],"events":[{"name":"Click (e As BANanoEvent)"},{"name":"Action (item As String)"}],"methods":[{"name":"Initialize","signature":"Initialize (CallBack As Object, cName As String, EventName As String)"},{"name":"setTimeOut","signature":"setTimeOut(ti As String)"},{"name":"shadow","signature":"shadow(s As String)"},{"name":"setBGColor","signature":"setBGColor(s As String)"},{"name":"BGColorIntensity","signature":"BGColorIntensity(c As String, s As String)"},{"name":"setTextColor","signature":"setTextColor(s As String)"},{"name":"TextColorIntensity","signature":"TextColorIntensity(hcolor As String, intensity As String)"},{"name":"AddAlert","signature":"AddAlert(mCallback As Object, ParentID As String, ID As String, Label As String)"},{"name":"AddAlertWithTitle","signature":"AddAlertWithTitle(mCallback As Object, ParentID As String, ID As String, sTitle As String, sDescription As String)"},{"name":"AddBigAlert","signature":"AddBigAlert(mCallback As Object, ParentID As String, ID As String,sIcon As String, sColor As String, Title As String, Description As String, Rounded As Boolean)"},{"name":"AddAlertEmpty","signature":"AddAlertEmpty(mCallback As Object, ParentID As String, ID As String)"},{"name":"AssignElement","signature":"AssignElement(mCallBack As Object, ID As String)"},{"name":"Enable","signature":"Enable"},{"name":"Disable","signature":"Disable"},{"name":"Show","signature":"Show"},{"name":"Hide","signature":"Hide"},{"name":"getName","signature":"getName As String"},{"name":"getHere","signature":"getHere As String"},{"name":"ShowActions","signature":"ShowActions"},{"name":"HideActions","signature":"HideActions"},{"name":"AddActionButton","signature":"AddActionButton(btnID As String, btnCaption As String, btnColor As String) As SDUIButton"},{"name":"AddActionButtonIcon","signature":"AddActionButtonIcon(btnID As String, sIcon As String, btnColor As String) As SDUIButton"},{"name":"setCaption","signature":"setCaption(l As String)"},{"name":"setDescription","signature":"setDescription(l As String)"},{"name":"setIconName","signature":"setIconName(i As String)"},{"name":"Info","signature":"Info"},{"name":"Success","signature":"Success"},{"name":"Warning","signature":"Warning"},{"name":"Error","signature":"Error"},{"name":"AddToParent","signature":"AddToParent(targetID As String, props As Map)"},{"name":"HideOnSmall","signature":"HideOnSmall"},{"name":"HideOnMedium","signature":"HideOnMedium"},{"name":"HideOnLarge","signature":"HideOnLarge"},{"name":"LinkExisting","signature":"LinkExisting"},{"name":"setParentID","signature":"setParentID(s As String)"},{"name":"setAlertType","signature":"setAlertType(s As String)"},{"name":"setVariant","signature":"setVariant(s As String)"},{"name":"setIconColor","signature":"setIconColor(s As String)"},{"name":"setAlertDescription","signature":"setAlertDescription(s As String)"},{"name":"setRounded","signature":"setRounded(b As Boolean)"},{"name":"setVisible","signature":"setVisible(b As Boolean)"},{"name":"setMarginAXYTBLR","signature":"setMarginAXYTBLR(s As String)"},{"name":"setPaddingAXYTBLR","signature":"setPaddingAXYTBLR(s As String)"},{"name":"setClasses","signature":"setClasses(s As String)"},{"name":"setStyles","signature":"setStyles(s As String)"},{"name":"setAttributes","signature":"setAttributes(s As String)"},{"name":"getParentID","signature":"getParentID As String"},{"name":"getAlertType","signature":"getAlertType As String"},{"name":"getVariant","signature":"getVariant As String"},{"name":"getIconName","signature":"getIconName As String"},{"name":"getIconColor","signature":"getIconColor As String"},{"name":"getBgColor","signature":"getBgColor As String"},{"name":"getCaption","signature":"getCaption As String"},{"name":"getAlertDescription","signature":"getAlertDescription As String"},{"name":"getRounded","signature":"getRounded As Boolean"},{"name":"getTextColor","signature":"getTextColor As String"},{"name":"getTimeOut","signature":"getTimeOut As String"},{"name":"getVisible","signature":"getVisible As Boolean"},{"name":"getMarginAXYTBLR","signature":"getMarginAXYTBLR As String"},{"name":"getPaddingAXYTBLR","signature":"getPaddingAXYTBLR As String"},{"name":"getClasses","signature":"getClasses As String"},{"name":"getStyles","signature":"getStyles As String"},{"name":"getAttributes","signature":"getAttributes As String"}]}