{"properties":[{"Key":"ParentID","DisplayName":"ParentID","FieldType":"String","DefaultValue":"","Description":"The ParentID of this div","List":""},{"Key":"Caption","DisplayName":"Caption","FieldType":"String","DefaultValue":"320×56","Description":"Caption","List":""},{"Key":"RawHtml","DisplayName":"HTML","FieldType":"String","DefaultValue":"","Description":"Html","List":""},{"Key":"Phone","DisplayName":"Phone","FieldType":"String","DefaultValue":"1","Description":"Phone","List":"1|2|3|4|5|6"},{"Key":"Demo","DisplayName":"Demo","FieldType":"Boolean","DefaultValue":"True","Description":"Adds shadow and radius. Puts items in center","List":""},{"Key":"Horizontal","DisplayName":"Horizontal","FieldType":"Boolean","DefaultValue":"False","Description":"Shows horizontal view","List":""},{"Key":"Visible","DisplayName":"Visible","FieldType":"Boolean","DefaultValue":"True","Description":"If visible.","List":""},{"Key":"MarginAXYTBLR","DisplayName":"Margins","FieldType":"String","DefaultValue":"a=?; x=?; y=?; t=?; b=?; l=?; r=?","Description":"Margins A-X-Y-T-B-L-R","List":""},{"Key":"PaddingAXYTBLR","DisplayName":"Paddings","FieldType":"String","DefaultValue":"a=?; x=?; y=?; t=?; b=?; l=?; r=?","Description":"Paddings A-X-Y-T-B-L-R","List":""},{"Key":"RawClasses","DisplayName":"Classes","FieldType":"String","DefaultValue":"","Description":"Classes added to the HTML tag.","List":""},{"Key":"RawStyles","DisplayName":"Styles","FieldType":"String","DefaultValue":"","Description":"Styles added to the HTML tag. Must be a json String- use =","List":""},{"Key":"RawAttributes","DisplayName":"Attributes","FieldType":"String","DefaultValue":"","Description":"Attributes added to the HTML tag. Must be a json String- use =","List":""}],"events":[],"methods":[{"name":"Initialize","signature":"Initialize (CallBack As Object, cName As String, EventName As String)"},{"name":"AddArtBoard","signature":"AddArtBoard(mCallback As Object, ParentID As String, ID As String)"},{"name":"setCaption","signature":"setCaption(l As String)"},{"name":"getCaption","signature":"getCaption As String"},{"name":"AssignElement","signature":"AssignElement(mCallBack As Object, ID As String)"},{"name":"getHere","signature":"getHere As String"},{"name":"setHTML","signature":"setHTML(l As String)"},{"name":"getHTML","signature":"getHTML As String"},{"name":"getName","signature":"getName As String"},{"name":"Show","signature":"Show"},{"name":"Hide","signature":"Hide"},{"name":"Enable","signature":"Enable"},{"name":"Disable","signature":"Disable"},{"name":"setDemo","signature":"setDemo(b As Boolean)"},{"name":"getDemo","signature":"getDemo As Boolean"},{"name":"setPhoneSize","signature":"setPhoneSize(s As String)"},{"name":"setHorizontal","signature":"setHorizontal(b As Boolean)"},{"name":"CellID","signature":"CellID(xRow As Int, xCol As Int) As String"},{"name":"Row","signature":"Row(xRow As Int) As SDUIDiv"},{"name":"Cell","signature":"Cell(xRow As Int, xCol As Int) As SDUIDiv"},{"name":"AddToParent","signature":"AddToParent(targetID As String, props As Map)"},{"name":"HideOnSmall","signature":"HideOnSmall"},{"name":"HideOnMedium","signature":"HideOnMedium"},{"name":"HideOnLarge","signature":"HideOnLarge"},{"name":"LinkExisting","signature":"LinkExisting"},{"name":"setParentID","signature":"setParentID(s As String)"},{"name":"setPhone","signature":"setPhone(s As String)"},{"name":"setVisible","signature":"setVisible(b As Boolean)"},{"name":"setMarginAXYTBLR","signature":"setMarginAXYTBLR(s As String)"},{"name":"setPaddingAXYTBLR","signature":"setPaddingAXYTBLR(s As String)"},{"name":"setClasses","signature":"setClasses(s As String)"},{"name":"setStyles","signature":"setStyles(s As String)"},{"name":"setAttributes","signature":"setAttributes(s As String)"},{"name":"getParentID","signature":"getParentID As String"},{"name":"getPhone","signature":"getPhone As String"},{"name":"getHorizontal","signature":"getHorizontal As Boolean"},{"name":"getVisible","signature":"getVisible As Boolean"},{"name":"getMarginAXYTBLR","signature":"getMarginAXYTBLR As String"},{"name":"getPaddingAXYTBLR","signature":"getPaddingAXYTBLR As String"},{"name":"getClasses","signature":"getClasses As String"},{"name":"getStyles","signature":"getStyles As String"},{"name":"getAttributes","signature":"getAttributes As String"},{"name":"AddClass","signature":"AddClass(s As String)"},{"name":"RemoveClass","signature":"RemoveClass(s As String)"},{"name":"ToggleClass","signature":"ToggleClass(s As String)"},{"name":"RemoveStyle","signature":"RemoveStyle(s As String)"}]}