{"properties":[{"Key":"ParentID","DisplayName":"ParentID","FieldType":"String","DefaultValue":"","Description":"The ParentID of this component","List":""},{"Key":"TargetID","DisplayName":"TargetID","FieldType":"String","DefaultValue":"","Description":"The TargetID of this component","List":""},{"Key":"Tag","DisplayName":"Tag","FieldType":"String","DefaultValue":"div","Description":"Tag","List":""},{"Key":"Text","DisplayName":"Text","FieldType":"String","DefaultValue":"","Description":"Text","List":""},{"Key":"Value","DisplayName":"Value","FieldType":"String","DefaultValue":"","Description":"Value","List":""},{"Key":"Height","DisplayName":"Height","FieldType":"String","DefaultValue":"","Description":"Height","List":""},{"Key":"Width","DisplayName":"Width","FieldType":"String","DefaultValue":"","Description":"Width","List":""},{"Key":"CenterChildren","DisplayName":"Center Children","FieldType":"Boolean","DefaultValue":"False","Description":"Center Children","List":""},{"Key":"PositionStyle","DisplayName":"Position Style","FieldType":"String","DefaultValue":"none","Description":"Position","List":"absolute|fixed|none|relative|static|sticky"},{"Key":"RawPosition","DisplayName":"Position Locations","FieldType":"String","DefaultValue":"t=?; b=?; r=?; l=?","Description":"Position Locations","List":""},{"Key":"AlignItems","DisplayName":"Align Items (Vertically)","FieldType":"String","DefaultValue":"normal","Description":"Align Items","List":"normal|stretch|center|flex-start|flex-end|start|end|baseline|initial|inherit"},{"Key":"JustifyContent","DisplayName":"Justify Content (Horizontally)","FieldType":"String","DefaultValue":"flex-start","Description":"Justify Content","List":"flex-start|flex-end|center|space-between|space-around|space-evenly|initial|inherit"},{"Key":"BgColor","DisplayName":"Bg Color","FieldType":"String","DefaultValue":"","Description":"Bg Color","List":""},{"Key":"BgColorIntensity","DisplayName":"Bg Color Intensity","FieldType":"String","DefaultValue":"","Description":"Bg Color Intensity","List":""},{"Key":"TextAlign","DisplayName":"Text Align","FieldType":"String","DefaultValue":"none","Description":"Text Align","List":"center|end|justify|left|none|right|start"},{"Key":"TextColor","DisplayName":"Text Color","FieldType":"String","DefaultValue":"","Description":"Text Color","List":""},{"Key":"TextColorIntensity","DisplayName":"Text Color Intensity","FieldType":"String","DefaultValue":"","Description":"Text Color Intensity","List":""},{"Key":"Border","DisplayName":"Border","FieldType":"String","DefaultValue":"","Description":"Border","List":""},{"Key":"Elevation","DisplayName":"Elevation (1-5)","FieldType":"String","DefaultValue":"","Description":"Elevation","List":""},{"Key":"Radius","DisplayName":"Radius","FieldType":"String","DefaultValue":"","Description":"Radius","List":""},{"Key":"BackgroundImage","DisplayName":"Background Image","FieldType":"String","DefaultValue":"","Description":"Background Image","List":""},{"Key":"Visible","DisplayName":"Visible","FieldType":"Boolean","DefaultValue":"True","Description":"If visible.","List":""},{"Key":"RawClasses","DisplayName":"Classes (;)","FieldType":"String","DefaultValue":"","Description":"Classes added to the HTML tag.","List":""},{"Key":"RawStyles","DisplayName":"Styles (JSON)","FieldType":"String","DefaultValue":"","Description":"Styles added to the HTML tag. Must be a json String use = and ;","List":""},{"Key":"RawAttributes","DisplayName":"Attributes (JSON)","FieldType":"String","DefaultValue":"","Description":"Attributes added to the HTML tag. Must be a json String use = and ;","List":""}],"events":[],"methods":[{"name":"Class_Globals","signature":"Class_Globals"},{"name":"Initialize","signature":"Initialize (Callback As Object, Name As String, EventName As String)"},{"name":"getElement","signature":"getElement() As BANanoElement"},{"name":"getID","signature":"getID() As String"},{"name":"AddToParent","signature":"AddToParent(targetID As String, props As Map)"},{"name":"Remove","signature":"Remove()"},{"name":"setParentID","signature":"setParentID(s As String)"},{"name":"setTargetID","signature":"setTargetID(s As String)"},{"name":"setElement","signature":"setElement(e As BANanoElement)"},{"name":"Clear","signature":"Clear"},{"name":"Append","signature":"Append(tmp As Object)"},{"name":"setHTML","signature":"setHTML(sHTML As String)"},{"name":"LinkExisting","signature":"LinkExisting"},{"name":"TriggerEvent","signature":"TriggerEvent(event As String, params() As String)"},{"name":"getHere","signature":"getHere() As String"},{"name":"AddAttr","signature":"AddAttr(attr As String, text As Object)"},{"name":"AddDataAttr","signature":"AddDataAttr(attr As String, text As String)"},{"name":"GetDataAttr","signature":"GetDataAttr(attr As String) As String"},{"name":"GetAttr","signature":"GetAttr(attr As String) As String"},{"name":"AddClass","signature":"AddClass(text As String)"},{"name":"ToggleClass","signature":"ToggleClass(s As String)"},{"name":"RemoveStyle","signature":"RemoveStyle(s As String)"},{"name":"RemoveClass","signature":"RemoveClass(text As String)"},{"name":"AddAttrMap","signature":"AddAttrMap(ms As Map)"},{"name":"RemoveAttr","signature":"RemoveAttr(attr As String)"},{"name":"AddStyleComputed","signature":"AddStyleComputed(attr As String, text As String)"},{"name":"AddStyleMap","signature":"AddStyleMap(ms As Map)"},{"name":"AddStyle","signature":"AddStyle(k As String, v As String)"},{"name":"setVisible","signature":"setVisible(b As Boolean)"},{"name":"getVisible","signature":"getVisible As Boolean"},{"name":"On","signature":"On(event As String, args As List)"},{"name":"OnEvent","signature":"OnEvent(event As String, Module As Object, methodName As String, args As List)"},{"name":"ResponsiveClass","signature":"ResponsiveClass(className As String, xs As Boolean, sm As Boolean, md As Boolean, lg As Boolean)"},{"name":"setAttributes","signature":"setAttributes(s As String)"},{"name":"setStyles","signature":"setStyles(s As String)"},{"name":"setClasses","signature":"setClasses(s As String)"},{"name":"getAttributes","signature":"getAttributes As String"},{"name":"getStyles","signature":"getStyles As String"},{"name":"getClasses","signature":"getClasses As String"},{"name":"getTargetID","signature":"getTargetID As String"},{"name":"OnChildEvent","signature":"OnChildEvent(child As String, event As String, Module As Object, methodName As String, args As List)"},{"name":"setText","signature":"setText(text As String)"},{"name":"getText","signature":"getText As String"},{"name":"setValue","signature":"setValue(text As String)"},{"name":"getValue","signature":"getValue As String"},{"name":"DesignerCreateView","signature":"DesignerCreateView (Target As BANanoElement, Props As Map)"},{"name":"setTextAlign","signature":"setTextAlign(s As String)"},{"name":"getTextAlign","signature":"getTextAlign As String"},{"name":"CenterChildren","signature":"CenterChildren(b As Boolean) As SDUIComponent"},{"name":"setAlignItems","signature":"setAlignItems(s As String)"},{"name":"getAlignItems","signature":"getAlignItems As String"},{"name":"setJustifyContent","signature":"setJustifyContent(s As String)"},{"name":"getJustifyContent","signature":"getJustifyContent As String"},{"name":"setTag","signature":"setTag(s As String)"},{"name":"getTag","signature":"getTag As String"},{"name":"getParentID","signature":"getParentID As String"},{"name":"setBackgroundImage","signature":"setBackgroundImage(s As String)"},{"name":"setBgColor","signature":"setBgColor(s As String)"},{"name":"setBgColorIntensity","signature":"setBgColorIntensity(s As String)"},{"name":"setBorder","signature":"setBorder(s As String)"},{"name":"setElevation","signature":"setElevation(s As String)"},{"name":"setRadius","signature":"setRadius(s As String)"},{"name":"setTextColor","signature":"setTextColor(s As String)"},{"name":"setTextColorIntensity","signature":"setTextColorIntensity(s As String)"},{"name":"getBackgroundImage","signature":"getBackgroundImage As String"},{"name":"getBgColor","signature":"getBgColor As String"},{"name":"getBgColorIntensity","signature":"getBgColorIntensity As String"},{"name":"getBorder","signature":"getBorder As String"},{"name":"getElevation","signature":"getElevation As String"},{"name":"getRadius","signature":"getRadius As String"},{"name":"getTextColor","signature":"getTextColor As String"},{"name":"getTextColorIntensity","signature":"getTextColorIntensity As String"},{"name":"setHeight","signature":"setHeight(s As String)"},{"name":"setWidth","signature":"setWidth(s As String)"},{"name":"getHeight","signature":"getHeight As String"},{"name":"getWidth","signature":"getWidth As String"}]}