{"properties":[{"Key":"ParentID","DisplayName":"ParentID","FieldType":"String","DefaultValue":"","Description":"The ParentID of this div","List":""},{"Key":"EventDisplayDefault","DisplayName":"Event Display Default","FieldType":"Boolean","DefaultValue":"True","Description":"Event Display Default","List":""},{"Key":"EventListToggler","DisplayName":"Event List Toggler","FieldType":"Boolean","DefaultValue":"True","Description":"Event List Toggler","List":""},{"Key":"EventHeaderFormat","DisplayName":"Event Header Format","FieldType":"String","DefaultValue":"MM d yyyy","Description":"Event Header Format","List":""},{"Key":"FirstDayOfWeek","DisplayName":"First Day Of Week","FieldType":"String","DefaultValue":"0","Description":"First Day Of Week","List":""},{"Key":"Format","DisplayName":"Format","FieldType":"String","DefaultValue":"yyyy-mm-dd","Description":"Format","List":""},{"Key":"Language","DisplayName":"Language","FieldType":"String","DefaultValue":"en","Description":"Language","List":"de|en|es|pt"},{"Key":"SidebarDisplayDefault","DisplayName":"Sidebar Display Default","FieldType":"Boolean","DefaultValue":"True","Description":"Sidebar Display Default","List":""},{"Key":"SidebarToggler","DisplayName":"Sidebar Toggler","FieldType":"Boolean","DefaultValue":"True","Description":"Sidebar Toggler","List":""},{"Key":"Theme","DisplayName":"Theme","FieldType":"String","DefaultValue":"default","Description":"Theme","List":"blue|coral|default|navy"},{"Key":"TitleFormat","DisplayName":"Title Format","FieldType":"String","DefaultValue":"MM yyyy","Description":"Title Format","List":""},{"Key":"TodayHighlight","DisplayName":"Today Highlight","FieldType":"Boolean","DefaultValue":"False","Description":"Today Highlight","List":""},{"Key":"Visible","DisplayName":"Visible","FieldType":"Boolean","DefaultValue":"True","Description":"If visible.","List":""},{"Key":"MarginAXYTBLR","DisplayName":"Margins","FieldType":"String","DefaultValue":"a=?; x=?; y=?; t=?; b=?; l=?; r=?","Description":"Margins A-X-Y-T-B-L-R","List":""},{"Key":"PaddingAXYTBLR","DisplayName":"Paddings","FieldType":"String","DefaultValue":"a=?; x=?; y=?; t=?; b=?; l=?; r=?","Description":"Paddings A-X-Y-T-B-L-R","List":""},{"Key":"RawClasses","DisplayName":"Classes","FieldType":"String","DefaultValue":"","Description":"Classes added to the HTML tag.","List":""},{"Key":"RawStyles","DisplayName":"Styles","FieldType":"String","DefaultValue":"","Description":"Styles added to the HTML tag. Must be a json String- use =","List":""},{"Key":"RawAttributes","DisplayName":"Attributes","FieldType":"String","DefaultValue":"","Description":"Attributes added to the HTML tag. Must be a json String- use =","List":""}],"events":[{"name":"selectDate (event As Map, newDate As Object)"},{"name":"selectEvent (event As Map, newEvent As Object)"},{"name":"selectMonth (activeMonth As Object, monthIndex As Int)"},{"name":"selectYear (activeYear As Int)"}],"methods":[{"name":"Class_Globals","signature":"Class_Globals"},{"name":"DesignerCreateView","signature":"DesignerCreateView (Target As BANanoElement, Props As Map)"},{"name":"Initialize","signature":"Initialize (CallBack As Object, cName As String, EventName As String)"},{"name":"AddEvoCalendar","signature":"AddEvoCalendar(mCallback As Object, ParentID As String, ID As String)"},{"name":"shadow","signature":"shadow(s As String)"},{"name":"RoundedBox","signature":"RoundedBox"},{"name":"setEventDisplayDefault","signature":"setEventDisplayDefault(s As Boolean)"},{"name":"setEventListToggler","signature":"setEventListToggler(b As Boolean)"},{"name":"setEventHeaderFormat","signature":"setEventHeaderFormat(s As String)"},{"name":"setFirstDayOfWeek","signature":"setFirstDayOfWeek(s As String)"},{"name":"setFormat","signature":"setFormat(s As String)"},{"name":"setLanguage","signature":"setLanguage(s As String)"},{"name":"setSidebarDisplayDefault","signature":"setSidebarDisplayDefault(b As Boolean)"},{"name":"setSidebarToggler","signature":"setSidebarToggler(b As Boolean)"},{"name":"setTheme","signature":"setTheme(s As String)"},{"name":"setTitleFormat","signature":"setTitleFormat(s As String)"},{"name":"setTodayHighlight","signature":"setTodayHighlight(b As Boolean)"},{"name":"AssignElement","signature":"AssignElement(mCallBack As Object, ID As String)"},{"name":"Enable","signature":"Enable"},{"name":"Disable","signature":"Disable"},{"name":"getName","signature":"getName As String"},{"name":"getHere","signature":"getHere As String"},{"name":"Show","signature":"Show"},{"name":"Hide","signature":"Hide"},{"name":"LoadComponentJson","signature":"LoadComponentJson(designName As String)"},{"name":"AddToParent","signature":"AddToParent(targetID As String, props As Map)"},{"name":"Refresh","signature":"Refresh"},{"name":"selectYear","signature":"selectYear(y As Int)"},{"name":"selectDate","signature":"selectDate(d As String)"},{"name":"selectMonth","signature":"selectMonth(d As Int)"},{"name":"getActiveDate","signature":"getActiveDate As String"},{"name":"getActiveEvents","signature":"getActiveEvents As List"},{"name":"Clear","signature":"Clear"},{"name":"AddEvent","signature":"AddEvent(eID As String, eName As String, eBadge As String, eDate1 As String, eDate2 As String, eDescription As String, eType As String, eColor As String, bEveryYear As Boolean)"},{"name":"AddHoliday","signature":"AddHoliday(eID As String, eName As String, eBadge As String, eDate1 As String, eDate2 As String, eDescription As String, eColor As String, bEveryYear As Boolean)"},{"name":"AddBirthday","signature":"AddBirthday(eID As String, eName As String, eBadge As String, eDate1 As String, eDate2 As String, eDescription As String, eColor As String, bEveryYear As Boolean)"},{"name":"AddEvent1","signature":"AddEvent1(eventm As Map)"},{"name":"setParentID","signature":"setParentID(s As String)"},{"name":"setVisible","signature":"setVisible(b As Boolean)"},{"name":"setMarginAXYTBLR","signature":"setMarginAXYTBLR(s As String)"},{"name":"setPaddingAXYTBLR","signature":"setPaddingAXYTBLR(s As String)"},{"name":"setClasses","signature":"setClasses(s As String)"},{"name":"setStyles","signature":"setStyles(s As String)"},{"name":"setAttributes","signature":"setAttributes(s As String)"},{"name":"getParentID","signature":"getParentID As String"},{"name":"getEventDisplayDefault","signature":"getEventDisplayDefault As Boolean"},{"name":"getEventListToggler","signature":"getEventListToggler As Boolean"},{"name":"getEventHeaderFormat","signature":"getEventHeaderFormat As String"},{"name":"getFirstDayOfWeek","signature":"getFirstDayOfWeek As String"},{"name":"getFormat","signature":"getFormat As String"},{"name":"getLanguage","signature":"getLanguage As String"},{"name":"getSidebarDisplayDefault","signature":"getSidebarDisplayDefault As Boolean"},{"name":"getSidebarToggler","signature":"getSidebarToggler As Boolean"},{"name":"getTheme","signature":"getTheme As String"},{"name":"getTitleFormat","signature":"getTitleFormat As String"},{"name":"getTodayHighlight","signature":"getTodayHighlight As Boolean"},{"name":"getVisible","signature":"getVisible As Boolean"},{"name":"getMarginAXYTBLR","signature":"getMarginAXYTBLR As String"},{"name":"getPaddingAXYTBLR","signature":"getPaddingAXYTBLR As String"},{"name":"getClasses","signature":"getClasses As String"},{"name":"getStyles","signature":"getStyles As String"},{"name":"getAttributes","signature":"getAttributes As String"}]}