{"properties":[{"Key":"ParentID","DisplayName":"ParentID","FieldType":"String","DefaultValue":"","Description":"The ParentID of this component","List":""},{"Key":"ApiKey","DisplayName":"Api Key","FieldType":"String","DefaultValue":"","Description":"Api Key","List":""},{"Key":"DatabaseType","DisplayName":"Database Type","FieldType":"String","DefaultValue":"pocketbase","Description":"Database Type","List":"firebase|mysqlrest|other|pocketbase"},{"Key":"TableName","DisplayName":"Table Name","FieldType":"String","DefaultValue":"","Description":"Table Name","List":""},{"Key":"Url","DisplayName":"Url","FieldType":"String","DefaultValue":"http","Description":"Url","List":""},{"Key":"UserName","DisplayName":"User Name","FieldType":"String","DefaultValue":"","Description":"User Name","List":""},{"Key":"Password","DisplayName":"Password","FieldType":"String","DefaultValue":"","Description":"Password","List":""},{"Key":"Port","DisplayName":"Port","FieldType":"String","DefaultValue":"3306","Description":"Port","List":""},{"Key":"PrimaryKey","DisplayName":"Primary Key","FieldType":"String","DefaultValue":"id","Description":"Primary Key","List":""},{"Key":"RawStrings","DisplayName":"Strings (;)","FieldType":"String","DefaultValue":"","Description":"Strings","List":""},{"Key":"RawIntegers","DisplayName":"Integers (;)","FieldType":"String","DefaultValue":"","Description":"Integers","List":""},{"Key":"RawBlobs","DisplayName":"Blobs (;)","FieldType":"String","DefaultValue":"","Description":"Blobs","List":""},{"Key":"RawBooleans","DisplayName":"Booleans (;)","FieldType":"String","DefaultValue":"","Description":"Booleans","List":""},{"Key":"RawDoubles","DisplayName":"Doubles (;)","FieldType":"String","DefaultValue":"","Description":"Doubles","List":""},{"Key":"RawFiles","DisplayName":"Files (;)","FieldType":"String","DefaultValue":"","Description":"Files","List":""},{"Key":"RawOrderBy","DisplayName":"Order By (;)","FieldType":"String","DefaultValue":"","Description":"Order By","List":""},{"Key":"CanCreate","DisplayName":"Can Create","FieldType":"Boolean","DefaultValue":"False","Description":"Can Create","List":""},{"Key":"CanRead","DisplayName":"Can Read","FieldType":"Boolean","DefaultValue":"False","Description":"Can Read","List":""},{"Key":"CanUpdate","DisplayName":"Can Update","FieldType":"Boolean","DefaultValue":"False","Description":"Can Update","List":""},{"Key":"CanDelete","DisplayName":"Can Delete","FieldType":"Boolean","DefaultValue":"False","Description":"Can Delete","List":""},{"Key":"CanSelect","DisplayName":"Can Select","FieldType":"Boolean","DefaultValue":"False","Description":"Can Select","List":""},{"Key":"CanSelectWhere","DisplayName":"Can Select Where","FieldType":"Boolean","DefaultValue":"False","Description":"Can Select Where","List":""}],"events":[],"methods":[{"name":"Class_Globals","signature":"Class_Globals"},{"name":"Initialize","signature":"Initialize (Callback As Object, Name As String, EventName As String)"},{"name":"getID","signature":"getID() As String"},{"name":"AddToParent","signature":"AddToParent(targetID As String, props As Map)"},{"name":"Remove","signature":"Remove()"},{"name":"setParentID","signature":"setParentID(s As String)"},{"name":"getHere","signature":"getHere() As String"},{"name":"DesignerCreateView","signature":"DesignerCreateView (Target As BANanoElement, Props As Map)"},{"name":"setApiKey","signature":"setApiKey(s As String)"},{"name":"setDatabaseType","signature":"setDatabaseType(s As String)"},{"name":"setPassword","signature":"setPassword(s As String)"},{"name":"setPort","signature":"setPort(s As String)"},{"name":"setPrimaryKey","signature":"setPrimaryKey(s As String)"},{"name":"setBlobs","signature":"setBlobs(s As String)"},{"name":"setBooleans","signature":"setBooleans(s As String)"},{"name":"setDoubles","signature":"setDoubles(s As String)"},{"name":"setFiles","signature":"setFiles(s As String)"},{"name":"setIntegers","signature":"setIntegers(s As String)"},{"name":"setOrderBy","signature":"setOrderBy(s As String)"},{"name":"setStrings","signature":"setStrings(s As String)"},{"name":"setTableName","signature":"setTableName(s As String)"},{"name":"setUrl","signature":"setUrl(s As String)"},{"name":"setUserName","signature":"setUserName(s As String)"},{"name":"getApiKey","signature":"getApiKey As String"},{"name":"getDatabaseType","signature":"getDatabaseType As String"},{"name":"getPassword","signature":"getPassword As String"},{"name":"getPort","signature":"getPort As String"},{"name":"getPrimaryKey","signature":"getPrimaryKey As String"},{"name":"getBlobs","signature":"getBlobs As String"},{"name":"getBooleans","signature":"getBooleans As String"},{"name":"getDoubles","signature":"getDoubles As String"},{"name":"getFiles","signature":"getFiles As String"},{"name":"getIntegers","signature":"getIntegers As String"},{"name":"getOrderBy","signature":"getOrderBy As String"},{"name":"getStrings","signature":"getStrings As String"},{"name":"getTableName","signature":"getTableName As String"},{"name":"getUrl","signature":"getUrl As String"},{"name":"getUserName","signature":"getUserName As String"},{"name":"setCanCreate","signature":"setCanCreate(b As Boolean)"},{"name":"setCanDelete","signature":"setCanDelete(b As Boolean)"},{"name":"setCanRead","signature":"setCanRead(b As Boolean)"},{"name":"setCanSelect","signature":"setCanSelect(b As Boolean)"},{"name":"setCanSelectWhere","signature":"setCanSelectWhere(b As Boolean)"},{"name":"setCanUpdate","signature":"setCanUpdate(b As Boolean)"},{"name":"getCanCreate","signature":"getCanCreate As Boolean"},{"name":"getCanDelete","signature":"getCanDelete As Boolean"},{"name":"getCanRead","signature":"getCanRead As Boolean"},{"name":"getCanSelect","signature":"getCanSelect As Boolean"},{"name":"getCanSelectWhere","signature":"getCanSelectWhere As Boolean"},{"name":"getCanUpdate","signature":"getCanUpdate As Boolean"}]}