{"properties":[{"Key":"ParentID","DisplayName":"ParentID","FieldType":"String","DefaultValue":"","Description":"The ParentID of this div","List":""},{"Key":"InputType","DisplayName":"Input Type","FieldType":"String","DefaultValue":"default","Description":"","List":"default|input-group|chip-group"},{"Key":"Caption","DisplayName":"Caption","FieldType":"String","DefaultValue":"TextArea1","Description":"Caption","List":""},{"Key":"PlaceHolder","DisplayName":"Place Holder","FieldType":"String","DefaultValue":"","Description":"Placeholder","List":""},{"Key":"Color","DisplayName":"Color","FieldType":"String","DefaultValue":"","Description":"Variant","List":"accent|error|ghost|ghost|info|none|nuetral|primary|secondary|success|warning"},{"Key":"CaptionColor","DisplayName":"Caption Color","FieldType":"String","DefaultValue":"","Description":"Caption Color","List":""},{"Key":"Value","DisplayName":"Value","FieldType":"String","DefaultValue":"","Description":"Value","List":""},{"Key":"TextAlignment","DisplayName":"Text Alignment","FieldType":"String","DefaultValue":"left","Description":"Text Alignment","List":"center|left|right"},{"Key":"MaxLength","DisplayName":"Max Length","FieldType":"String","DefaultValue":"","Description":"Max Length","List":""},{"Key":"Rows","DisplayName":"Rows","FieldType":"String","DefaultValue":"4","Description":"Rows","List":""},{"Key":"Size","DisplayName":"Size","FieldType":"String","DefaultValue":"none","Description":"Size","List":"lg|md|sm|xs|none"},{"Key":"Width","DisplayName":"Width","FieldType":"String","DefaultValue":"full","Description":"Width","List":""},{"Key":"Height","DisplayName":"Height","FieldType":"String","DefaultValue":"","Description":"Height","List":""},{"Key":"Prefix","DisplayName":"Prefix","FieldType":"String","DefaultValue":"","Description":"Prefix","List":""},{"Key":"PrependIcon","DisplayName":"Prepend Icon","FieldType":"String","DefaultValue":"","Description":"Prepend Icon","List":""},{"Key":"Suffix","DisplayName":"Suffix","FieldType":"String","DefaultValue":"","Description":"Suffix","List":""},{"Key":"AppendIcon","DisplayName":"Append Icon","FieldType":"String","DefaultValue":"","Description":"Append Icon","List":""},{"Key":"AutoFocus","DisplayName":"Auto Focus","FieldType":"Boolean","DefaultValue":"False","Description":"Auto Focus","List":""},{"Key":"Bordered","DisplayName":"Bordered","FieldType":"Boolean","DefaultValue":"True","Description":"Bordered","List":""},{"Key":"NoResize","DisplayName":"No Resize","FieldType":"Boolean","DefaultValue":"False","Description":"No Resize","List":""},{"Key":"Disabled","DisplayName":"Disabled","FieldType":"Boolean","DefaultValue":"False","Description":"If Disabled","List":""},{"Key":"HideDetails","DisplayName":"Hide Details","FieldType":"Boolean","DefaultValue":"False","Description":"Hide Details","List":""},{"Key":"Hint","DisplayName":"Hint","FieldType":"String","DefaultValue":"","Description":"Hint","List":""},{"Key":"InputGroupVertical","DisplayName":"Input Group Vertical","FieldType":"Boolean","DefaultValue":"False","Description":"Input Group Vertical","List":""},{"Key":"ReadOnly","DisplayName":"Read Only","FieldType":"Boolean","DefaultValue":"False","Description":"Read Only","List":""},{"Key":"Required","DisplayName":"Required","FieldType":"Boolean","DefaultValue":"False","Description":"Is Required","List":""},{"Key":"RoundedFull","DisplayName":"Rounded Full","FieldType":"Boolean","DefaultValue":"False","Description":"Rounded Full","List":""},{"Key":"BgColor","DisplayName":"Bg Color","FieldType":"String","DefaultValue":"","Description":"Background Color","List":""},{"Key":"BgColorIntensity","DisplayName":"Bg Color Intensity","FieldType":"String","DefaultValue":"","Description":"Background Color Intensity","List":""},{"Key":"RawKeyValues","DisplayName":"Chip Key Values","FieldType":"String","DefaultValue":"b4a","Description":"Key Values For The Items [k","List":""},{"Key":"ChipColor","DisplayName":"Chip Color","FieldType":"String","DefaultValue":"success","Description":"Chip Color","List":"accent|error|ghost|info|none|nuetral|primary|secondary|success|warning"},{"Key":"ChipHeight","DisplayName":"Chip Height","FieldType":"String","DefaultValue":"8","Description":"Chip Height","List":""},{"Key":"ChipOutlined","DisplayName":"Chip Outlined","FieldType":"Boolean","DefaultValue":"False","Description":"Chip Outlined","List":""},{"Key":"ChipSingleSelect","DisplayName":"Chip Single Select","FieldType":"Boolean","DefaultValue":"False","Description":"Chip Single Select","List":""},{"Key":"Visible","DisplayName":"Visible","FieldType":"Boolean","DefaultValue":"True","Description":"If visible.","List":""},{"Key":"AppendIconRemoved","DisplayName":"Append Icon Removed","FieldType":"Boolean","DefaultValue":"False","Description":"Append Icon Removed","List":""},{"Key":"HintTextRemoved","DisplayName":"Hint Text Removed","FieldType":"Boolean","DefaultValue":"False","Description":"Hint Text Removed","List":""},{"Key":"IndicatorRemoved","DisplayName":"Indicator Removed","FieldType":"Boolean","DefaultValue":"False","Description":"Indicator Removed","List":""},{"Key":"LabelRemoved","DisplayName":"Label Removed","FieldType":"Boolean","DefaultValue":"False","Description":"Label Removed","List":""},{"Key":"PrefixRemoved","DisplayName":"Prefix Removed","FieldType":"Boolean","DefaultValue":"False","Description":"Prefix Removed","List":""},{"Key":"PrependButtonRemoved","DisplayName":"Prepend Button Removed","FieldType":"Boolean","DefaultValue":"False","Description":"Prepend Button Removed","List":""},{"Key":"SuffixRemoved","DisplayName":"Suffix Removed","FieldType":"Boolean","DefaultValue":"False","Description":"Suffix Removed","List":""},{"Key":"MarginAXYTBLR","DisplayName":"Margins","FieldType":"String","DefaultValue":"a=?; x=?; y=?; t=?; b=?; l=?; r=?","Description":"Margins A-X-Y-T-B-L-R","List":""},{"Key":"PaddingAXYTBLR","DisplayName":"Paddings","FieldType":"String","DefaultValue":"a=?; x=?; y=?; t=?; b=?; l=?; r=?","Description":"Paddings A-X-Y-T-B-L-R","List":""},{"Key":"RawClasses","DisplayName":"Classes","FieldType":"String","DefaultValue":"","Description":"Classes added to the HTML tag.","List":""},{"Key":"RawStyles","DisplayName":"Styles","FieldType":"String","DefaultValue":"","Description":"Styles added to the HTML tag. Must be a json String- use =","List":""},{"Key":"RawAttributes","DisplayName":"Attributes","FieldType":"String","DefaultValue":"","Description":"Attributes added to the HTML tag. Must be a json String- use =","List":""}],"events":[{"name":"Focus (event As BANanoEvent)"},{"name":"Blur (event As BANanoEvent)"},{"name":"Keydown (event As BANanoEvent)"},{"name":"KeyUp (event As BANanoEvent)"},{"name":"TouchEnd (event As BANanoEvent)"},{"name":"Change (event As BANanoEvent)"},{"name":"Prepend_Click (event As BANanoEvent)"},{"name":"Append_Click (event As BANanoEvent)"},{"name":"Selected (Chips As String)"},{"name":"Checked (Status As Boolean, Value As String)"}],"methods":[{"name":"setChipSingleSelect","signature":"setChipSingleSelect(b As Boolean)"},{"name":"getChipSingleSelect","signature":"getChipSingleSelect As Boolean"},{"name":"setCaptionColor","signature":"setCaptionColor(s As String)"},{"name":"getCaptionColor","signature":"getCaptionColor As String"},{"name":"setHeight","signature":"setHeight(s As String)"},{"name":"getHeight","signature":"getHeight As String"},{"name":"AddTextAreaChipGroup","signature":"AddTextAreaChipGroup(mCallback As Object, ParentID As String, sID As String, xCaption As String, xHint As String, xChips As Map, xChipHeight As String, xChipColor As String, xChipOutlined As Boolean) As SDUITextArea"},{"name":"ClearChips","signature":"ClearChips"},{"name":"SetItemsChips","signature":"SetItemsChips(Items As Map)"},{"name":"GetSelectedChips","signature":"GetSelectedChips As String"},{"name":"GetChips","signature":"GetChips As String"},{"name":"SetSelectedChips","signature":"SetSelectedChips(items As String)"},{"name":"setTextAlignment","signature":"setTextAlignment(s As String)"},{"name":"getTextAlignment","signature":"getTextAlignment As String"},{"name":"setMaxLength","signature":"setMaxLength(s As String)"},{"name":"UpdateCounter","signature":"UpdateCounter"},{"name":"Initialize","signature":"Initialize (CallBack As Object, cName As String, EventName As String)"},{"name":"bgColorIntensity","signature":"bgColorIntensity(xcolor As String, intensity As String)"},{"name":"Enable","signature":"Enable"},{"name":"Disable","signature":"Disable"},{"name":"setEnabled","signature":"setEnabled(b As Boolean)"},{"name":"getEnabled","signature":"getEnabled As Boolean"},{"name":"setNoResize","signature":"setNoResize(b As Boolean)"},{"name":"AddClass","signature":"AddClass(xText As String)"},{"name":"RemoveStyle","signature":"RemoveStyle(s As String)"},{"name":"ToggleClass","signature":"ToggleClass(s As String)"},{"name":"setAutoFocus","signature":"setAutoFocus(p As Boolean)"},{"name":"AddTextArea","signature":"AddTextArea(mCallback As Object, ParentID As String, ID As String)"},{"name":"setFieldName","signature":"setFieldName(s As String)"},{"name":"setBadgesSize","signature":"setBadgesSize(s As String)"},{"name":"getBadgesSize","signature":"getBadgesSize As String"},{"name":"AddTextAreaGroup","signature":"AddTextAreaGroup(mCallback As Object, ParentID As String, sID As String, xCaption As String, xHint As String) As SDUITextArea"},{"name":"RemovePrependIcon","signature":"RemovePrependIcon"},{"name":"RemoveAppendIcon","signature":"RemoveAppendIcon"},{"name":"RemoveHint","signature":"RemoveHint"},{"name":"RemoveLabel","signature":"RemoveLabel"},{"name":"RemovePrefix","signature":"RemovePrefix"},{"name":"RemoveSuffix","signature":"RemoveSuffix"},{"name":"setW","signature":"setW(v As String)"},{"name":"setHideDetails","signature":"setHideDetails(b As Boolean)"},{"name":"AssignElement","signature":"AssignElement(mCallBack As Object, ID As String)"},{"name":"setPrependIcon","signature":"setPrependIcon(picon As String)"},{"name":"setAppendIconHoverBGColor","signature":"setAppendIconHoverBGColor(c As String)"},{"name":"setPrependIconHoverBGColor","signature":"setPrependIconHoverBGColor(c As String)"},{"name":"setAppendIconBGColor","signature":"setAppendIconBGColor(c As String)"},{"name":"setPrependIconBGColor","signature":"setPrependIconBGColor(c As String)"},{"name":"setAppendIcon","signature":"setAppendIcon(picon As String)"},{"name":"setPrefix","signature":"setPrefix(l As String)"},{"name":"AddStyle","signature":"AddStyle(attr As String, text As String)"},{"name":"setSuffix","signature":"setSuffix(l As String)"},{"name":"setValue","signature":"setValue(s As String)"},{"name":"getValue","signature":"getValue As String"},{"name":"setCaption","signature":"setCaption(l As String)"},{"name":"setHintCaption","signature":"setHintCaption(l As String)"},{"name":"setErrorMessage","signature":"setErrorMessage(p As String)"},{"name":"setErrorCaption","signature":"setErrorCaption(l As String)"},{"name":"On","signature":"On(event As String, CallBack As Object, MethodName As String)"},{"name":"setSize","signature":"setSize(s As String)"},{"name":"getName","signature":"getName As String"},{"name":"getHere","signature":"getHere As String"},{"name":"setBordered","signature":"setBordered(b As Boolean)"},{"name":"setGhost","signature":"setGhost(b As Boolean)"},{"name":"setPlaceholder","signature":"setPlaceholder(s As String)"},{"name":"getDisabled","signature":"getDisabled As Boolean"},{"name":"setInputGroupSize","signature":"setInputGroupSize(S As String)"},{"name":"setInputGroupVertical","signature":"setInputGroupVertical(b As Boolean)"},{"name":"RemoveClass","signature":"RemoveClass(xText As String)"},{"name":"Show","signature":"Show"},{"name":"Hide","signature":"Hide"},{"name":"setColor","signature":"setColor(s As String)"},{"name":"setRequired","signature":"setRequired(b As Boolean)"},{"name":"setReadOnly","signature":"setReadOnly(b As Boolean)"},{"name":"setRows","signature":"setRows(i As String)"},{"name":"setCols","signature":"setCols(i As Int)"},{"name":"HintColorIntensity","signature":"HintColorIntensity(hcolor As String, intensity As String)"},{"name":"IsBlank","signature":"IsBlank As Boolean"},{"name":"ResetValidation","signature":"ResetValidation"},{"name":"roundedFull","signature":"roundedFull As SDUITextArea"},{"name":"wFull","signature":"wFull As SDUITextArea"},{"name":"Count","signature":"Count As Int"},{"name":"LoadComponentJson","signature":"LoadComponentJson(designName As String)"},{"name":"AddToParent","signature":"AddToParent(targetID As String, props As Map)"},{"name":"focus","signature":"focus"},{"name":"HideOnSmall","signature":"HideOnSmall"},{"name":"HideOnMedium","signature":"HideOnMedium"},{"name":"HideOnLarge","signature":"HideOnLarge"},{"name":"CopyFromClipBoard","signature":"CopyFromClipBoard"},{"name":"CopyToClipboard","signature":"CopyToClipboard"},{"name":"LinkExisting","signature":"LinkExisting"},{"name":"OnEvent\t\t\t'ignore","signature":"OnEvent(event As String, Module As Object, methodName As String, args As List)\t\t\t'ignore"},{"name":"setParentID","signature":"setParentID(s As String)"},{"name":"setInputType","signature":"setInputType(s As String)"},{"name":"setWidth","signature":"setWidth(s As String)"},{"name":"setDisabled","signature":"setDisabled(b As Boolean)"},{"name":"setHint","signature":"setHint(s As String)"},{"name":"setBgColor","signature":"setBgColor(s As String)"},{"name":"setVisible","signature":"setVisible(b As Boolean)"},{"name":"setMarginAXYTBLR","signature":"setMarginAXYTBLR(s As String)"},{"name":"setPaddingAXYTBLR","signature":"setPaddingAXYTBLR(s As String)"},{"name":"setClasses","signature":"setClasses(s As String)"},{"name":"setStyles","signature":"setStyles(s As String)"},{"name":"setAttributes","signature":"setAttributes(s As String)"},{"name":"getParentID","signature":"getParentID As String"},{"name":"getInputType","signature":"getInputType As String"},{"name":"getCaption","signature":"getCaption As String"},{"name":"getPlaceHolder","signature":"getPlaceHolder As String"},{"name":"getColor","signature":"getColor As String"},{"name":"getMaxLength","signature":"getMaxLength As String"},{"name":"getRows","signature":"getRows As String"},{"name":"getSize","signature":"getSize As String"},{"name":"getWidth","signature":"getWidth As String"},{"name":"getPrefix","signature":"getPrefix As String"},{"name":"getPrependIcon","signature":"getPrependIcon As String"},{"name":"getSuffix","signature":"getSuffix As String"},{"name":"getAppendIcon","signature":"getAppendIcon As String"},{"name":"getAutoFocus","signature":"getAutoFocus As Boolean"},{"name":"getBordered","signature":"getBordered As Boolean"},{"name":"getNoResize","signature":"getNoResize As Boolean"},{"name":"getHideDetails","signature":"getHideDetails As Boolean"},{"name":"getHint","signature":"getHint As String"},{"name":"getInputGroupVertical","signature":"getInputGroupVertical As Boolean"},{"name":"getReadOnly","signature":"getReadOnly As Boolean"},{"name":"getRequired","signature":"getRequired As Boolean"},{"name":"getBgColor","signature":"getBgColor As String"},{"name":"getVisible","signature":"getVisible As Boolean"},{"name":"getMarginAXYTBLR","signature":"getMarginAXYTBLR As String"},{"name":"getPaddingAXYTBLR","signature":"getPaddingAXYTBLR As String"},{"name":"getClasses","signature":"getClasses As String"},{"name":"getStyles","signature":"getStyles As String"},{"name":"getAttributes","signature":"getAttributes As String"},{"name":"setKeyValues","signature":"setKeyValues(s As String)"},{"name":"getKeyValues","signature":"getKeyValues As String"},{"name":"setChipColor","signature":"setChipColor(s As String)"},{"name":"setChipHeight","signature":"setChipHeight(s As String)"},{"name":"setChipOutlined","signature":"setChipOutlined(b As Boolean)"},{"name":"getChipColor","signature":"getChipColor As String"},{"name":"getChipHeight","signature":"getChipHeight As String"},{"name":"getChipOutlined","signature":"getChipOutlined As Boolean"},{"name":"getAppendIconRemoved","signature":"getAppendIconRemoved As Boolean"},{"name":"getHintTextRemoved","signature":"getHintTextRemoved As Boolean"},{"name":"getIndicatorRemoved","signature":"getIndicatorRemoved As Boolean"},{"name":"getLabelRemoved","signature":"getLabelRemoved As Boolean"},{"name":"getPrefixRemoved","signature":"getPrefixRemoved As Boolean"},{"name":"getPrependButtonRemoved","signature":"getPrependButtonRemoved As Boolean"},{"name":"getSuffixRemoved","signature":"getSuffixRemoved As Boolean"},{"name":"setAppendIconRemoved","signature":"setAppendIconRemoved(b As Boolean)"},{"name":"setHintTextRemoved","signature":"setHintTextRemoved(b As Boolean)"},{"name":"setIndicatorRemoved","signature":"setIndicatorRemoved(b As Boolean)"},{"name":"setLabelRemoved","signature":"setLabelRemoved(b As Boolean)"},{"name":"setPrefixRemoved","signature":"setPrefixRemoved(b As Boolean)"},{"name":"setPrependButtonRemoved","signature":"setPrependButtonRemoved(b As Boolean)"},{"name":"setSuffixRemoved","signature":"setSuffixRemoved(b As Boolean)"}]}