{"properties":[{"Key":"ParentID","DisplayName":"Form Name","FieldType":"String","DefaultValue":"","Description":"The Form Name of this component","List":""},{"Key":"FieldName","DisplayName":"Field Name","FieldType":"String","DefaultValue":"","Description":"Field Name","List":""},{"Key":"Title","DisplayName":"Title","FieldType":"String","DefaultValue":"","Description":"Title","List":""},{"Key":"ComponentType","DisplayName":"Component Type","FieldType":"String","DefaultValue":"TextBox","Description":"Component Type","List":"CamCorder|CheckBox|ColorPicker|Avatar|AvatarPlaceholder|Badge|BadgeLeftAvatar|BadgeLeftIcon|BadgeRightIcon|Button|ButtonIcon|ButtonIndicator|Camera|CheckBoxLabel|DatePicker|DatePicker1|DateTimePicker|DateTimePicker1|Dialer|Email|FileInput1|FileInputLabel|FileInputProgress|Image|Label|Link|Microphone|Number|Password|Password1|PlaceHolder|Progress|ProgressLabel|RadialProgress|Radio|RadioGroup|RadioLabel|Range|RangeLabel|Rating|RatingLabel|Select|Select1|Telephone|TextArea|TextArea1|TextAreaLabel|TextBox|TextBox1|TextBoxLabel|TimePicker|Toggle|ToggleLabel|Website|Signature|RollDate"},{"Key":"Row","DisplayName":"Row","FieldType":"String","DefaultValue":"1","Description":"Row","List":""},{"Key":"Column","DisplayName":"Column","FieldType":"String","DefaultValue":"1","Description":"Column","List":""},{"Key":"PlaceHolder","DisplayName":"Place Holder","FieldType":"String","DefaultValue":"","Description":"Place Holder","List":""},{"Key":"Color","DisplayName":"Color","FieldType":"String","DefaultValue":"none","Description":"Color","List":"danger|dark|light|medium|none|primary|secondary|success|tertiary|warning"},{"Key":"TextColor","DisplayName":"Text Color","FieldType":"String","DefaultValue":"","Description":"Text Color","List":""},{"Key":"DefaultValue","DisplayName":"Default Value","FieldType":"String","DefaultValue":"","Description":"Default Value","List":""},{"Key":"Name","DisplayName":"Name","FieldType":"String","DefaultValue":"","Description":"Name","List":""},{"Key":"RefreshForm","DisplayName":"Refresh Form","FieldType":"Boolean","DefaultValue":"False","Description":"Refresh Form","List":""},{"Key":"Prefix","DisplayName":"Prefix","FieldType":"String","DefaultValue":"","Description":"Prefix","List":""},{"Key":"Suffix","DisplayName":"Suffix","FieldType":"String","DefaultValue":"","Description":"Suffix","List":""},{"Key":"PrependIcon","DisplayName":"Prepend Icon","FieldType":"String","DefaultValue":"","Description":"Prepend Icon","List":""},{"Key":"AppendIcon","DisplayName":"Append Icon","FieldType":"String","DefaultValue":"","Description":"Append Icon","List":""},{"Key":"MaxLength","DisplayName":"Max Length","FieldType":"String","DefaultValue":"","Description":"Max Length","List":""},{"Key":"Size","DisplayName":"Size","FieldType":"String","DefaultValue":"","Description":"Size","List":""},{"Key":"TextSize","DisplayName":"Text Size","FieldType":"String","DefaultValue":"","Description":"Text Size","List":""},{"Key":"TextAlign","DisplayName":"Text Align","FieldType":"String","DefaultValue":"left","Description":"Text Align","List":"left|center|right"},{"Key":"Url","DisplayName":"Url","FieldType":"String","DefaultValue":"","Description":"Url","List":""},{"Key":"Circle","DisplayName":"Circle","FieldType":"Boolean","DefaultValue":"False","Description":"Circle","List":""},{"Key":"DateFormat","DisplayName":"Date Format","FieldType":"String","DefaultValue":"","Description":"Date Format","List":""},{"Key":"DisplayDateFormat","DisplayName":"Display Date Format","FieldType":"String","DefaultValue":"","Description":"Display Date Format","List":""},{"Key":"Disabled","DisplayName":"Disabled","FieldType":"Boolean","DefaultValue":"False","Description":"Disabled","List":""},{"Key":"FullWidth","DisplayName":"Full Width","FieldType":"Boolean","DefaultValue":"False","Description":"Full Width","List":""},{"Key":"Width","DisplayName":"Width","FieldType":"String","DefaultValue":"","Description":"Width","List":""},{"Key":"Height","DisplayName":"Height","FieldType":"String","DefaultValue":"","Description":"Height","List":""},{"Key":"Hint","DisplayName":"Hint","FieldType":"String","DefaultValue":"","Description":"Hint","List":""},{"Key":"ErrorText","DisplayName":"Error Text","FieldType":"String","DefaultValue":"","Description":"Error Text","List":""},{"Key":"Subtitle1","DisplayName":"Sub Title","FieldType":"String","DefaultValue":"","Description":"Sub Title","List":""},{"Key":"Subtitle2","DisplayName":"Sub Title 1","FieldType":"String","DefaultValue":"","Description":"Sub Title 1","List":""},{"Key":"Href","DisplayName":"Href","FieldType":"String","DefaultValue":"","Description":"Href","List":""},{"Key":"IconName","DisplayName":"Icon Name","FieldType":"String","DefaultValue":"","Description":"Icon Name","List":""},{"Key":"LabelPosition","DisplayName":"CheckBox/Toggle Position","FieldType":"String","DefaultValue":"left","Description":"CheckBox/Toggle Position","List":"left|right"},{"Key":"TogglePosition","DisplayName":"Toggle Position","FieldType":"String","DefaultValue":"left","Description":"Toggle Position","List":"left|right"},{"Key":"Locale","DisplayName":"Locale","FieldType":"String","DefaultValue":"en","Description":"Locale","List":""},{"Key":"Update","DisplayName":"Update","FieldType":"String","DefaultValue":"","Description":"Component to Update","List":""},{"Key":"MinValue","DisplayName":"Min Value","FieldType":"String","DefaultValue":"0","Description":"Min Value","List":""},{"Key":"StepValue","DisplayName":"Step Value","FieldType":"String","DefaultValue":"1","Description":"Step Value","List":""},{"Key":"MaxValue","DisplayName":"Max Value","FieldType":"String","DefaultValue":"100","Description":"Max Value","List":""},{"Key":"Multiple","DisplayName":"Multiple","FieldType":"Boolean","DefaultValue":"False","Description":"Multiple","List":""},{"Key":"Outlined","DisplayName":"Outlined","FieldType":"Boolean","DefaultValue":"False","Description":"Outlined","List":""},{"Key":"RawImages","DisplayName":"Images (JSON)","FieldType":"String","DefaultValue":"","Description":"Raw Images","List":""},{"Key":"RawOptions","DisplayName":"Options (JSON)","FieldType":"String","DefaultValue":"","Description":"Raw Options","List":""},{"Key":"ReadOnly","DisplayName":"Read Only","FieldType":"Boolean","DefaultValue":"False","Description":"Read Only","List":""},{"Key":"Required","DisplayName":"Required","FieldType":"Boolean","DefaultValue":"False","Description":"Required","List":""},{"Key":"Rounded","DisplayName":"Rounded","FieldType":"Boolean","DefaultValue":"False","Description":"Rounded","List":""},{"Key":"RowDisplay","DisplayName":"Row Display","FieldType":"Boolean","DefaultValue":"False","Description":"Row Display","List":""},{"Key":"Shape","DisplayName":"Shape","FieldType":"String","DefaultValue":"","Description":"Shape","List":"squircle|heart|hexagon|hexagon-2|decagon|pentagon|diamond|square|circle|parallelogram|parallelogram-2|parallelogram-3|parallelogram-4|star|star-2|triangle|triangle-2|triangle-3|triangle-4|half-1|half-2"},{"Key":"ThickNess","DisplayName":"Thick Ness","FieldType":"String","DefaultValue":"","Description":"Thick Ness","List":""},{"Key":"Time24Hours","DisplayName":"Time24 Hours","FieldType":"Boolean","DefaultValue":"True","Description":"Time24 Hours","List":""},{"Key":"Visible","DisplayName":"Visible","FieldType":"Boolean","DefaultValue":"True","Description":"Visible","List":""}],"events":[],"methods":[{"name":"Class_Globals","signature":"Class_Globals"},{"name":"Initialize","signature":"Initialize (Callback As Object, Name As String, EventName As String)"},{"name":"getID","signature":"getID() As String"},{"name":"AddToParent","signature":"AddToParent(targetID As String, props As Map)"},{"name":"setParentID","signature":"setParentID(s As String)"},{"name":"getHere","signature":"getHere() As String"},{"name":"setVisible","signature":"setVisible(b As Boolean)"},{"name":"getVisible","signature":"getVisible As Boolean"},{"name":"DesignerCreateView","signature":"DesignerCreateView (Target As BANanoElement, Props As Map)"},{"name":"setMaxLength","signature":"setMaxLength(s As String)"},{"name":"getMaxLength","signature":"getMaxLength As String"},{"name":"setName","signature":"setName(s As String)"},{"name":"setRefreshForm","signature":"setRefreshForm(b As Boolean)"},{"name":"getName","signature":"getName As String"},{"name":"getRefreshForm","signature":"getRefreshForm As Boolean"},{"name":"setComponentType","signature":"setComponentType(s As String)"},{"name":"setAppendIcon","signature":"setAppendIcon(s As String)"},{"name":"setCircle","signature":"setCircle(b As Boolean)"},{"name":"setColor","signature":"setColor(s As String)"},{"name":"setColumn","signature":"setColumn(s As String)"},{"name":"setDateFormat","signature":"setDateFormat(s As String)"},{"name":"setDefaultValue","signature":"setDefaultValue(s As String)"},{"name":"setDisabled","signature":"setDisabled(b As Boolean)"},{"name":"setDisplayDateFormat","signature":"setDisplayDateFormat(s As String)"},{"name":"setFieldName","signature":"setFieldName(s As String)"},{"name":"setFullWidth","signature":"setFullWidth(b As Boolean)"},{"name":"setHeight","signature":"setHeight(s As String)"},{"name":"setHint","signature":"setHint(s As String)"},{"name":"setHref","signature":"setHref(s As String)"},{"name":"setIconName","signature":"setIconName(s As String)"},{"name":"setLabelPosition","signature":"setLabelPosition(s As String)"},{"name":"setLocale","signature":"setLocale(s As String)"},{"name":"setMaxValue","signature":"setMaxValue(s As String)"},{"name":"setMinValue","signature":"setMinValue(s As String)"},{"name":"setMultiple","signature":"setMultiple(b As Boolean)"},{"name":"setOutlined","signature":"setOutlined(b As Boolean)"},{"name":"setPlaceHolder","signature":"setPlaceHolder(s As String)"},{"name":"setPrefix","signature":"setPrefix(s As String)"},{"name":"setPrependIcon","signature":"setPrependIcon(s As String)"},{"name":"setImages","signature":"setImages(s As String)"},{"name":"setOptions","signature":"setOptions(s As String)"},{"name":"setReadOnly","signature":"setReadOnly(b As Boolean)"},{"name":"setRequired","signature":"setRequired(b As Boolean)"},{"name":"setRounded","signature":"setRounded(b As Boolean)"},{"name":"setRow","signature":"setRow(s As String)"},{"name":"setRowDisplay","signature":"setRowDisplay(b As Boolean)"},{"name":"setShape","signature":"setShape(s As String)"},{"name":"setSize","signature":"setSize(s As String)"},{"name":"setStepValue","signature":"setStepValue(s As String)"},{"name":"setSuffix","signature":"setSuffix(s As String)"},{"name":"setTextColor","signature":"setTextColor(s As String)"},{"name":"setTextSize","signature":"setTextSize(s As String)"},{"name":"setThickNess","signature":"setThickNess(s As String)"},{"name":"setTime24Hours","signature":"setTime24Hours(b As Boolean)"},{"name":"setTitle","signature":"setTitle(s As String)"},{"name":"setTogglePosition","signature":"setTogglePosition(s As String)"},{"name":"setUrl","signature":"setUrl(s As String)"},{"name":"getAppendIcon","signature":"getAppendIcon As String"},{"name":"getCircle","signature":"getCircle As Boolean"},{"name":"getColor","signature":"getColor As String"},{"name":"getColumn","signature":"getColumn As String"},{"name":"getDateFormat","signature":"getDateFormat As String"},{"name":"getDefaultValue","signature":"getDefaultValue As String"},{"name":"getDisabled","signature":"getDisabled As Boolean"},{"name":"getDisplayDateFormat","signature":"getDisplayDateFormat As String"},{"name":"getFieldName","signature":"getFieldName As String"},{"name":"getFullWidth","signature":"getFullWidth As Boolean"},{"name":"getHeight","signature":"getHeight As String"},{"name":"getHint","signature":"getHint As String"},{"name":"getHref","signature":"getHref As String"},{"name":"getIconName","signature":"getIconName As String"},{"name":"getLabelPosition","signature":"getLabelPosition As String"},{"name":"getLocale","signature":"getLocale As String"},{"name":"getMaxValue","signature":"getMaxValue As String"},{"name":"getMinValue","signature":"getMinValue As String"},{"name":"getMultiple","signature":"getMultiple As Boolean"},{"name":"getOutlined","signature":"getOutlined As Boolean"},{"name":"getPlaceHolder","signature":"getPlaceHolder As String"},{"name":"getPrefix","signature":"getPrefix As String"},{"name":"getPrependIcon","signature":"getPrependIcon As String"},{"name":"getImages","signature":"getImages As String"},{"name":"getOptions","signature":"getOptions As String"},{"name":"getReadOnly","signature":"getReadOnly As Boolean"},{"name":"getRequired","signature":"getRequired As Boolean"},{"name":"getRounded","signature":"getRounded As Boolean"},{"name":"getRow","signature":"getRow As String"},{"name":"getRowDisplay","signature":"getRowDisplay As Boolean"},{"name":"getShape","signature":"getShape As String"},{"name":"getSize","signature":"getSize As String"},{"name":"getStepValue","signature":"getStepValue As String"},{"name":"getSuffix","signature":"getSuffix As String"},{"name":"getTextColor","signature":"getTextColor As String"},{"name":"getTextSize","signature":"getTextSize As String"},{"name":"getThickNess","signature":"getThickNess As String"},{"name":"getTime24Hours","signature":"getTime24Hours As Boolean"},{"name":"getTitle","signature":"getTitle As String"},{"name":"getTogglePosition","signature":"getTogglePosition As String"},{"name":"getUrl","signature":"getUrl As String"},{"name":"setSubTitle","signature":"setSubTitle(s As String)"},{"name":"setSubTitle1","signature":"setSubTitle1(s As String)"},{"name":"getSubTitle","signature":"getSubTitle As String"},{"name":"getSubtitle1","signature":"getSubtitle1 As String"},{"name":"setWidth","signature":"setWidth(s As String)"},{"name":"setErrorText","signature":"setErrorText(s As String)"},{"name":"setSubtitle2","signature":"setSubtitle2(s As String)"},{"name":"setTextAlign","signature":"setTextAlign(s As String)"},{"name":"setUpdate","signature":"setUpdate(s As String)"},{"name":"getParentID","signature":"getParentID As String"},{"name":"getComponentType","signature":"getComponentType As String"},{"name":"getWidth","signature":"getWidth As String"},{"name":"getErrorText","signature":"getErrorText As String"},{"name":"getSubtitle2","signature":"getSubtitle2 As String"},{"name":"getTextAlign","signature":"getTextAlign As String"},{"name":"getUpdate","signature":"getUpdate As String"}]}