{"properties":[{"Key":"ParentID","DisplayName":"ParentID","FieldType":"String","DefaultValue":"","Description":"The ParentID of this div","List":""},{"Key":"ImageVisible","DisplayName":"Image Visible","FieldType":"Boolean","DefaultValue":"True","Description":"Image Visible","List":""},{"Key":"LeftIconVisible","DisplayName":"Left Icon Visible","FieldType":"Boolean","DefaultValue":"False","Description":"Left Icon Visible","List":""},{"Key":"TitleVisible","DisplayName":"Title Visible","FieldType":"Boolean","DefaultValue":"True","Description":"Title Visible","List":""},{"Key":"SubTitleVisible","DisplayName":"Sub Title Visible","FieldType":"Boolean","DefaultValue":"True","Description":"Sub Title Visible","List":""},{"Key":"RightTextVisible","DisplayName":"Right Text Visible","FieldType":"Boolean","DefaultValue":"True","Description":"Right Text Visible","List":""},{"Key":"RightIconVisible","DisplayName":"Right Icon Visible","FieldType":"Boolean","DefaultValue":"True","Description":"Right Icon Visible","List":""},{"Key":"RoundedBox","DisplayName":"Rounded Box","FieldType":"Boolean","DefaultValue":"True","Description":"Rounded Box","List":""},{"Key":"Shadow","DisplayName":"Shadow","FieldType":"Boolean","DefaultValue":"True","Description":"Elevation","List":""},{"Key":"Visible","DisplayName":"Visible","FieldType":"Boolean","DefaultValue":"True","Description":"If visible.","List":""},{"Key":"MarginAXYTBLR","DisplayName":"Margins","FieldType":"String","DefaultValue":"a=?; x=?; y=?; t=?; b=?; l=?; r=?","Description":"Margins A-X-Y-T-B-L-R","List":""},{"Key":"PaddingAXYTBLR","DisplayName":"Paddings","FieldType":"String","DefaultValue":"a=?; x=?; y=?; t=?; b=?; l=?; r=?","Description":"Paddings A-X-Y-T-B-L-R","List":""},{"Key":"RawClasses","DisplayName":"Classes","FieldType":"String","DefaultValue":"","Description":"Classes added to the HTML tag.","List":""},{"Key":"RawStyles","DisplayName":"Styles","FieldType":"String","DefaultValue":"","Description":"Styles added to the HTML tag. Must be a json String- use =","List":""},{"Key":"RawAttributes","DisplayName":"Attributes","FieldType":"String","DefaultValue":"","Description":"Attributes added to the HTML tag. Must be a json String- use =","List":""}],"events":[{"name":"Click (item As String)"}],"methods":[{"name":"AddListView","signature":"AddListView(mCallback As Object, ParentID As String, ID As String)"},{"name":"AssignElement","signature":"AssignElement(mCallBack As Object, ID As String)"},{"name":"Size","signature":"Size As Int"},{"name":"SetItemVisible","signature":"SetItemVisible(itemID As String, v As Boolean)"},{"name":"SetItemImageVisible","signature":"SetItemImageVisible(itemID As String, v As Boolean)"},{"name":"SetItemImage","signature":"SetItemImage(itemID As String, url As String)"},{"name":"SetItemTitle","signature":"SetItemTitle(itemID As String, title As String)"},{"name":"SetItemTitleVisible","signature":"SetItemTitleVisible(itemID As String, v As Boolean)"},{"name":"SetItemSubTitle","signature":"SetItemSubTitle(itemID As String, title As String)"},{"name":"SetItemSubTitleVisible","signature":"SetItemSubTitleVisible(itemID As String, v As Boolean)"},{"name":"SetItemRightText","signature":"SetItemRightText(itemID As String, title As String)"},{"name":"SetItemRightTextVisible","signature":"SetItemRightTextVisible(itemID As String, v As Boolean)"},{"name":"SetItemRightIconVisible","signature":"SetItemRightIconVisible(itemID As String, v As Boolean)"},{"name":"SetItemLeftIconVisible","signature":"SetItemLeftIconVisible(itemID As String, v As Boolean)"},{"name":"AddItemTitle","signature":"AddItemTitle(id As String, Title As String)"},{"name":"AddItemImageTitle","signature":"AddItemImageTitle(id As String, sImage As String, sTitle As String)"},{"name":"AddItem","signature":"AddItem(ID As String, sImage As String, sTitle As String, sSubTitle As String, sRightText As String)"},{"name":"AddIcon","signature":"AddIcon(ID As String, sIcon As String, sTitle As String, sSubTitle As String, sRightText As String)"},{"name":"SetItemIconName","signature":"SetItemIconName(itemID As String, sIconName As String)"},{"name":"getHere","signature":"getHere As String"},{"name":"getName","signature":"getName As String"},{"name":"Show","signature":"Show"},{"name":"Hide","signature":"Hide"},{"name":"Enable","signature":"Enable"},{"name":"Disable","signature":"Disable"},{"name":"Clear","signature":"Clear"},{"name":"Initialize","signature":"Initialize (CallBack As Object, cName As String, EventName As String)"},{"name":"shadow","signature":"shadow(s As String)"},{"name":"RoundedBox","signature":"RoundedBox"},{"name":"AddToParent","signature":"AddToParent(targetID As String, props As Map)"},{"name":"setImageVisible","signature":"setImageVisible(b As Boolean)"},{"name":"setRightIconVisible","signature":"setRightIconVisible(b As Boolean)"},{"name":"setRightTextVisible","signature":"setRightTextVisible(b As Boolean)"},{"name":"setSubTitleVisible","signature":"setSubTitleVisible(b As Boolean)"},{"name":"setTitleVisible","signature":"setTitleVisible(b As Boolean)"},{"name":"setLeftIconVisible","signature":"setLeftIconVisible(b As Boolean)"},{"name":"HideOnSmall","signature":"HideOnSmall"},{"name":"HideOnMedium","signature":"HideOnMedium"},{"name":"HideOnLarge","signature":"HideOnLarge"},{"name":"LinkExisting","signature":"LinkExisting"},{"name":"setParentID","signature":"setParentID(s As String)"},{"name":"setVisible","signature":"setVisible(b As Boolean)"},{"name":"setMarginAXYTBLR","signature":"setMarginAXYTBLR(s As String)"},{"name":"setPaddingAXYTBLR","signature":"setPaddingAXYTBLR(s As String)"},{"name":"setClasses","signature":"setClasses(s As String)"},{"name":"setStyles","signature":"setStyles(s As String)"},{"name":"setAttributes","signature":"setAttributes(s As String)"},{"name":"getParentID","signature":"getParentID As String"},{"name":"getImageVisible","signature":"getImageVisible As Boolean"},{"name":"getLeftIconVisible","signature":"getLeftIconVisible As Boolean"},{"name":"getTitleVisible","signature":"getTitleVisible As Boolean"},{"name":"getSubTitleVisible","signature":"getSubTitleVisible As Boolean"},{"name":"getRightTextVisible","signature":"getRightTextVisible As Boolean"},{"name":"getRightIconVisible","signature":"getRightIconVisible As Boolean"},{"name":"getVisible","signature":"getVisible As Boolean"},{"name":"getMarginAXYTBLR","signature":"getMarginAXYTBLR As String"},{"name":"getPaddingAXYTBLR","signature":"getPaddingAXYTBLR As String"},{"name":"getClasses","signature":"getClasses As String"},{"name":"getStyles","signature":"getStyles As String"},{"name":"getAttributes","signature":"getAttributes As String"}]}