{"properties":[{"Key":"ParentID","DisplayName":"ParentID","FieldType":"String","DefaultValue":"","Description":"The ParentID of this div","List":""},{"Key":"Clipped","DisplayName":"Clipped","FieldType":"Boolean","DefaultValue":"False","Description":"Decrease the width by toolbar","List":""},{"Key":"ShowImage","DisplayName":"Show Image","FieldType":"Boolean","DefaultValue":"True","Description":"Show Image","List":""},{"Key":"ImageShape","DisplayName":"Image Shape","FieldType":"String","DefaultValue":"circle","Description":"Image Shape","List":"none|circle|rounded|squircle|heart|hexagon|hexagon-2|decagon|pentagon|diamond|square|parallelogram|parallelogram-2|parallelogram-3|parallelogram-4|star|star-2|triangle|triangle-2|triangle-3|triangle-4|half-1|half-2"},{"Key":"ImageSize","DisplayName":"Image Size","FieldType":"String","DefaultValue":"10","Description":"Image Size","List":""},{"Key":"ShowHeader","DisplayName":"Show Header","FieldType":"Boolean","DefaultValue":"True","Description":"Show Header","List":""},{"Key":"ShowFooter","DisplayName":"Show Footer","FieldType":"Boolean","DefaultValue":"True","Description":"Show Footer","List":""},{"Key":"TextColor","DisplayName":"Text Color","FieldType":"String","DefaultValue":"","Description":"Text Color","List":""},{"Key":"TextColorIntensity","DisplayName":"Text Color Intensity","FieldType":"String","DefaultValue":"","Description":"Text Color Intensity","List":""},{"Key":"BgColor","DisplayName":"Bg Color","FieldType":"String","DefaultValue":"base","Description":"Bg Color","List":""},{"Key":"BgColorIntensity","DisplayName":"Bg Color Intensity","FieldType":"String","DefaultValue":"100","Description":"Bg Color Intensity","List":""},{"Key":"Height","DisplayName":"Height","FieldType":"String","DefaultValue":"full","Description":"Height","List":""},{"Key":"Width","DisplayName":"Width","FieldType":"String","DefaultValue":"full","Description":"Width","List":""},{"Key":"RoundedBox","DisplayName":"Rounded Box","FieldType":"Boolean","DefaultValue":"False","Description":"Rounded Box","List":""},{"Key":"Shadow","DisplayName":"Shadow","FieldType":"String","DefaultValue":"none","Description":"Shadow","List":""},{"Key":"Visible","DisplayName":"Visible","FieldType":"Boolean","DefaultValue":"True","Description":"If visible.","List":""},{"Key":"MarginAXYTBLR","DisplayName":"Margins","FieldType":"String","DefaultValue":"a=?; x=?; y=?; t=?; b=?; l=?; r=?","Description":"Margins A-X-Y-T-B-L-R","List":""},{"Key":"PaddingAXYTBLR","DisplayName":"Paddings","FieldType":"String","DefaultValue":"a=?; x=?; y=?; t=?; b=?; l=?; r=?","Description":"Paddings A-X-Y-T-B-L-R","List":""},{"Key":"RawClasses","DisplayName":"Classes","FieldType":"String","DefaultValue":"","Description":"Classes added to the HTML tag.","List":""},{"Key":"RawStyles","DisplayName":"Styles","FieldType":"String","DefaultValue":"","Description":"Styles added to the HTML tag. Must be a json String- use =","List":""},{"Key":"RawAttributes","DisplayName":"Attributes","FieldType":"String","DefaultValue":"","Description":"Attributes added to the HTML tag. Must be a json String- use =","List":""}],"events":[{"name":"Send (e As BANanoEvent)"},{"name":"IsTyping (Status as boolean)"}],"methods":[{"name":"Class_Globals","signature":"Class_Globals"},{"name":"DesignerCreateView","signature":"DesignerCreateView (Target As BANanoElement, Props As Map)"},{"name":"Initialize","signature":"Initialize (CallBack As Object, cName As String, EventName As String)"},{"name":"shadow","signature":"shadow(s As String)"},{"name":"RoundedBox","signature":"RoundedBox"},{"name":"TextColorIntensity","signature":"TextColorIntensity(hcolor As String, intensity As String)"},{"name":"BGColorIntensity","signature":"BGColorIntensity(c As String, s As String)"},{"name":"setBgColor","signature":"setBgColor(s As String)"},{"name":"setHeight","signature":"setHeight(s As String)"},{"name":"getHeight","signature":"getHeight As String"},{"name":"setWidth","signature":"setWidth(s As String)"},{"name":"getWidth","signature":"getWidth As String"},{"name":"AssignElement","signature":"AssignElement(mCallBack As Object, ID As String)"},{"name":"setClipped","signature":"setClipped(b As Boolean)"},{"name":"getClipped","signature":"getClipped As Boolean"},{"name":"AddChat","signature":"AddChat(mCallback As Object, ParentID As String, ID As String)"},{"name":"setMessage","signature":"setMessage(s As String)"},{"name":"getMessage","signature":"getMessage As String"},{"name":"ScrollToLast","signature":"ScrollToLast"},{"name":"Clear","signature":"Clear"},{"name":"Enable","signature":"Enable"},{"name":"Disable","signature":"Disable"},{"name":"getName","signature":"getName As String"},{"name":"getHere","signature":"getHere As String"},{"name":"Show","signature":"Show"},{"name":"Hide","signature":"Hide"},{"name":"setShowFooter","signature":"setShowFooter(b As Boolean)"},{"name":"setShowHeader","signature":"setShowHeader(b As Boolean)"},{"name":"setShowImage","signature":"setShowImage(b As Boolean)"},{"name":"AddConversationFromBasic","signature":"AddConversationFromBasic(cID As String, sMessage As String) As SDUIChat"},{"name":"AddConversationToBasic","signature":"AddConversationToBasic(cID As String, sMessage As String) As SDUIChat"},{"name":"AddConversation","signature":"AddConversation(cID As String, bIncoming As Boolean, sSenderImage As String, sSenderName As String, sSenderTime As String, sMessage As String, sFooter As String) As SDUIChat"},{"name":"ScrollMessageIntoView","signature":"ScrollMessageIntoView(cID As String)"},{"name":"DeleteConversation","signature":"DeleteConversation(cID As String) As SDUIChat"},{"name":"HideConversation","signature":"HideConversation(cID As String) As SDUIChat"},{"name":"ShowConversation","signature":"ShowConversation(cID As String) As SDUIChat"},{"name":"ShowConversationImage","signature":"ShowConversationImage(cID As String) As SDUIChat"},{"name":"HideConversationImage","signature":"HideConversationImage(cID As String) As SDUIChat"},{"name":"ShowConversationHeader","signature":"ShowConversationHeader(cID As String) As SDUIChat"},{"name":"HideConversationHeader","signature":"HideConversationHeader(cID As String) As SDUIChat"},{"name":"ShowConversationFooter","signature":"ShowConversationFooter(cID As String) As SDUIChat"},{"name":"HideConversationFooter","signature":"HideConversationFooter(cID As String) As SDUIChat"},{"name":"ShowConversationMessage","signature":"ShowConversationMessage(cID As String) As SDUIChat"},{"name":"HideConversationMessage","signature":"HideConversationMessage(cID As String) As SDUIChat"},{"name":"UpdateConversation","signature":"UpdateConversation(cID As String, sSenderImage As String, sSenderName As String, sSenderTime As String, sMessage As String, sFooter As String)  As SDUIChat"},{"name":"SetConversationSenderTime","signature":"SetConversationSenderTime(cID As String, sSenderTime As String) As SDUIChat"},{"name":"SetConversationFooter","signature":"SetConversationFooter(cID As String, sFooter As String) As SDUIChat"},{"name":"SetConversationSenderName","signature":"SetConversationSenderName(cID As String, sSenderName As String) As SDUIChat"},{"name":"SetConversationSenderImage","signature":"SetConversationSenderImage(cID As String, sSenderImage As String) As SDUIChat"},{"name":"SetConversationMessage","signature":"SetConversationMessage(cID As String, sMessage As String) As SDUIChat"},{"name":"SetConversationColor","signature":"SetConversationColor(cID As String, sColor As String) As SDUIChat"},{"name":"AddToParent","signature":"AddToParent(targetID As String, props As Map)"},{"name":"LinkExisting","signature":"LinkExisting"},{"name":"setParentID","signature":"setParentID(s As String)"},{"name":"setImageShape","signature":"setImageShape(s As String)"},{"name":"setImageSize","signature":"setImageSize(s As String)"},{"name":"setTextColor","signature":"setTextColor(s As String)"},{"name":"setVisible","signature":"setVisible(b As Boolean)"},{"name":"setMarginAXYTBLR","signature":"setMarginAXYTBLR(s As String)"},{"name":"setPaddingAXYTBLR","signature":"setPaddingAXYTBLR(s As String)"},{"name":"setClasses","signature":"setClasses(s As String)"},{"name":"setStyles","signature":"setStyles(s As String)"},{"name":"setAttributes","signature":"setAttributes(s As String)"},{"name":"getParentID","signature":"getParentID As String"},{"name":"getShowImage","signature":"getShowImage As Boolean"},{"name":"getImageShape","signature":"getImageShape As String"},{"name":"getImageSize","signature":"getImageSize As String"},{"name":"getShowHeader","signature":"getShowHeader As Boolean"},{"name":"getShowFooter","signature":"getShowFooter As Boolean"},{"name":"getTextColor","signature":"getTextColor As String"},{"name":"getBgColor","signature":"getBgColor As String"},{"name":"getVisible","signature":"getVisible As Boolean"},{"name":"getMarginAXYTBLR","signature":"getMarginAXYTBLR As String"},{"name":"getPaddingAXYTBLR","signature":"getPaddingAXYTBLR As String"},{"name":"getClasses","signature":"getClasses As String"},{"name":"getStyles","signature":"getStyles As String"},{"name":"getAttributes","signature":"getAttributes As String"}]}