{"properties":[{"Key":"ParentID","DisplayName":"ParentID","FieldType":"String","DefaultValue":"","Description":"The ParentID of this div","List":""},{"Key":"ListType","DisplayName":"List Type","FieldType":"String","DefaultValue":"none","Description":"List Type","List":"decimal|disc|none"},{"Key":"SpaceY","DisplayName":"Space Y","FieldType":"String","DefaultValue":"1","Description":"Space Y","List":""},{"Key":"StylePosition","DisplayName":"Style Position","FieldType":"String","DefaultValue":"none","Description":"Style Position","List":"none|inside|outside"},{"Key":"Orderedlist","DisplayName":"Ordered","FieldType":"Boolean","DefaultValue":"False","Description":"Ordered List","List":""},{"Key":"TextSize","DisplayName":"Text Size","FieldType":"String","DefaultValue":"","Description":"Text Size","List":""},{"Key":"Visible","DisplayName":"Visible","FieldType":"Boolean","DefaultValue":"True","Description":"If visible.","List":""},{"Key":"MarginAXYTBLR","DisplayName":"Margins","FieldType":"String","DefaultValue":"a=?; x=?; y=?; t=?; b=?; l=?; r=?","Description":"Margins A-X-Y-T-B-L-R","List":""},{"Key":"PaddingAXYTBLR","DisplayName":"Paddings","FieldType":"String","DefaultValue":"a=?; x=?; y=?; t=?; b=?; l=?; r=?","Description":"Paddings A-X-Y-T-B-L-R","List":""},{"Key":"RawClasses","DisplayName":"Classes","FieldType":"String","DefaultValue":"","Description":"Classes added to the HTML tag.","List":""},{"Key":"RawStyles","DisplayName":"Styles","FieldType":"String","DefaultValue":"","Description":"Styles added to the HTML tag. Must be a json String- use =","List":""},{"Key":"RawAttributes","DisplayName":"Attributes","FieldType":"String","DefaultValue":"","Description":"Attributes added to the HTML tag. Must be a json String- use =","List":""}],"events":[{"name":"Click (e As BANanoEvent)"}],"methods":[{"name":"Initialize","signature":"Initialize (CallBack As Object, pName As String, EventName As String)"},{"name":"AddList","signature":"AddList(mCallback As Object, ParentID As String, ID As String, HasOrder As Boolean)"},{"name":"AssignElement","signature":"AssignElement(mCallBack As Object, ID As String)"},{"name":"markerTextColor","signature":"markerTextColor(c As String) As SDUIList"},{"name":"markerTextColorIntensity","signature":"markerTextColorIntensity(c As String, i As String) As SDUIList"},{"name":"listDisc","signature":"listDisc As SDUIList"},{"name":"listDecimal","signature":"listDecimal As SDUIList"},{"name":"listNone","signature":"listNone As SDUIList"},{"name":"textColor","signature":"textColor(s As String) As SDUIList"},{"name":"textSize","signature":"textSize(s As String) As SDUIList"},{"name":"textColorIntensity","signature":"textColorIntensity(s As String, i As Int) As SDUIList"},{"name":"bgColor","signature":"bgColor(s As String) As SDUIList"},{"name":"bgColorIntensity","signature":"bgColorIntensity(s As String, i As Int) As SDUIList"},{"name":"Enable","signature":"Enable"},{"name":"Disable","signature":"Disable"},{"name":"Show","signature":"Show"},{"name":"Hide","signature":"Hide"},{"name":"Append","signature":"Append(varText As String)"},{"name":"Remove","signature":"Remove"},{"name":"On","signature":"On(event As String, CallBack As Object, MethodName As String)"},{"name":"getHere","signature":"getHere As String"},{"name":"getName","signature":"getName As String"},{"name":"Clear","signature":"Clear"},{"name":"listType","signature":"listType(s As String) As SDUIList"},{"name":"stylePosition","signature":"stylePosition(s As String) As SDUIList"},{"name":"AddListItemLabel","signature":"AddListItemLabel(id As String, scaption As String) As SDUILabel"},{"name":"AddListItemLabelAnchor","signature":"AddListItemLabelAnchor(id As String, scaption As String, goto As String) As SDUIDiv"},{"name":"spaceY","signature":"spaceY(s As String) As SDUIList"},{"name":"pl","signature":"pl(s As String) As SDUIList"},{"name":"AddToParent","signature":"AddToParent(targetID As String, props As Map)"},{"name":"HideOnSmall","signature":"HideOnSmall"},{"name":"HideOnMedium","signature":"HideOnMedium"},{"name":"HideOnLarge","signature":"HideOnLarge"},{"name":"LinkExisting","signature":"LinkExisting"},{"name":"OnEvent\t\t\t'ignore","signature":"OnEvent(event As String, Module As Object, methodName As String, args As List)\t\t\t'ignore"},{"name":"setParentID","signature":"setParentID(s As String)"},{"name":"setOrderedlist","signature":"setOrderedlist(b As Boolean)"},{"name":"setVisible","signature":"setVisible(b As Boolean)"},{"name":"setMarginAXYTBLR","signature":"setMarginAXYTBLR(s As String)"},{"name":"setPaddingAXYTBLR","signature":"setPaddingAXYTBLR(s As String)"},{"name":"setClasses","signature":"setClasses(s As String)"},{"name":"setStyles","signature":"setStyles(s As String)"},{"name":"setAttributes","signature":"setAttributes(s As String)"},{"name":"getParentID","signature":"getParentID As String"},{"name":"getOrderedlist","signature":"getOrderedlist As Boolean"},{"name":"getVisible","signature":"getVisible As Boolean"},{"name":"getMarginAXYTBLR","signature":"getMarginAXYTBLR As String"},{"name":"getPaddingAXYTBLR","signature":"getPaddingAXYTBLR As String"},{"name":"getClasses","signature":"getClasses As String"},{"name":"getStyles","signature":"getStyles As String"},{"name":"getAttributes","signature":"getAttributes As String"}]}