{"properties":[{"Key":"ParentID","DisplayName":"ParentID","FieldType":"String","DefaultValue":"","Description":"The ParentID of this component","List":""},{"Key":"Text","DisplayName":"Text","FieldType":"String","DefaultValue":"","Description":"Menu Title","List":""},{"Key":"Height","DisplayName":"Height","FieldType":"String","DefaultValue":"","Description":"Height","List":""},{"Key":"Width","DisplayName":"Width","FieldType":"String","DefaultValue":"","Description":"Width","List":""},{"Key":"HoverBgColor","DisplayName":"Hover Bg Color","FieldType":"String","DefaultValue":"","Description":"Hover Bg Color","List":""},{"Key":"FocusBgColor","DisplayName":"Focus Bg Color","FieldType":"String","DefaultValue":"","Description":"Focus Bg Color","List":""},{"Key":"ActiveBgColor","DisplayName":"Active Bg Color","FieldType":"String","DefaultValue":"","Description":"Active Bg Color","List":""},{"Key":"ActiveTextColor","DisplayName":"Active Text Color","FieldType":"String","DefaultValue":"","Description":"Active Text Color","List":""},{"Key":"Active","DisplayName":"Active","FieldType":"Boolean","DefaultValue":"False","Description":"Active","List":""},{"Key":"Bordered","DisplayName":"Bordered","FieldType":"Boolean","DefaultValue":"False","Description":"Bordered","List":""},{"Key":"Disabled","DisplayName":"Disabled","FieldType":"Boolean","DefaultValue":"False","Description":"Disabled","List":""},{"Key":"HasSubmenu","DisplayName":"Has SubMenu","FieldType":"Boolean","DefaultValue":"False","Description":"Has SubMenu","List":""},{"Key":"HoverBordered","DisplayName":"Hover Bordered","FieldType":"Boolean","DefaultValue":"False","Description":"Hover Bordered","List":""},{"Key":"Href","DisplayName":"Href","FieldType":"String","DefaultValue":"","Description":"Href","List":""},{"Key":"Target","DisplayName":"Target","FieldType":"String","DefaultValue":"none","Description":"Target","List":"_blank|_parent|_self|_top|none"},{"Key":"Visible","DisplayName":"Visible","FieldType":"Boolean","DefaultValue":"True","Description":"If visible.","List":""},{"Key":"MarginAXYTBLR","DisplayName":"Margins","FieldType":"String","DefaultValue":"a=?; x=?; y=?; t=?; b=?; l=?; r=?","Description":"Margins A(all)-X(LR)-Y(TB)-T-B-L-R","List":""},{"Key":"PaddingAXYTBLR","DisplayName":"Paddings","FieldType":"String","DefaultValue":"a=?; x=?; y=?; t=?; b=?; l=?; r=?","Description":"Paddings A(all)-X(LR)-Y(TB)-T-B-L-R","List":""},{"Key":"RawClasses","DisplayName":"Classes (;)","FieldType":"String","DefaultValue":"","Description":"Classes added to the HTML tag.","List":""},{"Key":"RawStyles","DisplayName":"Styles (","FieldType":"String","DefaultValue":"","Description":"Styles added to the HTML tag. Must be a json String use = and ;","List":""},{"Key":"RawAttributes","DisplayName":"Attributes","FieldType":"String","DefaultValue":"","Description":"Attributes added to the HTML tag. Must be a json String use = and ;","List":""}],"events":[{"name":"Click (e As BANanoEvent)"}],"methods":[{"name":"Class_Globals","signature":"Class_Globals"},{"name":"Initialize","signature":"Initialize (Callback As Object, Name As String, EventName As String)"},{"name":"getElement","signature":"getElement() As BANanoElement"},{"name":"getID","signature":"getID() As String"},{"name":"AddToParent","signature":"AddToParent(targetID As String, props As Map)"},{"name":"Remove","signature":"Remove()"},{"name":"setElement","signature":"setElement(e As BANanoElement)"},{"name":"Clear","signature":"Clear"},{"name":"Append","signature":"Append(tmp As Object)"},{"name":"SetHTML","signature":"SetHTML(sHTML As String)"},{"name":"LinkExisting","signature":"LinkExisting"},{"name":"TriggerEvent","signature":"TriggerEvent(event As String, params() As String)"},{"name":"getHere","signature":"getHere() As String"},{"name":"AddAttr","signature":"AddAttr(attr As String, text As Object)"},{"name":"AddDataAttr","signature":"AddDataAttr(attr As String, text As String)"},{"name":"GetDataAttr","signature":"GetDataAttr(attr As String) As String"},{"name":"GetAttr","signature":"GetAttr(attr As String) As String"},{"name":"AddClass","signature":"AddClass(text As String)"},{"name":"RemoveStyle","signature":"RemoveStyle(s As String)"},{"name":"ToggleClass","signature":"ToggleClass(s As String)"},{"name":"RemoveClass","signature":"RemoveClass(text As String)"},{"name":"AddAttrMap","signature":"AddAttrMap(ms As Map)"},{"name":"RemoveAttr","signature":"RemoveAttr(attr As String)"},{"name":"AddStyleComputed","signature":"AddStyleComputed(attr As String, text As String)"},{"name":"AddStyleMap","signature":"AddStyleMap(ms As Map)"},{"name":"AddStyle","signature":"AddStyle(k As String, v As String)"},{"name":"Show","signature":"Show"},{"name":"Hide","signature":"Hide"},{"name":"DesignerCreateView","signature":"DesignerCreateView (Target As BANanoElement, Props As Map)"},{"name":"setActiveTextColor","signature":"setActiveTextColor(s As String)"},{"name":"setFocusBgColor","signature":"setFocusBgColor(s As String)"},{"name":"setHoverBgColor","signature":"setHoverBgColor(s As String)"},{"name":"setActiveBgColor","signature":"setActiveBgColor(s As String)"},{"name":"setText","signature":"setText(s As String)"},{"name":"BGColorIntensity","signature":"BGColorIntensity(c As String, s As String)"},{"name":"TextColorIntensity","signature":"TextColorIntensity(hcolor As String, intensity As String)"},{"name":"setHeight","signature":"setHeight(s As String)"},{"name":"setWidth","signature":"setWidth(s As String)"},{"name":"getHeight","signature":"getHeight As String"},{"name":"getWidth","signature":"getWidth As String"},{"name":"OnEvent\t'ignore","signature":"OnEvent(event As String, CallBack As Object, MethodName As String, args As List)\t'ignore"},{"name":"setParentID","signature":"setParentID(s As String)"},{"name":"setVisible","signature":"setVisible(b As Boolean)"},{"name":"setMarginAXYTBLR","signature":"setMarginAXYTBLR(s As String)"},{"name":"setPaddingAXYTBLR","signature":"setPaddingAXYTBLR(s As String)"},{"name":"setClasses","signature":"setClasses(s As String)"},{"name":"setStyles","signature":"setStyles(s As String)"},{"name":"setAttributes","signature":"setAttributes(s As String)"},{"name":"getParentID","signature":"getParentID As String"},{"name":"getText","signature":"getText As String"},{"name":"getHoverBgColor","signature":"getHoverBgColor As String"},{"name":"getFocusBgColor","signature":"getFocusBgColor As String"},{"name":"getActiveBgColor","signature":"getActiveBgColor As String"},{"name":"getActiveTextColor","signature":"getActiveTextColor As String"},{"name":"getVisible","signature":"getVisible As Boolean"},{"name":"getMarginAXYTBLR","signature":"getMarginAXYTBLR As String"},{"name":"getPaddingAXYTBLR","signature":"getPaddingAXYTBLR As String"},{"name":"getClasses","signature":"getClasses As String"},{"name":"getStyles","signature":"getStyles As String"},{"name":"getAttributes","signature":"getAttributes As String"},{"name":"setActive","signature":"setActive(b As Boolean)"},{"name":"setBordered","signature":"setBordered(b As Boolean)"},{"name":"setDisabled","signature":"setDisabled(b As Boolean)"},{"name":"setHasSubmenu","signature":"setHasSubmenu(b As Boolean)"},{"name":"setHoverBordered","signature":"setHoverBordered(b As Boolean)"},{"name":"setHref","signature":"setHref(s As String)"},{"name":"setTarget","signature":"setTarget(s As String)"},{"name":"getActive","signature":"getActive As Boolean"},{"name":"getBordered","signature":"getBordered As Boolean"},{"name":"getDisabled","signature":"getDisabled As Boolean"},{"name":"getHasSubmenu","signature":"getHasSubmenu As Boolean"},{"name":"getHoverBordered","signature":"getHoverBordered As Boolean"},{"name":"getHref","signature":"getHref As String"},{"name":"getTarget","signature":"getTarget As String"}]}