{"properties":[{"Key":"ParentID","DisplayName":"ParentID","FieldType":"String","DefaultValue":"","Description":"The ParentID of this div","List":""},{"Key":"InitialView","DisplayName":"Initial View","FieldType":"String","DefaultValue":"dayGridMonth","Description":"Initial View","List":"dayGridMonth|dayGridWeek|listMonth|listWeek|timeGridDay|timeGridWeek"},{"Key":"InitialDate","DisplayName":"Initial Date","FieldType":"String","DefaultValue":"now","Description":"Initial Date","List":""},{"Key":"AspectRatio","DisplayName":"Aspect Ratio","FieldType":"String","DefaultValue":"3","Description":"Aspect Ratio","List":""},{"Key":"BusinessHours","DisplayName":"Business Hours","FieldType":"Boolean","DefaultValue":"False","Description":"Business Hours","List":""},{"Key":"ButtonIcons","DisplayName":"Button Icons","FieldType":"Boolean","DefaultValue":"True","Description":"Show The Prev/next Text","List":""},{"Key":"DayMaxEvents","DisplayName":"Day Max Events","FieldType":"Boolean","DefaultValue":"True","Description":"Day Max Events","List":""},{"Key":"ScrollTime","DisplayName":"Scroll Time","FieldType":"String","DefaultValue":"06","Description":"Determines How Far Forward The Scroll Pane Is Initially Scrolled","List":""},{"Key":"ScrollTimeReset","DisplayName":"Scroll Time Reset","FieldType":"Boolean","DefaultValue":"True","Description":"Whether The View Should Scroll To Scrolltime Every Time The Date Range Changes.","List":""},{"Key":"SlotDuration","DisplayName":"Slot Duration","FieldType":"String","DefaultValue":"00","Description":"The Frequency For Displaying Time Slots.","List":""},{"Key":"SlotMinTime","DisplayName":"Slot Min Time","FieldType":"String","DefaultValue":"00","Description":"The First Time Slot That Will Be Displayed For Each Day","List":""},{"Key":"SlotMaxTime","DisplayName":"Slot Max Time","FieldType":"String","DefaultValue":"24","Description":"The Last Time Slot That Will Be Displayed For Each Day","List":""},{"Key":"ContentHeight","DisplayName":"Content Height","FieldType":"String","DefaultValue":"auto","Description":"Content Height","List":""},{"Key":"ExpandRows","DisplayName":"Expand Rows","FieldType":"Boolean","DefaultValue":"False","Description":"Expand Rows","List":""},{"Key":"Height","DisplayName":"Height","FieldType":"String","DefaultValue":"auto","Description":"Height","List":""},{"Key":"Droppable","DisplayName":"Droppable","FieldType":"Boolean","DefaultValue":"true","Description":"Droppable","List":""},{"Key":"Editable","DisplayName":"Editable","FieldType":"Boolean","DefaultValue":"True","Description":"Editable","List":""},{"Key":"Selectable","DisplayName":"Selectable","FieldType":"Boolean","DefaultValue":"True","Description":"Selectable","List":""},{"Key":"SelectMirror","DisplayName":"Select Mirror","FieldType":"Boolean","DefaultValue":"True","Description":"Select Mirror","List":""},{"Key":"Locale","DisplayName":"Locale","FieldType":"String","DefaultValue":"en","Description":"Locale","List":""},{"Key":"NavLinks","DisplayName":"Nav Links","FieldType":"Boolean","DefaultValue":"True","Description":"Nav Links","List":""},{"Key":"NowIndicator","DisplayName":"Now Indicator","FieldType":"Boolean","DefaultValue":"True","Description":"Now Indicator","List":""},{"Key":"WeekNumbers","DisplayName":"Week Numbers","FieldType":"Boolean","DefaultValue":"False","Description":"Week Numbers","List":""},{"Key":"HeaderToolbarVisible","DisplayName":"Header Toolbar Visible","FieldType":"Boolean","DefaultValue":"True","Description":"Header Toolbar Visible","List":""},{"Key":"HeaderToolbarLeft","DisplayName":"Header Toolbar Left","FieldType":"String","DefaultValue":"prevYear;prev;next;nextYear today","Description":"Header Toolbar Left","List":""},{"Key":"HeaderToolbarCenter","DisplayName":"Header Toolbar Center","FieldType":"String","DefaultValue":"title","Description":"Header Toolbar Center","List":""},{"Key":"HeaderToolbarRight","DisplayName":"Header Toolbar Right","FieldType":"String","DefaultValue":"dayGridMonth;timeGridWeek;timeGridDay;listMonth","Description":"Header Toolbar Right","List":""},{"Key":"ToDayText","DisplayName":"Today Text","FieldType":"String","DefaultValue":"today","Description":"Today Text","List":""},{"Key":"MonthText","DisplayName":"Month Text","FieldType":"String","DefaultValue":"month","Description":"Month Text","List":""},{"Key":"WeekText","DisplayName":"Week Text","FieldType":"String","DefaultValue":"week","Description":"Week Text","List":""},{"Key":"DayText","DisplayName":"Day Text","FieldType":"String","DefaultValue":"day","Description":"Day Text","List":""},{"Key":"ListText","DisplayName":"List Text","FieldType":"String","DefaultValue":"list","Description":"List Text","List":""},{"Key":"PrevClickOn","DisplayName":"Prev Click","FieldType":"Boolean","DefaultValue":"False","Description":"Prev Click On","List":""},{"Key":"NextClickOn","DisplayName":"Next Click","FieldType":"Boolean","DefaultValue":"False","Description":"Next Click On","List":""},{"Key":"Visible","DisplayName":"Visible","FieldType":"Boolean","DefaultValue":"True","Description":"If visible.","List":""},{"Key":"MarginAXYTBLR","DisplayName":"Margins","FieldType":"String","DefaultValue":"a=?; x=?; y=?; t=?; b=?; l=?; r=?","Description":"Margins A-X-Y-T-B-L-R","List":""},{"Key":"PaddingAXYTBLR","DisplayName":"Paddings","FieldType":"String","DefaultValue":"a=?; x=?; y=?; t=?; b=?; l=?; r=?","Description":"Paddings A-X-Y-T-B-L-R","List":""},{"Key":"RawClasses","DisplayName":"Classes","FieldType":"String","DefaultValue":"","Description":"Classes added to the HTML tag.","List":""},{"Key":"RawStyles","DisplayName":"Styles","FieldType":"String","DefaultValue":"","Description":"Styles added to the HTML tag. Must be a json String- use =","List":""},{"Key":"RawAttributes","DisplayName":"Attributes","FieldType":"String","DefaultValue":"","Description":"Attributes added to the HTML tag. Must be a json String- use =","List":""}],"events":[{"name":"EventClick (args As Map)"},{"name":"EventDrop (args As Map)"},{"name":"EventResize (args As Map)"},{"name":"Drop (args As Map)"},{"name":"DateClick (args As Map)"},{"name":"Select (args As Map)"},{"name":"NextMonth (e As BANanoEvent)"},{"name":"PrevMonth (e As BANanoEvent)"},{"name":"NextYear (e As BANanoEvent)"},{"name":"PrevYear (e As BANanoEvent)"},{"name":"DateRangeChange (startDate As String, endDate As String, lastView As string)"}],"methods":[{"name":"Class_Globals","signature":"Class_Globals"},{"name":"DesignerCreateView","signature":"DesignerCreateView (Target As BANanoElement, Props As Map)"},{"name":"AddFullCalendar","signature":"AddFullCalendar(mCallback As Object, ParentID As String, ID As String)"},{"name":"Refresh","signature":"Refresh"},{"name":"setContentHeight","signature":"setContentHeight(s As String)"},{"name":"setExpandRows","signature":"setExpandRows(b As Boolean)"},{"name":"setHeight","signature":"setHeight(s As String)"},{"name":"getContentHeight","signature":"getContentHeight As String"},{"name":"getExpandRows","signature":"getExpandRows As Boolean"},{"name":"getHeight","signature":"getHeight As String"},{"name":"scrollToTime","signature":"scrollToTime(toTime As String)"},{"name":"setScrollTime","signature":"setScrollTime(s As String)"},{"name":"setScrollTimeReset","signature":"setScrollTimeReset(b As Boolean)"},{"name":"setSlotDuration","signature":"setSlotDuration(s As String)"},{"name":"setSlotMaxTime","signature":"setSlotMaxTime(s As String)"},{"name":"setSlotMinTime","signature":"setSlotMinTime(s As String)"},{"name":"getScrollTime","signature":"getScrollTime As String"},{"name":"getScrollTimeReset","signature":"getScrollTimeReset As Boolean"},{"name":"getSlotDuration","signature":"getSlotDuration As String"},{"name":"getSlotMaxTime","signature":"getSlotMaxTime As String"},{"name":"getSlotMinTime","signature":"getSlotMinTime As String"},{"name":"Initialize","signature":"Initialize (CallBack As Object, cName As String, EventName As String)"},{"name":"shadow","signature":"shadow(s As String)"},{"name":"RoundedBox","signature":"RoundedBox"},{"name":"TextColorIntensity","signature":"TextColorIntensity(hcolor As String, intensity As String)"},{"name":"BGColorIntensity","signature":"BGColorIntensity(c As String, s As String)"},{"name":"Clear","signature":"Clear"},{"name":"AddEvent","signature":"AddEvent(eID As String, egroupId As String, eTitle As String, eStart As String, eEnd As String, eAllDay As Boolean, eurl As String, eColor As String, eConstraint As String, eBackground As Boolean, eOverlap As Boolean)"},{"name":"UnSelect","signature":"UnSelect"},{"name":"setAspectRatio","signature":"setAspectRatio(s As String)"},{"name":"setBusinessHours","signature":"setBusinessHours(b As Boolean)"},{"name":"setButtonIcons","signature":"setButtonIcons(b As Boolean)"},{"name":"setDayMaxEvents","signature":"setDayMaxEvents(b As Boolean)"},{"name":"setDroppable","signature":"setDroppable(b As Boolean)"},{"name":"setEditable","signature":"setEditable(b As Boolean)"},{"name":"setInitialDate","signature":"setInitialDate(s As String)"},{"name":"setInitialView","signature":"setInitialView(s As String)"},{"name":"setLocale","signature":"setLocale(s As String)"},{"name":"UpdateLocale","signature":"UpdateLocale(s As String)"},{"name":"setMonthText","signature":"setMonthText(s As String)"},{"name":"setDayText","signature":"setDayText(s As String)"},{"name":"setListText","signature":"setListText(s As String)"},{"name":"setTodayText","signature":"setTodayText(s As String)"},{"name":"setNavLinks","signature":"setNavLinks(b As Boolean)"},{"name":"setNow","signature":"setNow(s As String)"},{"name":"setNowIndicator","signature":"setNowIndicator(b As Boolean)"},{"name":"setSelectMirror","signature":"setSelectMirror(b As Boolean)"},{"name":"setSelectable","signature":"setSelectable(b As Boolean)"},{"name":"setWeekNumbers","signature":"setWeekNumbers(b As Boolean)"},{"name":"setWeekText","signature":"setWeekText(s As String)"},{"name":"AssignElement","signature":"AssignElement(mCallBack As Object, ID As String)"},{"name":"Enable","signature":"Enable"},{"name":"Disable","signature":"Disable"},{"name":"getName","signature":"getName As String"},{"name":"getHere","signature":"getHere As String"},{"name":"Show","signature":"Show"},{"name":"Hide","signature":"Hide"},{"name":"LoadComponentJson","signature":"LoadComponentJson(designName As String)"},{"name":"AddToParent","signature":"AddToParent(targetID As String, props As Map)"},{"name":"gotoDate","signature":"gotoDate(s As String)"},{"name":"gotoToday","signature":"gotoToday"},{"name":"gotoPrevMonth","signature":"gotoPrevMonth"},{"name":"gotoNextMonth","signature":"gotoNextMonth"},{"name":"setHeaderToolbarCenter","signature":"setHeaderToolbarCenter(s As String)"},{"name":"setHeaderToolbarLeft","signature":"setHeaderToolbarLeft(s As String)"},{"name":"setHeaderToolbarRight","signature":"setHeaderToolbarRight(s As String)"},{"name":"setHeaderToolbarVisible","signature":"setHeaderToolbarVisible(b As Boolean)"},{"name":"setNextClickOn","signature":"setNextClickOn(b As Boolean)"},{"name":"setPrevClickOn","signature":"setPrevClickOn(b As Boolean)"},{"name":"getHeaderToolbarCenter","signature":"getHeaderToolbarCenter As String"},{"name":"getHeaderToolbarLeft","signature":"getHeaderToolbarLeft As String"},{"name":"getHeaderToolbarRight","signature":"getHeaderToolbarRight As String"},{"name":"getHeaderToolbarVisible","signature":"getHeaderToolbarVisible As Boolean"},{"name":"getNextClickOn","signature":"getNextClickOn As Boolean"},{"name":"getPrevClickOn","signature":"getPrevClickOn As Boolean"},{"name":"changeView","signature":"changeView(vName As String)"},{"name":"ChangeViewDayGridMonth","signature":"ChangeViewDayGridMonth"},{"name":"ChangeViewDayGridWeek","signature":"ChangeViewDayGridWeek"},{"name":"ChangeViewListMonth","signature":"ChangeViewListMonth"},{"name":"ChangeViewListWeek","signature":"ChangeViewListWeek"},{"name":"ChangeViewTimeGridDay","signature":"ChangeViewTimeGridDay(day As String)"},{"name":"ChangeViewTimeGridWeek","signature":"ChangeViewTimeGridWeek"},{"name":"gotoPrevYear","signature":"gotoPrevYear"},{"name":"gotoNextYear","signature":"gotoNextYear"},{"name":"getCurrentDate","signature":"getCurrentDate As String"},{"name":"getCurrentStartDate","signature":"getCurrentStartDate As String"},{"name":"getCurrentEndDate","signature":"getCurrentEndDate As String"},{"name":"setParentID","signature":"setParentID(s As String)"},{"name":"setVisible","signature":"setVisible(b As Boolean)"},{"name":"setMarginAXYTBLR","signature":"setMarginAXYTBLR(s As String)"},{"name":"setPaddingAXYTBLR","signature":"setPaddingAXYTBLR(s As String)"},{"name":"setClasses","signature":"setClasses(s As String)"},{"name":"setStyles","signature":"setStyles(s As String)"},{"name":"setAttributes","signature":"setAttributes(s As String)"},{"name":"getParentID","signature":"getParentID As String"},{"name":"getInitialView","signature":"getInitialView As String"},{"name":"getInitialDate","signature":"getInitialDate As String"},{"name":"getAspectRatio","signature":"getAspectRatio As String"},{"name":"getBusinessHours","signature":"getBusinessHours As Boolean"},{"name":"getButtonIcons","signature":"getButtonIcons As Boolean"},{"name":"getDayMaxEvents","signature":"getDayMaxEvents As Boolean"},{"name":"getEditable","signature":"getEditable As Boolean"},{"name":"getSelectable","signature":"getSelectable As Boolean"},{"name":"getSelectMirror","signature":"getSelectMirror As Boolean"},{"name":"getLocale","signature":"getLocale As String"},{"name":"getNavLinks","signature":"getNavLinks As Boolean"},{"name":"getNowIndicator","signature":"getNowIndicator As Boolean"},{"name":"getWeekNumbers","signature":"getWeekNumbers As Boolean"},{"name":"getToDayText","signature":"getToDayText As String"},{"name":"getMonthText","signature":"getMonthText As String"},{"name":"getWeekText","signature":"getWeekText As String"},{"name":"getDayText","signature":"getDayText As String"},{"name":"getListText","signature":"getListText As String"},{"name":"getVisible","signature":"getVisible As Boolean"},{"name":"getMarginAXYTBLR","signature":"getMarginAXYTBLR As String"},{"name":"getPaddingAXYTBLR","signature":"getPaddingAXYTBLR As String"},{"name":"getClasses","signature":"getClasses As String"},{"name":"getStyles","signature":"getStyles As String"},{"name":"getAttributes","signature":"getAttributes As String"}]}