{"properties":[{"Key":"ParentID","DisplayName":"ParentID","FieldType":"String","DefaultValue":"","Description":"The ParentID of this div","List":""},{"Key":"JsonUrl","DisplayName":"Json URL","FieldType":"String","DefaultValue":"./assets/liftoff.json","Description":"Json File Url","List":""},{"Key":"AnimationSpeed","DisplayName":"Animation Speed","FieldType":"String","DefaultValue":"1","Description":"Animation Speed","List":""},{"Key":"AutoPlay","DisplayName":"Auto Play","FieldType":"Boolean","DefaultValue":"True","Description":"Auto Play","List":""},{"Key":"Controls","DisplayName":"Controls","FieldType":"Boolean","DefaultValue":"False","Description":"Show Controls","List":""},{"Key":"Direction","DisplayName":"Direction","FieldType":"String","DefaultValue":"forward","Description":"Direction","List":"backward|forward"},{"Key":"Hover","DisplayName":"Hover","FieldType":"Boolean","DefaultValue":"False","Description":"Play Animation On Hover","List":""},{"Key":"LoopPlay","DisplayName":"Loop","FieldType":"Boolean","DefaultValue":"False","Description":"Play In A Loop","List":""},{"Key":"PlayMode","DisplayName":"Mode","FieldType":"String","DefaultValue":"normal","Description":"Play Mode","List":"bounce|normal"},{"Key":"Height","DisplayName":"Height","FieldType":"String","DefaultValue":"300px","Description":"Height","List":""},{"Key":"Width","DisplayName":"Width","FieldType":"String","DefaultValue":"300px","Description":"Width","List":""},{"Key":"BgColor","DisplayName":"Bg Color","FieldType":"String","DefaultValue":"transparent","Description":"Background Color","List":""},{"Key":"BgColorIntensity","DisplayName":"Bg Color Intensity","FieldType":"String","DefaultValue":"","Description":"Background Color Intensity","List":""},{"Key":"Bordered","DisplayName":"Bordered","FieldType":"Boolean","DefaultValue":"False","Description":"Bordered","List":""},{"Key":"BorderColor","DisplayName":"Border Color","FieldType":"String","DefaultValue":"","Description":"Border Color","List":""},{"Key":"BorderColorIntensity","DisplayName":"Border Color Intensity","FieldType":"String","DefaultValue":"","Description":"Border Color Intensity","List":""},{"Key":"Visible","DisplayName":"Visible","FieldType":"Boolean","DefaultValue":"True","Description":"If visible.","List":""},{"Key":"MarginAXYTBLR","DisplayName":"Margins","FieldType":"String","DefaultValue":"a=?; x=?; y=?; t=?; b=?; l=?; r=?","Description":"Margins A-X-Y-T-B-L-R","List":""},{"Key":"PaddingAXYTBLR","DisplayName":"Paddings","FieldType":"String","DefaultValue":"a=?; x=?; y=?; t=?; b=?; l=?; r=?","Description":"Paddings A-X-Y-T-B-L-R","List":""},{"Key":"RawClasses","DisplayName":"Classes","FieldType":"String","DefaultValue":"","Description":"Classes added to the HTML tag.","List":""},{"Key":"RawStyles","DisplayName":"Styles","FieldType":"String","DefaultValue":"","Description":"Styles added to the HTML tag. Must be a json String- use =","List":""},{"Key":"RawAttributes","DisplayName":"Attributes","FieldType":"String","DefaultValue":"","Description":"Attributes added to the HTML tag. Must be a json String- use =","List":""}],"events":[],"methods":[{"name":"Initialize","signature":"Initialize (CallBack As Object, cName As String, EventName As String)"},{"name":"setBordered","signature":"setBordered(b As Boolean)"},{"name":"BorderColorIntensity","signature":"BorderColorIntensity(c As String, i As String)"},{"name":"AddLottiePlayer","signature":"AddLottiePlayer(mCallback As Object, ParentID As String, ID As String)"},{"name":"AssignElement","signature":"AssignElement(mCallBack As Object, ID As String)"},{"name":"shadow","signature":"shadow(s As String)"},{"name":"RoundedBox","signature":"RoundedBox"},{"name":"BGColorIntensity","signature":"BGColorIntensity(c As String, s As String)"},{"name":"setAnimationSpeed","signature":"setAnimationSpeed(s As String)"},{"name":"setAutoPlay","signature":"setAutoPlay(b As Boolean)"},{"name":"setControls","signature":"setControls(b As Boolean)"},{"name":"setDirection","signature":"setDirection(s As String)"},{"name":"setHeight","signature":"setHeight(s As String)"},{"name":"setHover","signature":"setHover(b As Boolean)"},{"name":"setJsonUrl","signature":"setJsonUrl(s As String)"},{"name":"setIsLoop","signature":"setIsLoop(b As Boolean)"},{"name":"setMode","signature":"setMode(s As String)"},{"name":"setWidth","signature":"setWidth(s As String)"},{"name":"Enable","signature":"Enable"},{"name":"Disable","signature":"Disable"},{"name":"getName","signature":"getName As String"},{"name":"getHere","signature":"getHere As String"},{"name":"Show","signature":"Show"},{"name":"Hide","signature":"Hide"},{"name":"LoadComponentJson","signature":"LoadComponentJson(designName As String)"},{"name":"AddToParent","signature":"AddToParent(targetID As String, props As Map)"},{"name":"setParentID","signature":"setParentID(s As String)"},{"name":"setLoopPlay","signature":"setLoopPlay(b As Boolean)"},{"name":"setPlayMode","signature":"setPlayMode(s As String)"},{"name":"setBgColor","signature":"setBgColor(s As String)"},{"name":"setBorderColor","signature":"setBorderColor(s As String)"},{"name":"setVisible","signature":"setVisible(b As Boolean)"},{"name":"setMarginAXYTBLR","signature":"setMarginAXYTBLR(s As String)"},{"name":"setPaddingAXYTBLR","signature":"setPaddingAXYTBLR(s As String)"},{"name":"setClasses","signature":"setClasses(s As String)"},{"name":"setStyles","signature":"setStyles(s As String)"},{"name":"setAttributes","signature":"setAttributes(s As String)"},{"name":"getParentID","signature":"getParentID As String"},{"name":"getJsonUrl","signature":"getJsonUrl As String"},{"name":"getAnimationSpeed","signature":"getAnimationSpeed As String"},{"name":"getAutoPlay","signature":"getAutoPlay As Boolean"},{"name":"getControls","signature":"getControls As Boolean"},{"name":"getDirection","signature":"getDirection As String"},{"name":"getHover","signature":"getHover As Boolean"},{"name":"getLoopPlay","signature":"getLoopPlay As Boolean"},{"name":"getPlayMode","signature":"getPlayMode As String"},{"name":"getHeight","signature":"getHeight As String"},{"name":"getWidth","signature":"getWidth As String"},{"name":"getBgColor","signature":"getBgColor As String"},{"name":"getBordered","signature":"getBordered As Boolean"},{"name":"getBorderColor","signature":"getBorderColor As String"},{"name":"getVisible","signature":"getVisible As Boolean"},{"name":"getMarginAXYTBLR","signature":"getMarginAXYTBLR As String"},{"name":"getPaddingAXYTBLR","signature":"getPaddingAXYTBLR As String"},{"name":"getClasses","signature":"getClasses As String"},{"name":"getStyles","signature":"getStyles As String"},{"name":"getAttributes","signature":"getAttributes As String"}]}