{"properties":[{"Key":"ParentID","DisplayName":"ParentID","FieldType":"String","DefaultValue":"","Description":"The ParentID of this div","List":""},{"Key":"Card","DisplayName":"Card","FieldType":"Boolean","DefaultValue":"False","Description":"Card","List":""},{"Key":"ToolBarVisible","DisplayName":"Toolbar Visible","FieldType":"Boolean","DefaultValue":"True","Description":"Toolbar Visible","List":""},{"Key":"Title","DisplayName":"Title","FieldType":"String","DefaultValue":"Tree","Description":"Title","List":""},{"Key":"TitleVisible","DisplayName":"Title Visible","FieldType":"Boolean","DefaultValue":"True","Description":"Title Visible","List":""},{"Key":"ActionsVisible","DisplayName":"Actions Visible","FieldType":"Boolean","DefaultValue":"True","Description":"Actions Visible","List":""},{"Key":"SearchVisible","DisplayName":"Search Visible","FieldType":"Boolean","DefaultValue":"True","Description":"Search Visible","List":""},{"Key":"Border","DisplayName":"Border","FieldType":"Boolean","DefaultValue":"False","Description":"When This Setting Is Enabled The Content Of The Tree Will Be Wrapped By Borders.","List":""},{"Key":"CascadeCheck","DisplayName":"Cascade Check","FieldType":"Boolean","DefaultValue":"true","Description":"This Setting Enable Cascade Check And Uncheck Of Children","List":""},{"Key":"CascadeSelection","DisplayName":"Cascade Selection","FieldType":"Boolean","DefaultValue":"false","Description":"This Setting Enable Cascade Selection And Unselection Of Children","List":""},{"Key":"Checkboxes","DisplayName":"Checkboxes","FieldType":"Boolean","DefaultValue":"False","Description":"Add Checkbox For Each Node","If Set To True.":"If Set To True.","List":""},{"Key":"DragAndDrop","DisplayName":"Drag And Drop","FieldType":"Boolean","DefaultValue":"false","Description":"Drag And Drop","List":""},{"Key":"IconsLibrary","DisplayName":"Icons Library","FieldType":"String","DefaultValue":"fontawesome","Description":"Icons Library","List":"materialicons|fontawesome"},{"Key":"IconsCollapse","DisplayName":"Icons Collapse","FieldType":"String","DefaultValue":"fa-solid fa-chevron-left","Description":"Icons Collapse","List":""},{"Key":"IconsExpand","DisplayName":"Icons Expand","FieldType":"String","DefaultValue":"fa-solid fa-chevron-right","Description":"Icons Expand","List":""},{"Key":"ImageCssClassField","DisplayName":"Image Css Class Field","FieldType":"String","DefaultValue":"","Description":"Image Css Class Field","List":""},{"Key":"ImageUrlField","DisplayName":"Image Url Field","FieldType":"String","DefaultValue":"","Description":"Image Url Field","List":""},{"Key":"LazyLoading","DisplayName":"Lazy Loading","FieldType":"Boolean","DefaultValue":"False","Description":"Lazy Loading","List":""},{"Key":"SelectionType","DisplayName":"Selection Type","FieldType":"String","DefaultValue":"single","Description":"Selection Type","List":"multiple|single"},{"Key":"UiLibrary","DisplayName":"Ui Library","FieldType":"String","DefaultValue":"materialdesign","Description":"Ui Library","List":"materialdesign|bootstrap|bootstrap4|bootstrap5"},{"Key":"Width","DisplayName":"Width","FieldType":"String","DefaultValue":"","Description":"Width","List":""},{"Key":"Visible","DisplayName":"Visible","FieldType":"Boolean","DefaultValue":"True","Description":"If visible.","List":""},{"Key":"MarginAXYTBLR","DisplayName":"Margins","FieldType":"String","DefaultValue":"a=?; x=?; y=?; t=?; b=?; l=?; r=?","Description":"Margins A-X-Y-T-B-L-R","List":""},{"Key":"PaddingAXYTBLR","DisplayName":"Paddings","FieldType":"String","DefaultValue":"a=?; x=?; y=?; t=?; b=?; l=?; r=?","Description":"Paddings A-X-Y-T-B-L-R","List":""},{"Key":"RawClasses","DisplayName":"Classes","FieldType":"String","DefaultValue":"","Description":"Classes added to the HTML tag.","List":""},{"Key":"RawStyles","DisplayName":"Styles","FieldType":"String","DefaultValue":"","Description":"Styles added to the HTML tag. Must be a json String- use =","List":""},{"Key":"RawAttributes","DisplayName":"Attributes","FieldType":"String","DefaultValue":"","Description":"Attributes added to the HTML tag. Must be a json String- use =","List":""}],"events":[{"name":"CollapseNode (node as BANanoObject, id As String)"},{"name":"ExpandNode (node as BANanoObject, id As String)"},{"name":"SelectNode (node as BANanoObject, id As String)"},{"name":"UnSelectNode (id As String)"},{"name":"NodeDrop (e As BANanoEvent, id As String, parentID As String, orderNumber As String)"},{"name":"SearchClick (e As BANanoEvent)"},{"name":"SearchKeyUp (e As BANanoEvent)"},{"name":"SearchClear (e As BANanoEvent)"}],"methods":[{"name":"Class_Globals","signature":"Class_Globals"},{"name":"DesignerCreateView","signature":"DesignerCreateView (Target As BANanoElement, Props As Map)"},{"name":"setTitleVisible","signature":"setTitleVisible(b As Boolean)"},{"name":"getTitleVisible","signature":"getTitleVisible As Boolean"},{"name":"setCard","signature":"setCard(b As Boolean)"},{"name":"getCard","signature":"getCard As Boolean"},{"name":"AddClass","signature":"AddClass(text As String)"},{"name":"RemoveStyle","signature":"RemoveStyle(s As String)"},{"name":"ToggleClass","signature":"ToggleClass(s As String)"},{"name":"RemoveClass","signature":"RemoveClass(text As String)"},{"name":"AddAttrMap","signature":"AddAttrMap(ms As Map)"},{"name":"RemoveAttr","signature":"RemoveAttr(attr As String)"},{"name":"SetAttr","signature":"SetAttr(attr As String, text As String)"},{"name":"SetDataAttr","signature":"SetDataAttr(attr As String, text As String)"},{"name":"AddStyleComputed","signature":"AddStyleComputed(attr As String, text As String)"},{"name":"AddStyleMap","signature":"AddStyleMap(ms As Map)"},{"name":"setVisible","signature":"setVisible(b As Boolean)"},{"name":"getVisible","signature":"getVisible As Boolean"},{"name":"Refresh","signature":"Refresh"},{"name":"addNode","signature":"addNode(parentID As String, key As String, text As String, mhref As String, mIcon As String, mDisabled As Boolean)"},{"name":"getNodeById","signature":"getNodeById(id As String) As BANanoObject"},{"name":"AddItem","signature":"AddItem(parentID As String, key As String, text As String, mhref As String, mIcon As String, mDisabled As Boolean)"},{"name":"AddItemData","signature":"AddItemData(parentID As String, key As String, text As String, data As Map)"},{"name":"AddItemIconData","signature":"AddItemIconData(parentID As String, key As String, text As String, nicon As String, data As Map)"},{"name":"AddItems","signature":"AddItems(parentID As String, lkeys As List)"},{"name":"Clear","signature":"Clear"},{"name":"getNodeByText","signature":"getNodeByText(text As String) As BANanoObject"},{"name":"getRootID","signature":"getRootID As String"},{"name":"getAll","signature":"getAll As List"},{"name":"expandAll","signature":"expandAll"},{"name":"collapseAll","signature":"collapseAll"},{"name":"expandNode","signature":"expandNode(node As BANanoObject)"},{"name":"expandNodeByID","signature":"expandNodeByID(id As String)"},{"name":"collapseNode","signature":"collapseNode(node As BANanoObject)"},{"name":"collapseNodeByID","signature":"collapseNodeByID(id As String)"},{"name":"enableNode","signature":"enableNode(node As BANanoObject)"},{"name":"removeNode","signature":"removeNode(node As BANanoObject)"},{"name":"removeNodeByID","signature":"removeNodeByID(id As String)"},{"name":"selectNode","signature":"selectNode(node As BANanoObject)"},{"name":"selectNodeByID","signature":"selectNodeByID(id As String)"},{"name":"unselectNode","signature":"unselectNode(node As BANanoObject)"},{"name":"unselectNodeByID","signature":"unselectNodeByID(id As String)"},{"name":"disableNodeByID","signature":"disableNodeByID(id As String)"},{"name":"getChildrenByID","signature":"getChildrenByID(id As String, bCascade As Boolean) As List"},{"name":"disableNode","signature":"disableNode(node As BANanoObject)"},{"name":"checkNode","signature":"checkNode(node As BANanoObject)"},{"name":"checkNodeByID","signature":"checkNodeByID(nodeID As String)"},{"name":"UnCheckNode","signature":"UnCheckNode(node As BANanoObject)"},{"name":"updateNode","signature":"updateNode(id As String, data As Map)"},{"name":"reload","signature":"reload"},{"name":"checkAll","signature":"checkAll"},{"name":"selectAll","signature":"selectAll"},{"name":"unselectAll","signature":"unselectAll"},{"name":"uncheckAll","signature":"uncheckAll"},{"name":"destroy","signature":"destroy"},{"name":"enableAll","signature":"enableAll"},{"name":"disableAll","signature":"disableAll"},{"name":"getParents","signature":"getParents(nodeID As String) As List"},{"name":"getDataById","signature":"getDataById(id As String) As Map"},{"name":"getDataByText","signature":"getDataByText(text As String) As Map"},{"name":"getCheckedNodes","signature":"getCheckedNodes As List"},{"name":"getSelections","signature":"getSelections As List"},{"name":"getChildren","signature":"getChildren(node As BANanoObject, bCascade As Boolean) As List"},{"name":"Initialize","signature":"Initialize (CallBack As Object, cName As String, EventName As String)"},{"name":"setBorder","signature":"setBorder(b As Boolean)"},{"name":"setCascadeCheck","signature":"setCascadeCheck(b As Boolean)"},{"name":"setCascadeSelection","signature":"setCascadeSelection(b As Boolean)"},{"name":"setCheckboxes","signature":"setCheckboxes(b As Boolean)"},{"name":"setDragAndDrop","signature":"setDragAndDrop(b As Boolean)"},{"name":"setIconsLibrary","signature":"setIconsLibrary(s As String)"},{"name":"setIconsCollapse","signature":"setIconsCollapse(s As String)"},{"name":"setIconsExpand","signature":"setIconsExpand(s As String)"},{"name":"setImageCssClassField","signature":"setImageCssClassField(s As String)"},{"name":"setImageUrlField","signature":"setImageUrlField(s As String)"},{"name":"setLazyLoading","signature":"setLazyLoading(b As Boolean)"},{"name":"setSelectionType","signature":"setSelectionType(s As String)"},{"name":"setUiLibrary","signature":"setUiLibrary(s As String)"},{"name":"setWidth","signature":"setWidth(s As String)"},{"name":"getName","signature":"getName As String"},{"name":"getHere","signature":"getHere As String"},{"name":"AddToParent","signature":"AddToParent(targetID As String, props As Map)"},{"name":"setAttributes","signature":"setAttributes(s As String)"},{"name":"setStyles","signature":"setStyles(s As String)"},{"name":"setClasses","signature":"setClasses(s As String)"},{"name":"setPaddingAXYTBLR","signature":"setPaddingAXYTBLR(s As String)"},{"name":"setMarginAXYTBLR","signature":"setMarginAXYTBLR(s As String)"},{"name":"setParentID","signature":"setParentID(s As String)"},{"name":"getParentID","signature":"getParentID As String"},{"name":"getBorder","signature":"getBorder As Boolean"},{"name":"getCascadeCheck","signature":"getCascadeCheck As Boolean"},{"name":"getCascadeSelection","signature":"getCascadeSelection As Boolean"},{"name":"getCheckboxes","signature":"getCheckboxes As Boolean"},{"name":"getDragAndDrop","signature":"getDragAndDrop As Boolean"},{"name":"getIconsLibrary","signature":"getIconsLibrary As String"},{"name":"getIconsCollapse","signature":"getIconsCollapse As String"},{"name":"getIconsExpand","signature":"getIconsExpand As String"},{"name":"getImageCssClassField","signature":"getImageCssClassField As String"},{"name":"getImageUrlField","signature":"getImageUrlField As String"},{"name":"getLazyLoading","signature":"getLazyLoading As Boolean"},{"name":"getSelectionType","signature":"getSelectionType As String"},{"name":"getUiLibrary","signature":"getUiLibrary As String"},{"name":"getWidth","signature":"getWidth As String"},{"name":"getMarginAXYTBLR","signature":"getMarginAXYTBLR As String"},{"name":"getPaddingAXYTBLR","signature":"getPaddingAXYTBLR As String"},{"name":"getClasses","signature":"getClasses As String"},{"name":"getStyles","signature":"getStyles As String"},{"name":"getAttributes","signature":"getAttributes As String"},{"name":"Show","signature":"Show"},{"name":"Hide","signature":"Hide"},{"name":"getSearchValue","signature":"getSearchValue As String"},{"name":"setSearchValue","signature":"setSearchValue(s As String)"},{"name":"setSearchVisible","signature":"setSearchVisible(b As Boolean)"},{"name":"setActionsVisible","signature":"setActionsVisible(b As Boolean)"},{"name":"setToolbarVisible","signature":"setToolbarVisible(b As Boolean)"},{"name":"SetSearchPlaceholder","signature":"SetSearchPlaceholder(s As String)"},{"name":"getSearchID","signature":"getSearchID As String"},{"name":"AddActionButton","signature":"AddActionButton(btnID As String, btnCaption As String, btnColor As String) As SDUIButton"},{"name":"SetActionButtonLoading","signature":"SetActionButtonLoading(btnID As String, bLoading As Boolean)"},{"name":"getActionButtonID","signature":"getActionButtonID(btnID As String) As String"},{"name":"AddActionButtonIcon","signature":"AddActionButtonIcon(btnID As String, sIcon As String, btnColor As String) As SDUIButton"},{"name":"AddActionDropDownIcon","signature":"AddActionDropDownIcon(btnID As String, sIcon As String, btnColor As String) As SDUIDropDown"},{"name":"AddActionDropDown","signature":"AddActionDropDown(btnID As String, btnColor As String, btnLabel As String) As SDUIDropDown"},{"name":"AddActionDropDownAvatar","signature":"AddActionDropDownAvatar(btnID As Object, sSize As String, ImgURL As String) As SDUIDropDown"},{"name":"SetActionButtonEnabled","signature":"SetActionButtonEnabled(btn As String, b As Boolean)"},{"name":"SetActionButtonVisible","signature":"SetActionButtonVisible(btn As String, value As Boolean)"},{"name":"SetActionButtonColor","signature":"SetActionButtonColor(btn As String, value As String)"},{"name":"ClearActionButtons","signature":"ClearActionButtons"},{"name":"setTitle","signature":"setTitle(t As String)"},{"name":"getTitle","signature":"getTitle As String"},{"name":"SetActionButtonToolTip","signature":"SetActionButtonToolTip(btnID As String, tooltip As String, color As String, position As String, normalcase As Boolean)"},{"name":"AddActionFileUpload","signature":"AddActionFileUpload(btnID As String, sIcon As String, btnColor As String) As SDUIButton"},{"name":"SetActionButtonTextColor","signature":"SetActionButtonTextColor(btn As String, value As String)"},{"name":"getActionsVisible","signature":"getActionsVisible As Boolean"},{"name":"getSearchVisible","signature":"getSearchVisible As Boolean"},{"name":"getToolBarVisible","signature":"getToolBarVisible As Boolean"}]}