{"properties":[{"Key":"ParentID","DisplayName":"ParentID","FieldType":"String","DefaultValue":"","Description":"The ParentID of this component","List":""},{"Key":"NavBarHeight","DisplayName":"Nav Bar Height","FieldType":"String","DefaultValue":"4rem","Description":"Nav Bar Height","List":""},{"Key":"FooterHeight","DisplayName":"Footer Height","FieldType":"String","DefaultValue":"14rem","Description":"Footer Height","List":""},{"Key":"AdjustHeight","DisplayName":"Adjust Height","FieldType":"Boolean","DefaultValue":"True","Description":"Adjust Height","List":""},{"Key":"BgColor","DisplayName":"Bg Color","FieldType":"String","DefaultValue":"","Description":"Bg Color","List":""},{"Key":"BgColorIntensity","DisplayName":"Bg Color Intensity","FieldType":"String","DefaultValue":"","Description":"Bg Color Intensity","List":""},{"Key":"TextColor","DisplayName":"Text Color","FieldType":"String","DefaultValue":"","Description":"Text Color","List":""},{"Key":"TextColorIntensity","DisplayName":"Text Color Intensity","FieldType":"String","DefaultValue":"","Description":"Text Color Intensity","List":""},{"Key":"CoverImage","DisplayName":"Cover Image","FieldType":"String","DefaultValue":"","Description":"Cover Image","List":""},{"Key":"Flex","DisplayName":"Flex","FieldType":"Boolean","DefaultValue":"True","Description":"Flex","List":""},{"Key":"FlexCol","DisplayName":"Flex Col","FieldType":"Boolean","DefaultValue":"True","Description":"Flex Col","List":""},{"Key":"FlexRow","DisplayName":"Flex Row","FieldType":"Boolean","DefaultValue":"False","Description":"Flex Row","List":""},{"Key":"HFull","DisplayName":"H Full","FieldType":"Boolean","DefaultValue":"True","Description":"H full","List":""},{"Key":"WFull","DisplayName":"W Full","FieldType":"Boolean","DefaultValue":"False","Description":"W full","List":""},{"Key":"HScreen","DisplayName":"H Screen","FieldType":"Boolean","DefaultValue":"True","Description":"H screen","List":""},{"Key":"WScreen","DisplayName":"W Screen","FieldType":"Boolean","DefaultValue":"False","Description":"W screen","List":""},{"Key":"Height","DisplayName":"Height","FieldType":"String","DefaultValue":"","Description":"Height","List":""},{"Key":"Width","DisplayName":"Width","FieldType":"String","DefaultValue":"","Description":"Width","List":""},{"Key":"Visible","DisplayName":"Visible","FieldType":"Boolean","DefaultValue":"True","Description":"If visible.","List":""},{"Key":"PositionStyle","DisplayName":"Position Style","FieldType":"String","DefaultValue":"none","Description":"Position","List":"absolute|fixed|none|relative|static|sticky"},{"Key":"RawPosition","DisplayName":"Position Locations","FieldType":"String","DefaultValue":"t=?; b=?; r=?; l=?","Description":"Position Locations","List":""},{"Key":"MarginAXYTBLR","DisplayName":"Margins","FieldType":"String","DefaultValue":"a=?; x=?; y=?; t=?; b=?; l=?; r=?","Description":"Margins A(all)-X(LR)-Y(TB)-T-B-L-R","List":""},{"Key":"PaddingAXYTBLR","DisplayName":"Paddings","FieldType":"String","DefaultValue":"a=?; x=?; y=?; t=?; b=?; l=?; r=?","Description":"Paddings A(all)-X(LR)-Y(TB)-T-B-L-R","List":""},{"Key":"RawClasses","DisplayName":"Classes (;)","FieldType":"String","DefaultValue":"","Description":"Classes added to the HTML tag.","List":""},{"Key":"RawStyles","DisplayName":"Styles (JSON)","FieldType":"String","DefaultValue":"","Description":"Styles added to the HTML tag. Must be a json String use = and ;","List":""},{"Key":"RawAttributes","DisplayName":"Attributes (JSON)","FieldType":"String","DefaultValue":"","Description":"Attributes added to the HTML tag. Must be a json String use = and ;","List":""}],"events":[],"methods":[{"name":"Class_Globals","signature":"Class_Globals"},{"name":"Initialize","signature":"Initialize (Callback As Object, Name As String, EventName As String)"},{"name":"getElement","signature":"getElement() As BANanoElement"},{"name":"AddComputedStyleMap","signature":"AddComputedStyleMap(ms As Map)"},{"name":"getID","signature":"getID() As String"},{"name":"AddToParent","signature":"AddToParent(targetID As String, props As Map)"},{"name":"Remove","signature":"Remove()"},{"name":"setParentID","signature":"setParentID(s As String)"},{"name":"setElement","signature":"setElement(e As BANanoElement)"},{"name":"Clear","signature":"Clear"},{"name":"Append","signature":"Append(tmp As Object)"},{"name":"SetHTML","signature":"SetHTML(sHTML As String)"},{"name":"LinkExisting","signature":"LinkExisting"},{"name":"TriggerEvent","signature":"TriggerEvent(event As String, params() As String)"},{"name":"getHere","signature":"getHere() As String"},{"name":"AddAttr","signature":"AddAttr(attr As String, text As Object)"},{"name":"AddDataAttr","signature":"AddDataAttr(attr As String, text As String)"},{"name":"GetDataAttr","signature":"GetDataAttr(attr As String) As String"},{"name":"GetAttr","signature":"GetAttr(attr As String) As String"},{"name":"AddClass","signature":"AddClass(text As String)"},{"name":"RemoveStyle","signature":"RemoveStyle(s As String)"},{"name":"ToggleClass","signature":"ToggleClass(s As String)"},{"name":"RemoveClass","signature":"RemoveClass(text As String)"},{"name":"AddAttrMap","signature":"AddAttrMap(ms As Map)"},{"name":"RemoveAttr","signature":"RemoveAttr(attr As String)"},{"name":"AddStyleComputed","signature":"AddStyleComputed(attr As String, text As String)"},{"name":"AddStyleMap","signature":"AddStyleMap(ms As Map)"},{"name":"AddStyle","signature":"AddStyle(k As String, v As String)"},{"name":"setVisible","signature":"setVisible(b As Boolean)"},{"name":"getVisible","signature":"getVisible As Boolean"},{"name":"OnEventMethod\t\t\t'ignore","signature":"OnEventMethod(event As String, Module As Object, MethodName As String, args As List)\t\t\t'ignore"},{"name":"getThis","signature":"getThis As BANanoObject"},{"name":"On","signature":"On(event As String, args As List)"},{"name":"OnEvent\t\t\t'ignore","signature":"OnEvent(event As String, Module As Object, methodName As String, args As List)\t\t\t'ignore"},{"name":"setPositionStyle","signature":"setPositionStyle(s As String)"},{"name":"getPositionStyle","signature":"getPositionStyle As String"},{"name":"setPosition","signature":"setPosition(s As String)"},{"name":"getPosition","signature":"getPosition As String"},{"name":"setPaddingAXYTBLR","signature":"setPaddingAXYTBLR(s As String)"},{"name":"setMarginAXYTBLR","signature":"setMarginAXYTBLR(s As String)"},{"name":"getAttributes","signature":"getAttributes As String"},{"name":"getStyles","signature":"getStyles As String"},{"name":"getClasses","signature":"getClasses As String"},{"name":"getPaddingAXYTBLR","signature":"getPaddingAXYTBLR As String"},{"name":"getMarginAXYTBLR","signature":"getMarginAXYTBLR As String"},{"name":"OnChildEvent\t\t'ignore","signature":"OnChildEvent(child As String, event As String, Module As Object, methodName As String, args As List)\t\t'ignore"},{"name":"DesignerCreateView","signature":"DesignerCreateView (Target As BANanoElement, Props As Map)"},{"name":"setAdjustHeight","signature":"setAdjustHeight(b As Boolean)"},{"name":"setBgColor","signature":"setBgColor(s As String)"},{"name":"setBgColorIntensity","signature":"setBgColorIntensity(s As String)"},{"name":"setCoverImage","signature":"setCoverImage(s As String)"},{"name":"setFlex","signature":"setFlex(b As Boolean)"},{"name":"setFlexCol","signature":"setFlexCol(b As Boolean)"},{"name":"setFlexRow","signature":"setFlexRow(b As Boolean)"},{"name":"setFooterHeight","signature":"setFooterHeight(s As String)"},{"name":"setHFull","signature":"setHFull(b As Boolean)"},{"name":"setHScreen","signature":"setHScreen(b As Boolean)"},{"name":"setHeight","signature":"setHeight(s As String)"},{"name":"setNavBarHeight","signature":"setNavBarHeight(s As String)"},{"name":"setTextColor","signature":"setTextColor(s As String)"},{"name":"setTextColorIntensity","signature":"setTextColorIntensity(s As String)"},{"name":"setWFull","signature":"setWFull(b As Boolean)"},{"name":"setWScreen","signature":"setWScreen(b As Boolean)"},{"name":"setWidth","signature":"setWidth(s As String)"},{"name":"getAdjustHeight","signature":"getAdjustHeight As Boolean"},{"name":"getBgColor","signature":"getBgColor As String"},{"name":"getBgColorIntensity","signature":"getBgColorIntensity As String"},{"name":"getCoverImage","signature":"getCoverImage As String"},{"name":"getFlex","signature":"getFlex As Boolean"},{"name":"getFlexCol","signature":"getFlexCol As Boolean"},{"name":"getFlexRow","signature":"getFlexRow As Boolean"},{"name":"getFooterHeight","signature":"getFooterHeight As String"},{"name":"getHFull","signature":"getHFull As Boolean"},{"name":"getHScreen","signature":"getHScreen As Boolean"},{"name":"getHeight","signature":"getHeight As String"},{"name":"getNavBarHeight","signature":"getNavBarHeight As String"},{"name":"getTextColor","signature":"getTextColor As String"},{"name":"getTextColorIntensity","signature":"getTextColorIntensity As String"},{"name":"getWFull","signature":"getWFull As Boolean"},{"name":"getWScreen","signature":"getWScreen As Boolean"},{"name":"getWidth","signature":"getWidth As String"},{"name":"setClasses","signature":"setClasses(s As String)"},{"name":"setStyles","signature":"setStyles(s As String)"},{"name":"setAttributes","signature":"setAttributes(s As String)"},{"name":"getParentID","signature":"getParentID As String"}]}